# C++ name	package	module	Luce name	file:line	kind
(integration: Concepts::HashCompatible<String, StringView>, a String table looked up by a StringView.)	luce-browser-foundation	ak	StringStringViewTraits	-	addition
(integration: __format_value<Duration>, the formatter arg_custom takes.)	luce-browser-foundation	ak	format_value_duration	-	addition
(integration: __format_value<UnixDateTime>, the formatter arg_custom takes.)	luce-browser-foundation	ak	format_value_unix_date_time	-	addition
(integration: a StringView as text for a debug message; non-UTF-8 bytes print as a marker.)	luce-browser-foundation	ak	string_view_text	-	addition
(r02: A `Function<bool(char)>`-shaped predicate over bytes (StringView::split_view_if).)	luce-browser-foundation	ak	CharPredicate	-	addition
(r02: A `Function<bool(u32)>`-shaped predicate over code points (Utf8View::for_each_split_view's)	luce-browser-foundation	ak	CodePointPredicate	-	addition
(r02: A code_point_to_utf8 callback that writes the bytes into a four-byte array (the C++'s `Arr)	luce-browser-foundation	ak	CodePointAsUtf8	-	addition
(r02: A plain function (such as is_ascii_digit) used as a CharPredicate.)	luce-browser-foundation	ak	CharPredicateFunction	-	addition
(r02: A plain function (such as is_ascii_digit) used as a CodePointPredicate.)	luce-browser-foundation	ak	CodePointPredicateFunction	-	addition
(r02: A view of `bytes` (the value form of StringView(ReadonlyBytes)).)	luce-browser-foundation	ak	string_view_from_bytes	-	addition
(r02: The VariadicFormatParams of `formatted("{}", value)` for one double: `storage` holds the o)	luce-browser-foundation	ak	type_erased_format_params_for_f64	-	addition
(r02: The `Callback` of StringView::for_each_split_view: receives each part. The C++ callback ma)	luce-browser-foundation	ak	StringViewCallback	-	addition
(r02: The `Callback` of UnicodeUtils::code_point_to_utf16: receives one UTF-16 code unit.)	luce-browser-foundation	ak	Utf16CodeUnitCallback	-	addition
(r02: The `Callback` of UnicodeUtils::code_point_to_utf8: receives one UTF-8 byte.)	luce-browser-foundation	ak	Utf8ByteCallback	-	addition
(r02: The `Callback` of UnicodeUtils::try_code_point_to_utf16: receives one code unit, may fail.)	luce-browser-foundation	ak	FallibleUtf16CodeUnitCallback	-	addition
(r02: The `Callback` of UnicodeUtils::try_code_point_to_utf8: receives one UTF-8 byte, may fail.)	luce-browser-foundation	ak	FallibleUtf8ByteCallback	-	addition
(r02: The `Callback` of Utf16View::for_each_split_view: receives each part, answers whether to g)	luce-browser-foundation	ak	Utf16ViewCallback	-	addition
(r02: The `Callback` of Utf8View::for_each_split_view: receives each part.)	luce-browser-foundation	ak	Utf8ViewCallback	-	addition
(r02: The `Func` of StringBase::replace_with_new_short_string: fills a short string's bytes.)	luce-browser-foundation	ak	ShortStringBytesCallback	-	addition
(r02: The `Func` of StringBase::replace_with_new_string: fills the new string's bytes.)	luce-browser-foundation	ak	BytesCallback	-	addition
(r02: The `[&](Bytes buffer) { bytes.copy_to(buffer); }` lambda several String functions pass to)	luce-browser-foundation	ak	CopyBytesToBuffer	-	addition
(r02: The is_any_of lambda applied to a code unit (GenericLexer<char16_t> calls it with char16_t)	luce-browser-foundation	ak	CodePointIsAnyOf	-	addition
(r02: The lambda of AK::is_any_of: `values.contains(c)`.)	luce-browser-foundation	ak	IsAnyOf	-	addition
(r02: The lambda of AK::is_not_any_of: `!values.contains(c)`.)	luce-browser-foundation	ak	IsNotAnyOf	-	addition
(r02: The same lambda for replace_with_new_short_string.)	luce-browser-foundation	ak	CopyBytesToShortString	-	addition
(r02: The value of `StringBase {}`: the empty string.)	luce-browser-foundation	ak	string_base_new	-	addition
(r02: Whether the iterator is at the end (`it == view.end()` for an iterator of that view).)	luce-browser-foundation	ak	utf16_code_point_iterator_done	-	addition
(r02: `"text"_fly_string` from a `str` (DESIGN.md §2.6's generated FlyString constants are built)	luce-browser-foundation	ak	fly_string_from_str	-	addition
(r02: `"text"_string`: a String of a literal or any other `str` (DESIGN.md §2.6's `ak.string`; a)	luce-browser-foundation	ak	string_from_str	-	addition
(r02: `"text"sv` for UTF-16 views of ASCII: `Utf16View { "text"sv }`.)	luce-browser-foundation	ak	utf16_sv	-	addition
(r02: `"text"sv`: a view of a string literal or any other `str` (DESIGN.md §2.6).)	luce-browser-foundation	ak	sv	-	addition
(r02: `ByteString("text")`: a ByteString of a literal or any other `str`.)	luce-browser-foundation	ak	byte_string_from_str	-	addition
(r02: `ByteString(impl)`: the value form of the ByteStringImpl constructors.)	luce-browser-foundation	ak	byte_string_from_impl	-	addition
(r02: `ByteString(view)`: a ByteString of a view's bytes (the value form of the StringView const)	luce-browser-foundation	ak	byte_string_from_string_view	-	addition
(r02: `FlyString { string }`: the value form of the String constructor (and of `operator=(String)	luce-browser-foundation	ak	fly_string_from_string	-	addition
(r02: `FlyString {}`: the empty string.)	luce-browser-foundation	ak	fly_string_new	-	addition
(r02: `GenericLexer lexer(input)`: the value form of the constructor.)	luce-browser-foundation	ak	generic_lexer_new	-	addition
(r02: `IPv4Address(a, b, c, d)`: the value form of the octets constructor.)	luce-browser-foundation	ak	i_pv4_address_from_octets	-	addition
(r02: `LexicalPath { path }`: the value form of the constructor.)	luce-browser-foundation	ak	lexical_path_new	-	addition
(r02: `NumericLimits<size_t>::max()`: an unknown code point count.)	luce-browser-foundation	ak	usize_max_code_points	-	addition
(r02: `ReadonlySpan<u32> { m_code_points, m_length }`: the code points as a span.)	luce-browser-foundation	ak	utf32_view_span	-	addition
(r02: `String {}`: the empty string (a zero-initialized String is the invalid sentinel instead).)	luce-browser-foundation	ak	string_new	-	addition
(r02: `String::operator==(String const&) = default`: compares the StringBases.)	luce-browser-foundation	ak	string_equals	-	addition
(r02: `StringBuilder builder(initial_capacity);`)	luce-browser-foundation	ak	string_builder_new_usize	-	addition
(r02: `StringBuilder builder(mode);`)	luce-browser-foundation	ak	string_builder_new_mode	-	addition
(r02: `StringBuilder builder(mode, initial_capacity_in_code_units);`)	luce-browser-foundation	ak	string_builder_new_mode_usize	-	addition
(r02: `StringBuilder builder;`: a UTF-8 builder.)	luce-browser-foundation	ak	string_builder_new	-	addition
(r02: `Traits<ByteString>::hash`: the impl's hash.)	luce-browser-foundation	ak	byte_string_traits_hash	-	addition
(r02: `Traits<String>::hash` (AK/String.cpp): the string's hash.)	luce-browser-foundation	ak	string_hash_value	-	addition
(r02: `Utf16FlyString { string }`: the value form of the Utf16String constructor.)	luce-browser-foundation	ak	utf16_fly_string_from_utf16_string	-	addition
(r02: `Utf16FlyString {}`: the empty string.)	luce-browser-foundation	ak	utf16_fly_string_new	-	addition
(r02: `Utf16GenericLexer lexer(input)`: the value form of the constructor.)	luce-browser-foundation	ak	utf16_generic_lexer_new	-	addition
(r02: `Utf16String {}`: the empty string.)	luce-browser-foundation	ak	utf16_string_new	-	addition
(r02: `Utf16StringBase {}`: the empty string.)	luce-browser-foundation	ak	utf16_string_base_new	-	addition
(r02: `Utf16View { data, length }` over ASCII bytes (the private constructor; also the ASCII Str)	luce-browser-foundation	ak	utf16_view_from_ascii	-	addition
(r02: `Utf16View { data, length }` over UTF-16 code units.)	luce-browser-foundation	ak	utf16_view_from_utf16	-	addition
(r02: `Utf16View {}`: the empty view.)	luce-browser-foundation	ak	utf16_view_new	-	addition
(r02: `Utf32View { code_points }`: the value form of the span constructor.)	luce-browser-foundation	ak	utf32_view_from_span	-	addition
(r02: `Utf8CodePointIterator::operator== = default`.)	luce-browser-foundation	ak	utf8_code_point_iterator_eq	-	addition
(r02: `__builtin_memcmp(a, b, min(a.size(), b.size()))`: compares the common prefix of two byte )	luce-browser-foundation	ak	compare_bytes	-	addition
(r02: `builder.append("text"sv)`: appends a string literal or any other `str`.)	luce-browser-foundation	ak	string_builder_append	-	addition
(r02: `bytes.copy_to(buffer)`: copies `bytes` to the front of `buffer`, which must be large enou)	luce-browser-foundation	ak	copy_bytes	-	addition
(r02: `u"text"_utf16_fly_string` from a `str`.)	luce-browser-foundation	ak	utf16_fly_string_from_str	-	addition
(r02: `u"text"_utf16` from a `str`: a Utf16String of a literal or any other valid UTF-8 text.)	luce-browser-foundation	ak	utf16_string_from_str	-	addition
(r02: `view == "text"`: compares with a string literal (the C++'s `sv == "text"sv`).)	luce-browser-foundation	ak	string_view_equals	-	addition
(r02: simdutf::base64_length_from_binary.)	luce-browser-foundation	ak	simdutf_base64_length_from_binary	-	addition
(r02: simdutf::base64_options (the values AK uses; base64_reverse_padding is 2).)	luce-browser-foundation	ak	SimdutfBase64Options	-	addition
(r02: simdutf::base64_to_binary_safe (base64_to_binary_safe_impl): decodes `input` into the firs)	luce-browser-foundation	ak	simdutf_base64_to_binary_safe	-	addition
(r02: simdutf::binary_to_base64 (scalar::base64::tail_encode_base64): the characters written.)	luce-browser-foundation	ak	simdutf_binary_to_base64	-	addition
(r02: simdutf::convert_utf16_to_utf8: the UTF-8 bytes written for host-endian UTF-16, or 0 when )	luce-browser-foundation	ak	simdutf_convert_utf16_to_utf8	-	addition
(r02: simdutf::convert_utf16_to_utf8_with_errors (scalar utf16_to_utf8::convert_with_errors): wr)	luce-browser-foundation	ak	simdutf_convert_utf16_to_utf8_with_errors	-	addition
(r02: simdutf::convert_utf16le_to_utf8 / convert_utf16be_to_utf8 over raw bytes: the UTF-8 bytes)	luce-browser-foundation	ak	simdutf_convert_utf16_bytes_to_utf8	-	addition
(r02: simdutf::convert_utf32_to_utf16: the host-endian code units written, or 0 for an invalid v)	luce-browser-foundation	ak	simdutf_convert_utf32_to_utf16	-	addition
(r02: simdutf::convert_utf32_to_utf8: the UTF-8 bytes written, or 0 for an invalid value.)	luce-browser-foundation	ak	simdutf_convert_utf32_to_utf8	-	addition
(r02: simdutf::convert_utf8_to_utf16: transcodes UTF-8 into host-endian UTF-16 and answers the c)	luce-browser-foundation	ak	simdutf_convert_utf8_to_utf16	-	addition
(r02: simdutf::count_utf16: the number of code points of valid UTF-16.)	luce-browser-foundation	ak	simdutf_count_utf16	-	addition
(r02: simdutf::count_utf8: the number of code points of valid UTF-8 (bytes that are not continua)	luce-browser-foundation	ak	simdutf_count_utf8	-	addition
(r02: simdutf::error_code.)	luce-browser-foundation	ak	SimdutfErrorCode	-	addition
(r02: simdutf::find over UTF-16 code units: the index of the first `needle`, or none.)	luce-browser-foundation	ak	simdutf_find_u16	-	addition
(r02: simdutf::find over bytes: the index of the first `needle`, or none.)	luce-browser-foundation	ak	simdutf_find	-	addition
(r02: simdutf::full_result: an error, the input and output positions, and whether the error was )	luce-browser-foundation	ak	SimdutfFullResult	-	addition
(r02: simdutf::last_chunk_handling_options.)	luce-browser-foundation	ak	SimdutfLastChunkHandling	-	addition
(r02: simdutf::maximal_binary_length_from_base64: an upper bound of the decoded length. We follo)	luce-browser-foundation	ak	simdutf_maximal_binary_length_from_base64	-	addition
(r02: simdutf::result: an error code and the input position it concerns (or the count processed))	luce-browser-foundation	ak	SimdutfResult	-	addition
(r02: simdutf::to_well_formed_utf16 (scalar utf16::to_well_formed_utf16): copies host-endian UTF)	luce-browser-foundation	ak	simdutf_to_well_formed_utf16	-	addition
(r02: simdutf::to_well_formed_utf16le / to_well_formed_utf16be over raw bytes: the well-formed c)	luce-browser-foundation	ak	simdutf_to_well_formed_utf16_bytes	-	addition
(r02: simdutf::utf16_length_from_utf32.)	luce-browser-foundation	ak	simdutf_utf16_length_from_utf32	-	addition
(r02: simdutf::utf16_length_from_utf8: the UTF-16 code units valid UTF-8 needs.)	luce-browser-foundation	ak	simdutf_utf16_length_from_utf8	-	addition
(r02: simdutf::utf8_length_from_utf16: the UTF-8 bytes valid UTF-16 needs.)	luce-browser-foundation	ak	simdutf_utf8_length_from_utf16	-	addition
(r02: simdutf::utf8_length_from_utf16le / utf8_length_from_utf16be over raw bytes.)	luce-browser-foundation	ak	simdutf_utf8_length_from_utf16_bytes	-	addition
(r02: simdutf::validate_ascii: whether every byte is below 0x80.)	luce-browser-foundation	ak	simdutf_validate_ascii	-	addition
(r02: simdutf::validate_utf16: whether host-endian UTF-16 has no lonely surrogate.)	luce-browser-foundation	ak	simdutf_validate_utf16	-	addition
(r02: simdutf::validate_utf16_as_ascii: whether every code unit is below 0x80.)	luce-browser-foundation	ak	simdutf_validate_utf16_as_ascii	-	addition
(r02: simdutf::validate_utf16_with_errors (scalar utf16::validate_with_errors).)	luce-browser-foundation	ak	simdutf_validate_utf16_with_errors	-	addition
(r02: simdutf::validate_utf16le / validate_utf16be over raw bytes (a trailing odd byte is ignore)	luce-browser-foundation	ak	simdutf_validate_utf16_bytes	-	addition
(r02: simdutf::validate_utf32: whether every value is a Unicode scalar value.)	luce-browser-foundation	ak	simdutf_validate_utf32	-	addition
(r02: simdutf::validate_utf8.)	luce-browser-foundation	ak	simdutf_validate_utf8	-	addition
(r02: simdutf::validate_utf8_with_errors (scalar utf8::validate_with_errors): the first error an)	luce-browser-foundation	ak	simdutf_validate_utf8_with_errors	-	addition
AK::(anonymous)::convert_unsigned_to_string	luce-browser-foundation	ak	convert_unsigned_to_string	AK/Format.cpp:65	stub
AK::(anonymous)::now_time_from_clock	luce-browser-foundation	ak	now_time_from_clock	AK/Time.cpp:427	stub
AK::(anonymous)::use_next_index	luce-browser-foundation	ak	use_next_index	AK/Format.cpp:61	variable
AK::(anonymous)::vformat_impl	luce-browser-foundation	ak	vformat_impl	AK/Format.cpp:98	stub
AK::ASCIICaseInsensitiveFlyStringTraits	luce-browser-foundation	ak	AsciiCaseInsensitiveFlyStringTraits	AK/FlyString.h:138	struct
AK::ASCIICaseInsensitiveFlyStringTraits::equals	luce-browser-foundation	ak	ascii_case_insensitive_fly_string_traits_equals	AK/FlyString.h:140	ported
AK::ASCIICaseInsensitiveFlyStringTraits::hash	luce-browser-foundation	ak	ascii_case_insensitive_fly_string_traits_hash	AK/FlyString.h:139	ported
AK::ASCIICaseInsensitiveStringTraits	luce-browser-foundation	ak	AsciiCaseInsensitiveStringTraits	AK/String.h:272	struct
AK::ASCIICaseInsensitiveStringTraits::equals	luce-browser-foundation	ak	ascii_case_insensitive_string_traits_equals	AK/String.h:274	ported
AK::ASCIICaseInsensitiveStringTraits::hash	luce-browser-foundation	ak	ascii_case_insensitive_string_traits_hash	AK/String.h:273	ported
AK::AllocatingMemoryStream	luce-browser-foundation	ak	AllocatingMemoryStream	AK/MemoryStream.h:93	struct
AK::AllocatingMemoryStream::CHUNK_SIZE	luce-browser-foundation	ak	allocating_memory_stream_chunk_size	AK/MemoryStream.h:95	variable
AK::AllocatingMemoryStream::Chunk	luce-browser-foundation	ak	AllocatingMemoryStreamChunk	AK/MemoryStream.h:115	opaque
AK::AllocatingMemoryStream::Chunk::Chunk	luce-browser-foundation	ak	allocating_memory_stream_chunk_construct	AK/MemoryStream.h:117	construct
AK::AllocatingMemoryStream::append_new_chunk	luce-browser-foundation	ak	allocating_memory_stream_append_new_chunk	AK/MemoryStream.cpp:141	stub
AK::AllocatingMemoryStream::close	luce-browser-foundation	ak	allocating_memory_stream_close_impl	AK/MemoryStream.cpp:137	impl
AK::AllocatingMemoryStream::discard	luce-browser-foundation	ak	allocating_memory_stream_discard_impl	AK/MemoryStream.cpp:239	impl
AK::AllocatingMemoryStream::is_eof	luce-browser-foundation	ak	allocating_memory_stream_is_eof_impl	AK/MemoryStream.cpp:127	impl
AK::AllocatingMemoryStream::is_open	luce-browser-foundation	ak	allocating_memory_stream_is_open_impl	AK/MemoryStream.cpp:132	impl
AK::AllocatingMemoryStream::offset_of	luce-browser-foundation	ak	allocating_memory_stream_offset_of	AK/MemoryStream.cpp:262	stub
AK::AllocatingMemoryStream::peek_some	luce-browser-foundation	ak	allocating_memory_stream_peek_some	AK/MemoryStream.cpp:179	stub
AK::AllocatingMemoryStream::peek_some_contiguous	luce-browser-foundation	ak	allocating_memory_stream_peek_some_contiguous	AK/MemoryStream.cpp:171	stub
AK::AllocatingMemoryStream::pop_head_chunk	luce-browser-foundation	ak	allocating_memory_stream_pop_head_chunk	AK/MemoryStream.cpp:158	stub
AK::AllocatingMemoryStream::read_some	luce-browser-foundation	ak	allocating_memory_stream_read_some_impl	AK/MemoryStream.cpp:200	impl
AK::AllocatingMemoryStream::used_buffer_size	luce-browser-foundation	ak	allocating_memory_stream_used_buffer_size	AK/MemoryStream.cpp:122	stub
AK::AllocatingMemoryStream::write_some	luce-browser-foundation	ak	allocating_memory_stream_write_some_impl	AK/MemoryStream.cpp:220	impl
AK::AllowDebugOnlyFormatters	luce-browser-foundation	ak	AllowDebugOnlyFormatters	AK/Format.h:29	enum
AK::ArmedScopeGuard	luce-browser-foundation	ak	ArmedScopeGuard	AK/ScopeGuard.h:31	generic struct
AK::ArmedScopeGuard::ArmedScopeGuard<Callback>	luce-browser-foundation	ak	armed_scope_guard_construct	AK/ScopeGuard.h:33	construct
AK::ArmedScopeGuard::disarm	luce-browser-foundation	ak	armed_scope_guard_disarm	AK/ScopeGuard.h:44	stub
AK::AtomicRefCounted	luce-browser-foundation	ak	AtomicRefCounted	AK/AtomicRefCounted.h:67	generic struct
AK::AtomicRefCounted::unref	luce-browser-foundation	ak	atomic_ref_counted_unref	AK/AtomicRefCounted.h:69	stub
AK::AtomicRefCountedBase	luce-browser-foundation	ak	AtomicRefCountedBase	AK/AtomicRefCounted.h:17	struct
AK::AtomicRefCountedBase [default member initializers]	luce-browser-foundation	ak	atomic_ref_counted_base_init_fields	AK/AtomicRefCounted.h:17	init fields
AK::AtomicRefCountedBase::deref_base	luce-browser-foundation	ak	atomic_ref_counted_base_deref_base	AK/AtomicRefCounted.h:56	stub
AK::AtomicRefCountedBase::ref	luce-browser-foundation	ak	atomic_ref_counted_base_ref	AK/AtomicRefCounted.h:25	stub
AK::AtomicRefCountedBase::ref_count	luce-browser-foundation	ak	atomic_ref_counted_base_ref_count	AK/AtomicRefCounted.h:44	stub
AK::AtomicRefCountedBase::try_ref	luce-browser-foundation	ak	atomic_ref_counted_base_try_ref	AK/AtomicRefCounted.h:32	stub
AK::BaseRedBlackTree	luce-browser-foundation	ak	BaseRedBlackTree	AK/RedBlackTree.h:17	generic struct
AK::BaseRedBlackTree::Node	luce-browser-foundation	ak	BaseRedBlackTreeNode	AK/RedBlackTree.h:29	opaque
AK::BaseRedBlackTree::Node::Node	luce-browser-foundation	ak	base_red_black_tree_node_construct	AK/RedBlackTree.h:42	construct
AK::BaseRedBlackTree::Node::Node	luce-browser-foundation	ak	base_red_black_tree_node_construct_opaque	AK/RedBlackTree.h:38	construct
AK::BaseRedBlackTree::find	luce-browser-foundation	ak	base_red_black_tree_find	AK/RedBlackTree.h:106	stub
AK::BaseRedBlackTree::find_largest_not_above	luce-browser-foundation	ak	base_red_black_tree_find_largest_not_above	AK/RedBlackTree.h:118	stub
AK::BaseRedBlackTree::find_smallest_not_below	luce-browser-foundation	ak	base_red_black_tree_find_smallest_not_below	AK/RedBlackTree.h:134	stub
AK::BaseRedBlackTree::insert	luce-browser-foundation	ak	base_red_black_tree_insert	AK/RedBlackTree.h:151	stub
AK::BaseRedBlackTree::insert_fixups	luce-browser-foundation	ak	base_red_black_tree_insert_fixups	AK/RedBlackTree.h:184	stub
AK::BaseRedBlackTree::is_empty	luce-browser-foundation	ak	base_red_black_tree_is_empty	AK/RedBlackTree.h:23	stub
AK::BaseRedBlackTree::predecessor	luce-browser-foundation	ak	base_red_black_tree_predecessor	AK/RedBlackTree.h:381	stub
AK::BaseRedBlackTree::remove	luce-browser-foundation	ak	base_red_black_tree_remove	AK/RedBlackTree.h:226	stub
AK::BaseRedBlackTree::remove_fixups	luce-browser-foundation	ak	base_red_black_tree_remove_fixups	AK/RedBlackTree.h:307	stub
AK::BaseRedBlackTree::rotate_left	luce-browser-foundation	ak	base_red_black_tree_rotate_left	AK/RedBlackTree.h:52	stub
AK::BaseRedBlackTree::rotate_right	luce-browser-foundation	ak	base_red_black_tree_rotate_right	AK/RedBlackTree.h:79	stub
AK::BaseRedBlackTree::size	luce-browser-foundation	ak	base_red_black_tree_size	AK/RedBlackTree.h:22	stub
AK::BaseRedBlackTree::successor	luce-browser-foundation	ak	base_red_black_tree_successor	AK/RedBlackTree.h:364	stub
AK::BigEndian	luce-browser-foundation	ak	BigEndian	AK/Endian.h:80	generic struct
AK::BigEndian::BigEndian<T>	luce-browser-foundation	ak	big_endian_construct	AK/Endian.h:84	construct
AK::BigEndian::operator type-parameter-0-0	luce-browser-foundation	ak	big_endian_to_t	AK/Endian.h:89	stub
AK::BinaryHeap	luce-browser-foundation	ak	BinaryHeap	AK/BinaryHeap.h:120	generic struct
AK::BinaryHeap::BinaryHeap<K, V, inline_capacity>	luce-browser-foundation	ak	binary_heap_construct	AK/BinaryHeap.h:126	construct
AK::BinaryHeap::Node	luce-browser-foundation	ak	Node	AK/BinaryHeap.h:164	opaque
AK::BinaryHeap::clear	luce-browser-foundation	ak	binary_heap_clear	AK/BinaryHeap.h:158	stub
AK::BinaryHeap::insert	luce-browser-foundation	ak	binary_heap_insert	AK/BinaryHeap.h:138	stub
AK::BinaryHeap::is_empty	luce-browser-foundation	ak	binary_heap_is_empty	AK/BinaryHeap.h:136	stub
AK::BinaryHeap::peek_min	luce-browser-foundation	ak	binary_heap_peek_min	AK/BinaryHeap.h:148	stub
AK::BinaryHeap::peek_min_key	luce-browser-foundation	ak	binary_heap_peek_min_key	AK/BinaryHeap.h:153	stub
AK::BinaryHeap::pop_min	luce-browser-foundation	ak	binary_heap_pop_min	AK/BinaryHeap.h:143	stub
AK::BinaryHeap::size	luce-browser-foundation	ak	binary_heap_size	AK/BinaryHeap.h:135	stub
AK::Bitmap	luce-browser-foundation	ak	Bitmap	AK/Bitmap.h:19	struct
AK::Bitmap [default member initializers]	luce-browser-foundation	ak	bitmap_init_fields	AK/Bitmap.h:19	init fields
AK::Bitmap::Bitmap	luce-browser-foundation	ak	bitmap_construct	AK/Bitmap.h:38	construct
AK::Bitmap::create	luce-browser-foundation	ak	bitmap_create	AK/Bitmap.h:23	stub
AK::Bitmap::data	luce-browser-foundation	ak	bitmap_data	AK/Bitmap.h:80	stub
AK::Bitmap::fill	luce-browser-foundation	ak	bitmap_fill	AK/Bitmap.h:176	stub
AK::Bitmap::grow	luce-browser-foundation	ak	bitmap_grow	AK/Bitmap.h:82	stub
AK::Bitmap::set	luce-browser-foundation	ak	bitmap_set	AK/Bitmap.h:70	stub
AK::Bitmap::set_range	luce-browser-foundation	ak	bitmap_set_range	AK/Bitmap.h:160	stub
AK::Bitmap::set_range_and_verify_that_all_bits_flip	luce-browser-foundation	ak	bitmap_set_range_and_verify_that_all_bits_flip	AK/Bitmap.h:168	stub
AK::Bitmap::view	luce-browser-foundation	ak	bitmap_view	AK/Bitmap.h:68	stub
AK::BitmapView	luce-browser-foundation	ak	BitmapView	AK/BitmapView.h:20	struct
AK::BitmapView::BitmapView	luce-browser-foundation	ak	bitmap_view_construct	AK/BitmapView.h:24	construct
AK::BitmapView::count_in_range	luce-browser-foundation	ak	bitmap_view_count_in_range	AK/BitmapView.h:43	stub
AK::BitmapView::count_slow	luce-browser-foundation	ak	bitmap_view_count_slow	AK/BitmapView.h:38	stub
AK::BitmapView::data	luce-browser-foundation	ak	bitmap_view_data	AK/BitmapView.h:91	stub
AK::BitmapView::find_best_fit	luce-browser-foundation	ak	bitmap_view_find_best_fit	AK/BitmapView.h:334	stub
AK::BitmapView::find_first_fit	luce-browser-foundation	ak	bitmap_view_find_first_fit	AK/BitmapView.h:324	stub
AK::BitmapView::find_first_set	luce-browser-foundation	ak	bitmap_view_find_first_set	AK/BitmapView.h:190	stub
AK::BitmapView::find_first_unset	luce-browser-foundation	ak	bitmap_view_find_first_unset	AK/BitmapView.h:191	stub
AK::BitmapView::find_longest_range_of_unset_bits	luce-browser-foundation	ak	bitmap_view_find_longest_range_of_unset_bits	AK/BitmapView.h:298	stub
AK::BitmapView::find_next_range_of_unset_bits	luce-browser-foundation	ak	bitmap_view_find_next_range_of_unset_bits	AK/BitmapView.h:202	stub
AK::BitmapView::find_one_anywhere_set	luce-browser-foundation	ak	bitmap_view_find_one_anywhere_set	AK/BitmapView.h:161	stub
AK::BitmapView::find_one_anywhere_unset	luce-browser-foundation	ak	bitmap_view_find_one_anywhere_unset	AK/BitmapView.h:166	stub
AK::BitmapView::get	luce-browser-foundation	ak	bitmap_view_get	AK/BitmapView.h:32	stub
AK::BitmapView::is_null	luce-browser-foundation	ak	bitmap_view_is_null	AK/BitmapView.h:89	stub
AK::BitmapView::max_size	luce-browser-foundation	ak	bitmap_view_max_size	AK/BitmapView.h:363	variable
AK::BitmapView::operator==	luce-browser-foundation	ak	bitmap_view_eq	AK/BitmapView.h:365	stub
AK::BitmapView::size	luce-browser-foundation	ak	bitmap_view_size	AK/BitmapView.h:30	stub
AK::BitmapView::size_in_bytes	luce-browser-foundation	ak	bitmap_view_size_in_bytes	AK/BitmapView.h:31	stub
AK::BucketState	luce-browser-foundation	ak	BucketState	AK/HashTable.h:37	enum
AK::BufferedHelper	luce-browser-foundation	ak	BufferedHelper	AK/BufferedStream.h:22	generic struct
AK::BufferedHelper::BufferedHelper<T>	luce-browser-foundation	ak	buffered_helper_buffered_helper_t	AK/BufferedStream.h:28	stub
AK::BufferedHelper::buffer_size	luce-browser-foundation	ak	buffered_helper_buffer_size	AK/BufferedStream.h:252	stub
AK::BufferedHelper::buffered_data_size	luce-browser-foundation	ak	buffered_helper_buffered_data_size	AK/BufferedStream.h:257	stub
AK::BufferedHelper::can_read_up_to_delimiter	luce-browser-foundation	ak	buffered_helper_can_read_up_to_delimiter	AK/BufferedStream.h:226	stub
AK::BufferedHelper::clear_buffer	luce-browser-foundation	ak	buffered_helper_clear_buffer	AK/BufferedStream.h:262	stub
AK::BufferedHelper::discard_bytes	luce-browser-foundation	ak	buffered_helper_discard_bytes	AK/BufferedStream.h:267	stub
AK::BufferedHelper::is_eof	luce-browser-foundation	ak	buffered_helper_is_eof	AK/BufferedStream.h:243	stub
AK::BufferedHelper::is_eof_with_data_left_over	luce-browser-foundation	ak	buffered_helper_is_eof_with_data_left_over	AK/BufferedStream.h:238	stub
AK::BufferedHelper::populate_read_buffer	luce-browser-foundation	ak	buffered_helper_populate_read_buffer	AK/BufferedStream.h:273	stub
AK::BufferedHelper::read	luce-browser-foundation	ak	buffered_helper_read	AK/BufferedStream.h:50	stub
AK::BufferedHelper::read_line	luce-browser-foundation	ak	buffered_helper_read_line	AK/BufferedStream.h:68	stub
AK::BufferedHelper::read_line_with_resize	luce-browser-foundation	ak	buffered_helper_read_line_with_resize	AK/BufferedStream.h:118	stub
AK::BufferedHelper::read_until	luce-browser-foundation	ak	buffered_helper_read_until	AK/BufferedStream.h:73	stub
AK::BufferedHelper::read_until_with_resize	luce-browser-foundation	ak	buffered_helper_read_until_with_resize	AK/BufferedStream.h:123	stub
AK::BufferedHelper::stream	luce-browser-foundation	ak	buffered_helper_stream	AK/BufferedStream.h:47	stub
AK::BufferedHelper::stream	luce-browser-foundation	ak	buffered_helper_stream_const	AK/BufferedStream.h:48	stub
AK::ByteString	luce-browser-foundation	ak	ByteString	AK/ByteString.h:39	struct
AK::ByteString::ByteString	luce-browser-foundation	ak	byte_string_construct	AK/ByteString.h:43	construct
AK::ByteString::ByteString	luce-browser-foundation	ak	byte_string_construct_byte_string_impl	AK/ByteString.h:79	construct
AK::ByteString::ByteString	luce-browser-foundation	ak	byte_string_construct_byte_string_impl_2	AK/ByteString.h:84	construct
AK::ByteString::ByteString	luce-browser-foundation	ak	byte_string_construct_fly_string	AK/ByteString.cpp:240	construct
AK::ByteString::ByteString	luce-browser-foundation	ak	byte_string_construct_span_u8	AK/ByteString.h:74	construct
AK::ByteString::ByteString	luce-browser-foundation	ak	byte_string_construct_string_view	AK/ByteString.h:48	construct
AK::ByteString::ByteString	luce-browser-foundation	ak	byte_string_construct_u8_should_chomp	AK/ByteString.h:64	construct
AK::ByteString::ByteString	luce-browser-foundation	ak	byte_string_construct_u8_usize	AK/ByteString.h:69	construct
AK::ByteString::begin	luce-browser-foundation	ak	byte_string_begin	AK/ByteString.h:212	ported
AK::ByteString::byte_at	luce-browser-foundation	ak	byte_string_byte_at	AK/ByteString.h:205	ported
AK::ByteString::bytes	luce-browser-foundation	ak	byte_string_bytes	AK/ByteString.h:197	ported
AK::ByteString::characters	luce-browser-foundation	ak	byte_string_characters	AK/ByteString.h:193	ported
AK::ByteString::contains	luce-browser-foundation	ak	byte_string_contains_string_view	AK/ByteString.cpp:198	ported
AK::ByteString::contains	luce-browser-foundation	ak	byte_string_contains_u8	AK/ByteString.cpp:203	ported
AK::ByteString::copy	luce-browser-foundation	ak	byte_string_copy	AK/ByteString.h:270	ported
AK::ByteString::copy_characters_to_buffer	luce-browser-foundation	ak	byte_string_copy_characters_to_buffer	AK/ByteString.cpp:39	ported
AK::ByteString::count	luce-browser-foundation	ak	byte_string_count	AK/ByteString.h:290	ported
AK::ByteString::empty	luce-browser-foundation	ak	byte_string_empty	AK/ByteString.h:234	ported
AK::ByteString::end	luce-browser-foundation	ak	byte_string_end	AK/ByteString.h:213	ported
AK::ByteString::ends_with	luce-browser-foundation	ak	byte_string_ends_with_string_view	AK/ByteString.cpp:155	ported
AK::ByteString::ends_with	luce-browser-foundation	ak	byte_string_ends_with_u8	AK/ByteString.cpp:160	ported
AK::ByteString::equals_ignoring_ascii_case	luce-browser-foundation	ak	byte_string_equals_ignoring_ascii_case	AK/ByteString.cpp:208	ported
AK::ByteString::find	luce-browser-foundation	ak	byte_string_find_string_view	AK/ByteString.h:171	ported
AK::ByteString::find	luce-browser-foundation	ak	byte_string_find_u8	AK/ByteString.h:170	ported
AK::ByteString::find_all	luce-browser-foundation	ak	byte_string_find_all	AK/ByteString.cpp:293	ported
AK::ByteString::find_any_of	luce-browser-foundation	ak	byte_string_find_any_of	AK/ByteString.h:176	ported
AK::ByteString::find_last	luce-browser-foundation	ak	byte_string_find_last_string_view	AK/ByteString.h:173	ported
AK::ByteString::find_last	luce-browser-foundation	ak	byte_string_find_last_u8	AK/ByteString.h:172	ported
AK::ByteString::find_last_split_view	luce-browser-foundation	ak	byte_string_find_last_split_view	AK/ByteString.h:178	ported
AK::ByteString::hash	luce-browser-foundation	ak	byte_string_hash	AK/ByteString.h:262	ported
AK::ByteString::impl	luce-browser-foundation	ak	byte_string_impl	AK/ByteString.h:239	ported
AK::ByteString::is_empty	luce-browser-foundation	ak	byte_string_is_empty	AK/ByteString.h:190	ported
AK::ByteString::is_whitespace	luce-browser-foundation	ak	byte_string_is_whitespace	AK/ByteString.h:138	ported
AK::ByteString::join	luce-browser-foundation	ak	byte_string_join	AK/ByteString.h:112	dropped
AK::ByteString::join over StringViews with the default "{}"	luce-browser-foundation	ak	byte_string_join_string_view	AK/ByteString.h:112	ported
AK::ByteString::length	luce-browser-foundation	ak	byte_string_length	AK/ByteString.h:191	ported
AK::ByteString::matches	luce-browser-foundation	ak	byte_string_matches_case_sensitivity	AK/ByteString.cpp:193	ported
AK::ByteString::matches	luce-browser-foundation	ak	byte_string_matches_vector	AK/ByteString.cpp:188	ported
AK::ByteString::number	luce-browser-foundation	ak	byte_string_number	AK/ByteString.h:123	dropped
AK::ByteString::number for floating-point T: formatted	luce-browser-foundation	ak	byte_string_number_f64	AK/ByteString.h:123	ported
AK::ByteString::number for signed integral T	luce-browser-foundation	ak	byte_string_number_i64	AK/ByteString.h:123	ported
AK::ByteString::number for unsigned integral T	luce-browser-foundation	ak	byte_string_number_u64	AK/ByteString.h:123	ported
AK::ByteString::operator<	luce-browser-foundation	ak	byte_string_lt	AK/ByteString.cpp:29	ported
AK::ByteString::operator<=	luce-browser-foundation	ak	byte_string_le_byte_string	AK/ByteString.h:229	ported
AK::ByteString::operator<=	luce-browser-foundation	ak	byte_string_le_u8	AK/ByteString.h:230	ported
AK::ByteString::operator==	luce-browser-foundation	ak	byte_string_eq_byte_string	AK/ByteString.cpp:19	ported
AK::ByteString::operator==	luce-browser-foundation	ak	byte_string_eq_string_view	AK/ByteString.cpp:24	ported
AK::ByteString::operator==	luce-browser-foundation	ak	byte_string_eq_u8	AK/ByteString.cpp:278	ported
AK::ByteString::operator>	luce-browser-foundation	ak	byte_string_gt	AK/ByteString.cpp:34	ported
AK::ByteString::operator>=	luce-browser-foundation	ak	byte_string_ge_byte_string	AK/ByteString.h:225	ported
AK::ByteString::operator>=	luce-browser-foundation	ak	byte_string_ge_u8	AK/ByteString.h:226	ported
AK::ByteString::operator[]	luce-browser-foundation	ak	byte_string_at	AK/ByteString.h:200	ported
AK::ByteString::repeated	luce-browser-foundation	ak	byte_string_repeated_string_view	AK/ByteString.cpp:177	ported
AK::ByteString::repeated	luce-browser-foundation	ak	byte_string_repeated_u8	AK/ByteString.cpp:167	ported
AK::ByteString::replace	luce-browser-foundation	ak	byte_string_replace	AK/ByteString.h:289	ported
AK::ByteString::reverse	luce-browser-foundation	ak	byte_string_reverse	AK/ByteString.cpp:213	ported
AK::ByteString::split	luce-browser-foundation	ak	byte_string_split	AK/ByteString.cpp:79	ported
AK::ByteString::split_limit	luce-browser-foundation	ak	byte_string_split_limit	AK/ByteString.cpp:84	ported
AK::ByteString::split_view	luce-browser-foundation	ak	byte_string_split_view_function1	AK/ByteString.cpp:108	dropped
AK::ByteString::split_view	luce-browser-foundation	ak	byte_string_split_view_if	AK/ByteString.cpp:108	ported
AK::ByteString::split_view	luce-browser-foundation	ak	byte_string_split_view_u8	AK/ByteString.cpp:132	ported
AK::ByteString::starts_with	luce-browser-foundation	ak	byte_string_starts_with_string_view	AK/ByteString.cpp:143	ported
AK::ByteString::starts_with	luce-browser-foundation	ak	byte_string_starts_with_u8	AK/ByteString.cpp:148	ported
AK::ByteString::substring	luce-browser-foundation	ak	byte_string_substring	AK/ByteString.cpp:60	ported
AK::ByteString::substring	luce-browser-foundation	ak	byte_string_substring_usize	AK/ByteString.cpp:51	ported
AK::ByteString::substring_view	luce-browser-foundation	ak	byte_string_substring_view	AK/ByteString.cpp:73	ported
AK::ByteString::substring_view	luce-browser-foundation	ak	byte_string_substring_view_usize	AK/ByteString.cpp:66	ported
AK::ByteString::to_byte_buffer	luce-browser-foundation	ak	byte_string_to_byte_buffer	AK/ByteString.cpp:137	ported
AK::ByteString::to_lowercase	luce-browser-foundation	ak	byte_string_to_lowercase	AK/ByteString.cpp:245	ported
AK::ByteString::to_number	luce-browser-foundation	ak	byte_string_to_number	AK/ByteString.h:129	dropped
AK::ByteString::to_number<f32>	luce-browser-foundation	ak	byte_string_to_number_f32	AK/ByteString.h:129	ported
AK::ByteString::to_number<f64>	luce-browser-foundation	ak	byte_string_to_number_f64	AK/ByteString.h:129	ported
AK::ByteString::to_number<i16>	luce-browser-foundation	ak	byte_string_to_number_i16	AK/ByteString.h:129	ported
AK::ByteString::to_number<i32>	luce-browser-foundation	ak	byte_string_to_number_i32	AK/ByteString.h:129	ported
AK::ByteString::to_number<i64>	luce-browser-foundation	ak	byte_string_to_number_i64	AK/ByteString.h:129	ported
AK::ByteString::to_number<i8>	luce-browser-foundation	ak	byte_string_to_number_i8	AK/ByteString.h:129	ported
AK::ByteString::to_number<u16>	luce-browser-foundation	ak	byte_string_to_number_u16	AK/ByteString.h:129	ported
AK::ByteString::to_number<u32>	luce-browser-foundation	ak	byte_string_to_number_u32	AK/ByteString.h:129	ported
AK::ByteString::to_number<u64>	luce-browser-foundation	ak	byte_string_to_number_u64	AK/ByteString.h:129	ported
AK::ByteString::to_number<u8>	luce-browser-foundation	ak	byte_string_to_number_u8	AK/ByteString.h:129	ported
AK::ByteString::to_snakecase	luce-browser-foundation	ak	byte_string_to_snakecase	AK/ByteString.cpp:273	ported
AK::ByteString::to_uppercase	luce-browser-foundation	ak	byte_string_to_uppercase	AK/ByteString.cpp:259	ported
AK::ByteString::trim	luce-browser-foundation	ak	byte_string_trim	AK/ByteString.h:140	ported
AK::ByteString::trim_whitespace	luce-browser-foundation	ak	byte_string_trim_whitespace	AK/ByteString.h:148	ported
AK::ByteString::vformatted	luce-browser-foundation	ak	byte_string_vformatted	AK/ByteString.cpp:286	ported
AK::ByteString::view	luce-browser-foundation	ak	byte_string_view	AK/ByteString.h:286	ported
AK::ByteStringImpl	luce-browser-foundation	ak	ByteStringImpl	AK/ByteStringImpl.h:24	struct
AK::ByteStringImpl::ByteStringImpl	luce-browser-foundation	ak	byte_string_impl_construct_byte_string_impl_construct_the	AK/ByteStringImpl.h:80	construct
AK::ByteStringImpl::ByteStringImpl	luce-browser-foundation	ak	byte_string_impl_construct_byte_string_impl_construct_wit	AK/ByteStringImpl.cpp:40	construct
AK::ByteStringImpl::ConstructTheEmptyStringImplTag	luce-browser-foundation	ak	ByteStringImplConstructTheEmptyStringImplTag	AK/ByteStringImpl.h:77	enum
AK::ByteStringImpl::ConstructWithInlineBufferTag	luce-browser-foundation	ak	ByteStringImplConstructWithInlineBufferTag	AK/ByteStringImpl.h:84	enum
AK::ByteStringImpl::bytes	luce-browser-foundation	ak	byte_string_impl_bytes	AK/ByteStringImpl.h:44	ported
AK::ByteStringImpl::case_insensitive_hash	luce-browser-foundation	ak	byte_string_impl_case_insensitive_hash	AK/ByteStringImpl.cpp:93	ported
AK::ByteStringImpl::characters	luce-browser-foundation	ak	byte_string_impl_characters	AK/ByteStringImpl.h:42	ported
AK::ByteStringImpl::compute_hash	luce-browser-foundation	ak	byte_string_impl_compute_hash	AK/ByteStringImpl.cpp:98	ported
AK::ByteStringImpl::create	luce-browser-foundation	ak	byte_string_impl_create_span_u8	AK/ByteStringImpl.cpp:88	ported
AK::ByteStringImpl::create	luce-browser-foundation	ak	byte_string_impl_create_u8_should_chomp	AK/ByteStringImpl.cpp:80	ported
AK::ByteStringImpl::create	luce-browser-foundation	ak	byte_string_impl_create_u8_usize	AK/ByteStringImpl.cpp:58	ported
AK::ByteStringImpl::create_uninitialized	luce-browser-foundation	ak	byte_string_impl_create_uninitialized	AK/ByteStringImpl.cpp:47	ported
AK::ByteStringImpl::existing_hash	luce-browser-foundation	ak	byte_string_impl_existing_hash	AK/ByteStringImpl.h:67	ported
AK::ByteStringImpl::hash	luce-browser-foundation	ak	byte_string_impl_hash	AK/ByteStringImpl.h:60	ported
AK::ByteStringImpl::length	luce-browser-foundation	ak	byte_string_impl_length	AK/ByteStringImpl.h:40	ported
AK::ByteStringImpl::operator==	luce-browser-foundation	ak	byte_string_impl_eq	AK/ByteStringImpl.h:53	ported
AK::ByteStringImpl::operator[]	luce-browser-foundation	ak	byte_string_impl_at	AK/ByteStringImpl.h:47	ported
AK::ByteStringImpl::the_empty_stringimpl	luce-browser-foundation	ak	byte_string_impl_the_empty_stringimpl	AK/ByteStringImpl.cpp:35	ported
AK::ByteStringImpl::view	luce-browser-foundation	ak	byte_string_impl_view	AK/ByteStringImpl.h:45	ported
AK::CaseInsensitiveASCIIStringTraits	luce-browser-foundation	ak	CaseInsensitiveAsciiStringTraits	AK/ByteString.h:320	struct
AK::CaseInsensitiveASCIIStringTraits::equals	luce-browser-foundation	ak	case_insensitive_ascii_string_traits_equals	AK/ByteString.h:322	ported
AK::CaseInsensitiveASCIIStringTraits::hash	luce-browser-foundation	ak	case_insensitive_ascii_string_traits_hash	AK/ByteString.h:321	ported
AK::CaseInsensitiveASCIIStringViewTraits	luce-browser-foundation	ak	CaseInsensitiveAsciiStringViewTraits	AK/StringView.h:386	struct
AK::CaseInsensitiveASCIIStringViewTraits::equals	luce-browser-foundation	ak	case_insensitive_ascii_string_view_traits_equals	AK/StringView.h:393	ported
AK::CaseInsensitiveASCIIStringViewTraits::hash	luce-browser-foundation	ak	case_insensitive_ascii_string_view_traits_hash	AK/StringView.h:387	ported
AK::CaseSensitivity	luce-browser-foundation	ak	CaseSensitivity	AK/StringUtils.h:23	enum
AK::Checked::Checked<T>	luce-browser-foundation	ak	checked_checked_t	AK/Checked.h:124	stub
AK::Checked::Checked<T>	luce-browser-foundation	ak	checked_construct	AK/Checked.h:118	construct
AK::Checked::add	luce-browser-foundation	ak	checked_add	AK/Checked.h:176	stub
AK::Checked::addition_would_overflow	luce-browser-foundation	ak	checked_addition_would_overflow	AK/Checked.h:307	stub
AK::Checked::div	luce-browser-foundation	ak	checked_div	AK/Checked.h:191	stub
AK::Checked::has_overflow	luce-browser-foundation	ak	checked_has_overflow	AK/Checked.h:154	stub
AK::Checked::mod	luce-browser-foundation	ak	checked_mod	AK/Checked.h:207	stub
AK::Checked::mul	luce-browser-foundation	ak	checked_mul	AK/Checked.h:186	stub
AK::Checked::multiplication_would_overflow	luce-browser-foundation	ak	checked_multiplication_would_overflow	AK/Checked.h:338	stub
AK::Checked::operator!	luce-browser-foundation	ak	checked_not	AK/Checked.h:159	stub
AK::Checked::operator%=	luce-browser-foundation	ak	checked_rem_assign_checked	AK/Checked.h:267	stub
AK::Checked::operator%=	luce-browser-foundation	ak	checked_rem_assign_t	AK/Checked.h:274	stub
AK::Checked::operator*=	luce-browser-foundation	ak	checked_mul_assign_checked	AK/Checked.h:241	stub
AK::Checked::operator*=	luce-browser-foundation	ak	checked_mul_assign_t	AK/Checked.h:248	stub
AK::Checked::operator++	luce-browser-foundation	ak	checked_inc	AK/Checked.h:280	stub
AK::Checked::operator++	luce-browser-foundation	ak	checked_inc_i32	AK/Checked.h:286	stub
AK::Checked::operator+=	luce-browser-foundation	ak	checked_add_assign_checked	AK/Checked.h:215	stub
AK::Checked::operator+=	luce-browser-foundation	ak	checked_add_assign_t	AK/Checked.h:222	stub
AK::Checked::operator--	luce-browser-foundation	ak	checked_dec	AK/Checked.h:293	stub
AK::Checked::operator--	luce-browser-foundation	ak	checked_dec_i32	AK/Checked.h:299	stub
AK::Checked::operator-=	luce-browser-foundation	ak	checked_sub_assign_checked	AK/Checked.h:228	stub
AK::Checked::operator-=	luce-browser-foundation	ak	checked_sub_assign_t	AK/Checked.h:235	stub
AK::Checked::operator/=	luce-browser-foundation	ak	checked_div_assign_checked	AK/Checked.h:254	stub
AK::Checked::operator/=	luce-browser-foundation	ak	checked_div_assign_t	AK/Checked.h:261	stub
AK::Checked::sub	luce-browser-foundation	ak	checked_sub	AK/Checked.h:181	stub
AK::Checked::subtraction_would_overflow	luce-browser-foundation	ak	checked_subtraction_would_overflow	AK/Checked.h:327	stub
AK::Checked::value	luce-browser-foundation	ak	checked_value	AK/Checked.h:165	stub
AK::Checked::value_unchecked	luce-browser-foundation	ak	checked_value_unchecked	AK/Checked.h:171	stub
AK::CircularBuffer	luce-browser-foundation	ak	CircularBuffer	AK/CircularBuffer.h:17	struct
AK::CircularBuffer::CircularBuffer	luce-browser-foundation	ak	circular_buffer_construct	AK/CircularBuffer.cpp:14	construct
AK::CircularBuffer::capacity	luce-browser-foundation	ak	circular_buffer_capacity	AK/CircularBuffer.cpp:47	stub
AK::CircularBuffer::clear	luce-browser-foundation	ak	circular_buffer_clear	AK/CircularBuffer.cpp:92	stub
AK::CircularBuffer::copy_from_seekback	luce-browser-foundation	ak	circular_buffer_copy_from_seekback	AK/CircularBuffer.cpp:254	stub
AK::CircularBuffer::create_empty	luce-browser-foundation	ak	circular_buffer_create_empty	AK/CircularBuffer.cpp:19	stub
AK::CircularBuffer::create_initialized	luce-browser-foundation	ak	circular_buffer_create_initialized	AK/CircularBuffer.cpp:28	stub
AK::CircularBuffer::discard	luce-browser-foundation	ak	circular_buffer_discard	AK/CircularBuffer.cpp:211	stub
AK::CircularBuffer::empty_space	luce-browser-foundation	ak	circular_buffer_empty_space	AK/CircularBuffer.cpp:37	stub
AK::CircularBuffer::fill_from_stream	luce-browser-foundation	ak	circular_buffer_fill_from_stream	AK/CircularBuffer.cpp:221	stub
AK::CircularBuffer::flush_to_stream	luce-browser-foundation	ak	circular_buffer_flush_to_stream	AK/CircularBuffer.cpp:237	stub
AK::CircularBuffer::is_wrapping_around	luce-browser-foundation	ak	circular_buffer_is_wrapping_around	AK/CircularBuffer.cpp:62	stub
AK::CircularBuffer::next_read_span	luce-browser-foundation	ak	circular_buffer_next_read_span	AK/CircularBuffer.cpp:106	stub
AK::CircularBuffer::next_seekback_span	luce-browser-foundation	ak	circular_buffer_next_seekback_span	AK/CircularBuffer.cpp:122	stub
AK::CircularBuffer::next_write_span	luce-browser-foundation	ak	circular_buffer_next_write_span	AK/CircularBuffer.cpp:99	stub
AK::CircularBuffer::offset_of	luce-browser-foundation	ak	circular_buffer_offset_of	AK/CircularBuffer.cpp:67	stub
AK::CircularBuffer::read	luce-browser-foundation	ak	circular_buffer_read	AK/CircularBuffer.cpp:167	stub
AK::CircularBuffer::read_with_seekback	luce-browser-foundation	ak	circular_buffer_read_with_seekback	AK/CircularBuffer.cpp:190	stub
AK::CircularBuffer::seekback_limit	luce-browser-foundation	ak	circular_buffer_seekback_limit	AK/CircularBuffer.cpp:52	stub
AK::CircularBuffer::used_space	luce-browser-foundation	ak	circular_buffer_used_space	AK/CircularBuffer.cpp:42	stub
AK::CircularBuffer::write	luce-browser-foundation	ak	circular_buffer_write	AK/CircularBuffer.cpp:144	stub
AK::CircularQueue	luce-browser-foundation	ak	CircularQueue	AK/CircularQueue.h:16	generic struct
AK::CircularQueue::ConstIterator	luce-browser-foundation	ak	ConstIterator	AK/CircularQueue.h:70	opaque
AK::CircularQueue::Iterator	luce-browser-foundation	ak	Iterator	AK/CircularQueue.h:92	opaque
AK::CircularQueue::at	luce-browser-foundation	ak	circular_queue_at	AK/CircularQueue.h:65	stub
AK::CircularQueue::at	luce-browser-foundation	ak	circular_queue_at_const	AK/CircularQueue.h:64	stub
AK::CircularQueue::begin	luce-browser-foundation	ak	circular_queue_begin	AK/CircularQueue.h:117	stub
AK::CircularQueue::begin	luce-browser-foundation	ak	circular_queue_begin_const	AK/CircularQueue.h:114	stub
AK::CircularQueue::capacity	luce-browser-foundation	ak	circular_queue_capacity	AK/CircularQueue.h:37	stub
AK::CircularQueue::clear	luce-browser-foundation	ak	circular_queue_clear	AK/CircularQueue.h:25	stub
AK::CircularQueue::dequeue	luce-browser-foundation	ak	circular_queue_dequeue	AK/CircularQueue.h:53	stub
AK::CircularQueue::elements	luce-browser-foundation	ak	circular_queue_elements	AK/CircularQueue.h:123	stub
AK::CircularQueue::elements	luce-browser-foundation	ak	circular_queue_elements_const	AK/CircularQueue.h:124	stub
AK::CircularQueue::end	luce-browser-foundation	ak	circular_queue_end	AK/CircularQueue.h:118	stub
AK::CircularQueue::end	luce-browser-foundation	ak	circular_queue_end_const	AK/CircularQueue.h:115	stub
AK::CircularQueue::enqueue	luce-browser-foundation	ak	circular_queue_enqueue	AK/CircularQueue.h:40	stub
AK::CircularQueue::first	luce-browser-foundation	ak	circular_queue_first	AK/CircularQueue.h:67	stub
AK::CircularQueue::head_index	luce-browser-foundation	ak	circular_queue_head_index	AK/CircularQueue.h:120	stub
AK::CircularQueue::is_empty	luce-browser-foundation	ak	circular_queue_is_empty	AK/CircularQueue.h:34	stub
AK::CircularQueue::last	luce-browser-foundation	ak	circular_queue_last	AK/CircularQueue.h:68	stub
AK::CircularQueue::size	luce-browser-foundation	ak	circular_queue_size	AK/CircularQueue.h:35	stub
AK::CopyOnWrite	luce-browser-foundation	ak	CopyOnWrite	AK/CopyOnWrite.h:14	generic struct
AK::CopyOnWrite::CopyOnWrite<T>	luce-browser-foundation	ak	copy_on_write_construct	AK/CopyOnWrite.h:16	construct
AK::CopyOnWrite::mutable_value	luce-browser-foundation	ak	copy_on_write_mutable_value	AK/CopyOnWrite.h:20	stub
AK::CopyOnWrite::operator const type-parameter-0-0 &	luce-browser-foundation	ak	copy_on_write_to_const_t	AK/CopyOnWrite.h:28	stub
AK::CopyOnWrite::operator type-parameter-0-0 &	luce-browser-foundation	ak	copy_on_write_to_t	AK/CopyOnWrite.h:29	stub
AK::CopyOnWrite::operator->	luce-browser-foundation	ak	copy_on_write_arrow	AK/CopyOnWrite.h:32	stub
AK::CopyOnWrite::operator->	luce-browser-foundation	ak	copy_on_write_arrow_const	AK/CopyOnWrite.h:31	stub
AK::CopyOnWrite::ptr	luce-browser-foundation	ak	copy_on_write_ptr	AK/CopyOnWrite.h:35	stub
AK::CopyOnWrite::ptr	luce-browser-foundation	ak	copy_on_write_ptr_const	AK/CopyOnWrite.h:34	stub
AK::CopyOnWrite::value	luce-browser-foundation	ak	copy_on_write_value	AK/CopyOnWrite.h:26	stub
AK::DecimalExponentialForm	luce-browser-foundation	ak	DecimalExponentialForm	AK/StringConversions.h:40	struct
AK::DefaultComparator	luce-browser-foundation	ak	DefaultComparator	AK/BinarySearch.h:14	struct
AK::DefaultComparator::operator()	luce-browser-foundation	ak	default_comparator_call	AK/BinarySearch.h:16	stub
AK::DefaultDelete	luce-browser-foundation	ak	DefaultDelete	AK/DefaultDelete.h:12	generic struct
AK::DefaultDelete::operator()	luce-browser-foundation	ak	default_delete_call	AK/DefaultDelete.h:15	stub
AK::Detail::AddConstIfNeeded	luce-browser-foundation	ak	AddConstIfNeeded	AK/Optional.h:41	opaque generic
AK::Detail::ByteBuffer	luce-browser-foundation	ak	ByteBuffer	AK/ByteBuffer.h:21	generic struct
AK::Detail::ByteBuffer::ZeroFillNewElements	luce-browser-foundation	ak	ZeroFillNewElements	AK/ByteBuffer.h:185	enum
AK::Detail::ByteBuffer::append	luce-browser-foundation	ak	byte_buffer_append_span_u8	AK/ByteBuffer.h:259	stub
AK::Detail::ByteBuffer::append	luce-browser-foundation	ak	byte_buffer_append_u8	AK/ByteBuffer.h:254	stub
AK::Detail::ByteBuffer::append	luce-browser-foundation	ak	byte_buffer_append_void	AK/ByteBuffer.h:264	stub
AK::Detail::ByteBuffer::bytes	luce-browser-foundation	ak	byte_buffer_bytes	AK/ByteBuffer.h:151	stub
AK::Detail::ByteBuffer::bytes	luce-browser-foundation	ak	byte_buffer_bytes_const	AK/ByteBuffer.h:157	stub
AK::Detail::ByteBuffer::capacity	luce-browser-foundation	ak	byte_buffer_capacity	AK/ByteBuffer.h:317	stub
AK::Detail::ByteBuffer::clear	luce-browser-foundation	ak	byte_buffer_clear	AK/ByteBuffer.h:176	stub
AK::Detail::ByteBuffer::copy	luce-browser-foundation	ak	byte_buffer_copy_span_u8	AK/ByteBuffer.h:91	stub
AK::Detail::ByteBuffer::copy	luce-browser-foundation	ak	byte_buffer_copy_void	AK/ByteBuffer.h:81	stub
AK::Detail::ByteBuffer::create_uninitialized	luce-browser-foundation	ak	byte_buffer_create_uninitialized	AK/ByteBuffer.h:65	stub
AK::Detail::ByteBuffer::create_zeroed	luce-browser-foundation	ak	byte_buffer_create_zeroed	AK/ByteBuffer.h:72	stub
AK::Detail::ByteBuffer::data	luce-browser-foundation	ak	byte_buffer_data	AK/ByteBuffer.h:141	stub
AK::Detail::ByteBuffer::data	luce-browser-foundation	ak	byte_buffer_data_const	AK/ByteBuffer.h:145	stub
AK::Detail::ByteBuffer::end_pointer	luce-browser-foundation	ak	byte_buffer_end_pointer	AK/ByteBuffer.h:165	stub
AK::Detail::ByteBuffer::end_pointer	luce-browser-foundation	ak	byte_buffer_end_pointer_const	AK/ByteBuffer.h:166	stub
AK::Detail::ByteBuffer::ensure_capacity	luce-browser-foundation	ak	byte_buffer_ensure_capacity	AK/ByteBuffer.h:203	stub
AK::Detail::ByteBuffer::get_bytes_for_writing	luce-browser-foundation	ak	byte_buffer_get_bytes_for_writing	AK/ByteBuffer.h:241	stub
AK::Detail::ByteBuffer::is_empty	luce-browser-foundation	ak	byte_buffer_is_empty	AK/ByteBuffer.h:133	stub
AK::Detail::ByteBuffer::is_inline	luce-browser-foundation	ak	byte_buffer_is_inline	AK/ByteBuffer.h:318	stub
AK::Detail::ByteBuffer::leak_outline_buffer	luce-browser-foundation	ak	byte_buffer_leak_outline_buffer	AK/ByteBuffer.h:324	stub
AK::Detail::ByteBuffer::move_from	luce-browser-foundation	ak	byte_buffer_move_from	AK/ByteBuffer.h:337	stub
AK::Detail::ByteBuffer::must_get_bytes_for_writing	luce-browser-foundation	ak	byte_buffer_must_get_bytes_for_writing	AK/ByteBuffer.h:249	stub
AK::Detail::ByteBuffer::offset_pointer	luce-browser-foundation	ak	byte_buffer_offset_pointer	AK/ByteBuffer.h:162	stub
AK::Detail::ByteBuffer::offset_pointer	luce-browser-foundation	ak	byte_buffer_offset_pointer_const	AK/ByteBuffer.h:163	stub
AK::Detail::ByteBuffer::operator Span	luce-browser-foundation	ak	byte_buffer_to_span	AK/ByteBuffer.h:313	stub
AK::Detail::ByteBuffer::operator Span	luce-browser-foundation	ak	byte_buffer_to_span_const	AK/ByteBuffer.h:315	stub
AK::Detail::ByteBuffer::operator+=	luce-browser-foundation	ak	byte_buffer_add_assign	AK/ByteBuffer.h:292	stub
AK::Detail::ByteBuffer::operator[]	luce-browser-foundation	ak	byte_buffer_at	AK/ByteBuffer.h:121	stub
AK::Detail::ByteBuffer::operator[]	luce-browser-foundation	ak	byte_buffer_at_const	AK/ByteBuffer.h:127	stub
AK::Detail::ByteBuffer::overwrite	luce-browser-foundation	ak	byte_buffer_overwrite	AK/ByteBuffer.h:297	stub
AK::Detail::ByteBuffer::resize	luce-browser-foundation	ak	byte_buffer_resize	AK/ByteBuffer.h:190	stub
AK::Detail::ByteBuffer::set_size	luce-browser-foundation	ak	byte_buffer_set_size	AK/ByteBuffer.h:208	stub
AK::Detail::ByteBuffer::shrink_into_inline_buffer	luce-browser-foundation	ak	byte_buffer_shrink_into_inline_buffer	AK/ByteBuffer.h:352	stub
AK::Detail::ByteBuffer::size	luce-browser-foundation	ak	byte_buffer_size	AK/ByteBuffer.h:134	stub
AK::Detail::ByteBuffer::slice	luce-browser-foundation	ak	byte_buffer_slice	AK/ByteBuffer.h:168	stub
AK::Detail::ByteBuffer::span	luce-browser-foundation	ak	byte_buffer_span	AK/ByteBuffer.h:159	stub
AK::Detail::ByteBuffer::span	luce-browser-foundation	ak	byte_buffer_span_const	AK/ByteBuffer.h:160	stub
AK::Detail::ByteBuffer::trim	luce-browser-foundation	ak	byte_buffer_trim	AK/ByteBuffer.h:195	stub
AK::Detail::ByteBuffer::try_append	luce-browser-foundation	ak	byte_buffer_try_append_span_u8	AK/ByteBuffer.h:276	stub
AK::Detail::ByteBuffer::try_append	luce-browser-foundation	ak	byte_buffer_try_append_u8	AK/ByteBuffer.h:266	stub
AK::Detail::ByteBuffer::try_append	luce-browser-foundation	ak	byte_buffer_try_append_void	AK/ByteBuffer.h:281	stub
AK::Detail::ByteBuffer::try_ensure_capacity	luce-browser-foundation	ak	byte_buffer_try_ensure_capacity	AK/ByteBuffer.h:232	stub
AK::Detail::ByteBuffer::try_ensure_capacity_slowpath	luce-browser-foundation	ak	byte_buffer_try_ensure_capacity_slowpath	AK/ByteBuffer.h:362	stub
AK::Detail::ByteBuffer::try_resize	luce-browser-foundation	ak	byte_buffer_try_resize	AK/ByteBuffer.h:219	stub
AK::Detail::ByteBuffer::xor_buffers	luce-browser-foundation	ak	byte_buffer_xor_buffers	AK/ByteBuffer.h:96	stub
AK::Detail::ByteBuffer::zero_fill	luce-browser-foundation	ak	byte_buffer_zero_fill	AK/ByteBuffer.h:307	stub
AK::Detail::EmptyArrayStorage	luce-browser-foundation	ak	EmptyArrayStorage	AK/Array.h:22	generic struct
AK::Detail::EmptyArrayStorage::operator type-parameter-0-0 *	luce-browser-foundation	ak	empty_array_storage_to_t	AK/Array.h:24	stub
AK::Detail::EmptyArrayStorage::operator[]	luce-browser-foundation	ak	empty_array_storage_at	AK/Array.h:23	stub
AK::Detail::Enumerator	luce-browser-foundation	ak	Enumerator	AK/Enumerate.h:16	generic struct
AK::Detail::Enumerator::Iterator	luce-browser-foundation	ak	EnumeratorIterator	AK/Enumerate.h:25	opaque
AK::Detail::Enumerator::begin	luce-browser-foundation	ak	enumerator_begin	AK/Enumerate.h:41	stub
AK::Detail::Enumerator::end	luce-browser-foundation	ak	enumerator_end	AK/Enumerate.h:42	stub
AK::Detail::ExtractIntrusiveListTypes	luce-browser-foundation	ak	ExtractIntrusiveListTypes	AK/IntrusiveList.h:21	struct
AK::Detail::ExtractIntrusiveRedBlackTreeTypes	luce-browser-foundation	ak	ExtractIntrusiveRedBlackTreeTypes	AK/IntrusiveRedBlackTree.h:17	struct
AK::Detail::GenericLexer	luce-browser-foundation	ak	GenericLexer	AK/GenericLexer.h:41	generic struct
AK::Detail::GenericLexer::GenericLexer<CharType>	luce-browser-foundation	ak	generic_lexer_construct	AK/GenericLexer.h:47	construct
AK::Detail::GenericLexer::GenericLexer<char16_t>	luce-browser-foundation	ak	utf16_generic_lexer_construct	AK/GenericLexer.h:47	ported
AK::Detail::GenericLexer::code_unit_at	luce-browser-foundation	ak	generic_lexer_code_unit_at	AK/GenericLexer.h:478	ported
AK::Detail::GenericLexer::code_unit_at	luce-browser-foundation	ak	utf16_generic_lexer_code_unit_at	AK/GenericLexer.h:478	ported
AK::Detail::GenericLexer::consume	luce-browser-foundation	ak	generic_lexer_consume	AK/GenericLexer.h:113	ported
AK::Detail::GenericLexer::consume	luce-browser-foundation	ak	generic_lexer_consume_usize	AK/GenericLexer.h:173	ported
AK::Detail::GenericLexer::consume	luce-browser-foundation	ak	utf16_generic_lexer_consume	AK/GenericLexer.h:113	ported
AK::Detail::GenericLexer::consume	luce-browser-foundation	ak	utf16_generic_lexer_consume_usize	AK/GenericLexer.h:173	ported
AK::Detail::GenericLexer::consume_all	luce-browser-foundation	ak	generic_lexer_consume_all	AK/GenericLexer.h:183	ported
AK::Detail::GenericLexer::consume_all	luce-browser-foundation	ak	utf16_generic_lexer_consume_all	AK/GenericLexer.h:183	ported
AK::Detail::GenericLexer::consume_decimal_integer	luce-browser-foundation	ak	generic_lexer_consume_decimal_integer	AK/GenericLexer.h:264	dropped
AK::Detail::GenericLexer::consume_decimal_integer<T>	luce-browser-foundation	ak	utf16_generic_lexer_consume_decimal_integer_magnitude	AK/GenericLexer.h:264	ported
AK::Detail::GenericLexer::consume_decimal_integer<T>, for	luce-browser-foundation	ak	generic_lexer_consume_decimal_integer_magnitude	AK/GenericLexer.h:264	ported
AK::Detail::GenericLexer::consume_decimal_integer<i16>	luce-browser-foundation	ak	generic_lexer_consume_decimal_integer_i16	AK/GenericLexer.h:264	ported
AK::Detail::GenericLexer::consume_decimal_integer<i16>	luce-browser-foundation	ak	utf16_generic_lexer_consume_decimal_integer_i16	AK/GenericLexer.h:264	ported
AK::Detail::GenericLexer::consume_decimal_integer<i32>	luce-browser-foundation	ak	generic_lexer_consume_decimal_integer_i32	AK/GenericLexer.h:264	ported
AK::Detail::GenericLexer::consume_decimal_integer<i32>	luce-browser-foundation	ak	utf16_generic_lexer_consume_decimal_integer_i32	AK/GenericLexer.h:264	ported
AK::Detail::GenericLexer::consume_decimal_integer<i64>	luce-browser-foundation	ak	generic_lexer_consume_decimal_integer_i64	AK/GenericLexer.h:264	ported
AK::Detail::GenericLexer::consume_decimal_integer<i64>	luce-browser-foundation	ak	utf16_generic_lexer_consume_decimal_integer_i64	AK/GenericLexer.h:264	ported
AK::Detail::GenericLexer::consume_decimal_integer<i8>	luce-browser-foundation	ak	generic_lexer_consume_decimal_integer_i8	AK/GenericLexer.h:264	ported
AK::Detail::GenericLexer::consume_decimal_integer<i8>	luce-browser-foundation	ak	utf16_generic_lexer_consume_decimal_integer_i8	AK/GenericLexer.h:264	ported
AK::Detail::GenericLexer::consume_decimal_integer<u16>	luce-browser-foundation	ak	generic_lexer_consume_decimal_integer_u16	AK/GenericLexer.h:264	ported
AK::Detail::GenericLexer::consume_decimal_integer<u16>	luce-browser-foundation	ak	utf16_generic_lexer_consume_decimal_integer_u16	AK/GenericLexer.h:264	ported
AK::Detail::GenericLexer::consume_decimal_integer<u32>	luce-browser-foundation	ak	generic_lexer_consume_decimal_integer_u32	AK/GenericLexer.h:264	ported
AK::Detail::GenericLexer::consume_decimal_integer<u32>	luce-browser-foundation	ak	utf16_generic_lexer_consume_decimal_integer_u32	AK/GenericLexer.h:264	ported
AK::Detail::GenericLexer::consume_decimal_integer<u64>	luce-browser-foundation	ak	generic_lexer_consume_decimal_integer_u64	AK/GenericLexer.h:264	ported
AK::Detail::GenericLexer::consume_decimal_integer<u64>	luce-browser-foundation	ak	utf16_generic_lexer_consume_decimal_integer_u64	AK/GenericLexer.h:264	ported
AK::Detail::GenericLexer::consume_decimal_integer<u8>	luce-browser-foundation	ak	generic_lexer_consume_decimal_integer_u8	AK/GenericLexer.h:264	ported
AK::Detail::GenericLexer::consume_decimal_integer<u8>	luce-browser-foundation	ak	utf16_generic_lexer_consume_decimal_integer_u8	AK/GenericLexer.h:264	ported
AK::Detail::GenericLexer::consume_escaped_character	luce-browser-foundation	ak	generic_lexer_consume_escaped_character	AK/GenericLexer.h:157	ported
AK::Detail::GenericLexer::consume_escaped_character. An	luce-browser-foundation	ak	utf16_generic_lexer_consume_escaped_character	AK/GenericLexer.h:157	ported
AK::Detail::GenericLexer::consume_escaped_code_point	luce-browser-foundation	ak	generic_lexer_consume_escaped_code_point	AK/GenericLexer.h:311	ported
AK::Detail::GenericLexer::consume_escaped_code_point	luce-browser-foundation	ak	utf16_generic_lexer_consume_escaped_code_point	AK/GenericLexer.h:311	ported
AK::Detail::GenericLexer::consume_line	luce-browser-foundation	ak	generic_lexer_consume_line	AK/GenericLexer.h:191	ported
AK::Detail::GenericLexer::consume_line	luce-browser-foundation	ak	utf16_generic_lexer_consume_line	AK/GenericLexer.h:191	ported
AK::Detail::GenericLexer::consume_quoted_string	luce-browser-foundation	ak	generic_lexer_consume_quoted_string	AK/GenericLexer.h:235	ported
AK::Detail::GenericLexer::consume_quoted_string	luce-browser-foundation	ak	utf16_generic_lexer_consume_quoted_string	AK/GenericLexer.h:235	ported
AK::Detail::GenericLexer::consume_specific	luce-browser-foundation	ak	generic_lexer_consume_specific_opaque	AK/GenericLexer.h:134	dropped
AK::Detail::GenericLexer::consume_specific	luce-browser-foundation	ak	generic_lexer_consume_specific_string_view	AK/GenericLexer.h:147	ported
AK::Detail::GenericLexer::consume_specific	luce-browser-foundation	ak	generic_lexer_consume_specific_t_char_type	AK/GenericLexer.h:119	ported
AK::Detail::GenericLexer::consume_specific	luce-browser-foundation	ak	generic_lexer_consume_specific_u8	AK/GenericLexer.h:128	dropped
AK::Detail::GenericLexer::consume_specific	luce-browser-foundation	ak	utf16_generic_lexer_consume_specific_string_view	AK/GenericLexer.h:147	ported
AK::Detail::GenericLexer::consume_specific	luce-browser-foundation	ak	utf16_generic_lexer_consume_specific_t_char_type	AK/GenericLexer.h:119	ported
AK::Detail::GenericLexer::consume_specific	luce-browser-foundation	ak	utf16_generic_lexer_consume_specific_u8	AK/GenericLexer.h:128	ported
AK::Detail::GenericLexer::consume_specific	luce-browser-foundation	ak	utf16_generic_lexer_consume_specific_utf16_view	AK/GenericLexer.h:134	ported
AK::Detail::GenericLexer::consume_specific_with_predicate	luce-browser-foundation	ak	generic_lexer_consume_specific_with_predicate	AK/GenericLexer.h:379	ported
AK::Detail::GenericLexer::consume_specific_with_predicate	luce-browser-foundation	ak	utf16_generic_lexer_consume_specific_with_predicate	AK/GenericLexer.h:379	ported
AK::Detail::GenericLexer::consume_until	luce-browser-foundation	ak	generic_lexer_consume_until_opaque	AK/GenericLexer.h:222	dropped
AK::Detail::GenericLexer::consume_until	luce-browser-foundation	ak	generic_lexer_consume_until_string_view	AK/GenericLexer.h:222	ported
AK::Detail::GenericLexer::consume_until	luce-browser-foundation	ak	generic_lexer_consume_until_t_char_type	AK/GenericLexer.h:205	ported
AK::Detail::GenericLexer::consume_until	luce-browser-foundation	ak	generic_lexer_consume_until_tt_predicate	AK/GenericLexer.h:368	ported
AK::Detail::GenericLexer::consume_until	luce-browser-foundation	ak	generic_lexer_consume_until_u8	AK/GenericLexer.h:215	dropped
AK::Detail::GenericLexer::consume_until	luce-browser-foundation	ak	utf16_generic_lexer_consume_until_t_char_type	AK/GenericLexer.h:205	ported
AK::Detail::GenericLexer::consume_until	luce-browser-foundation	ak	utf16_generic_lexer_consume_until_tt_predicate	AK/GenericLexer.h:368	ported
AK::Detail::GenericLexer::consume_until	luce-browser-foundation	ak	utf16_generic_lexer_consume_until_u8	AK/GenericLexer.h:215	ported
AK::Detail::GenericLexer::consume_until	luce-browser-foundation	ak	utf16_generic_lexer_consume_until_utf16_view	AK/GenericLexer.h:222	ported
AK::Detail::GenericLexer::consume_while	luce-browser-foundation	ak	generic_lexer_consume_while	AK/GenericLexer.h:356	ported
AK::Detail::GenericLexer::consume_while	luce-browser-foundation	ak	utf16_generic_lexer_consume_while	AK/GenericLexer.h:356	ported
AK::Detail::GenericLexer::decode_code_point	luce-browser-foundation	ak	generic_lexer_decode_code_point	AK/GenericLexer.h:405	ported
AK::Detail::GenericLexer::decode_code_point	luce-browser-foundation	ak	utf16_generic_lexer_decode_code_point	AK/GenericLexer.h:405	ported
AK::Detail::GenericLexer::decode_single_or_paired_surrogate	luce-browser-foundation	ak	generic_lexer_decode_single_or_paired_surrogate	AK/GenericLexer.h:430	ported
AK::Detail::GenericLexer::decode_single_or_paired_surrogate	luce-browser-foundation	ak	utf16_generic_lexer_decode_single_or_paired_surrogate	AK/GenericLexer.h:430	ported
AK::Detail::GenericLexer::ignore	luce-browser-foundation	ak	generic_lexer_ignore	AK/GenericLexer.h:321	ported
AK::Detail::GenericLexer::ignore	luce-browser-foundation	ak	utf16_generic_lexer_ignore	AK/GenericLexer.h:321	ported
AK::Detail::GenericLexer::ignore_until	luce-browser-foundation	ak	generic_lexer_ignore_until_t_char_type	AK/GenericLexer.h:327	ported
AK::Detail::GenericLexer::ignore_until	luce-browser-foundation	ak	generic_lexer_ignore_until_tt_predicate	AK/GenericLexer.h:398	ported
AK::Detail::GenericLexer::ignore_until	luce-browser-foundation	ak	generic_lexer_ignore_until_u8	AK/GenericLexer.h:333	dropped
AK::Detail::GenericLexer::ignore_until	luce-browser-foundation	ak	utf16_generic_lexer_ignore_until_t_char_type	AK/GenericLexer.h:327	ported
AK::Detail::GenericLexer::ignore_until	luce-browser-foundation	ak	utf16_generic_lexer_ignore_until_tt_predicate	AK/GenericLexer.h:398	ported
AK::Detail::GenericLexer::ignore_until	luce-browser-foundation	ak	utf16_generic_lexer_ignore_until_u8	AK/GenericLexer.h:333	ported
AK::Detail::GenericLexer::ignore_while	luce-browser-foundation	ak	generic_lexer_ignore_while	AK/GenericLexer.h:390	ported
AK::Detail::GenericLexer::ignore_while	luce-browser-foundation	ak	utf16_generic_lexer_ignore_while	AK/GenericLexer.h:390	ported
AK::Detail::GenericLexer::input	luce-browser-foundation	ak	generic_lexer_input	AK/GenericLexer.h:56	ported
AK::Detail::GenericLexer::input	luce-browser-foundation	ak	utf16_generic_lexer_input	AK/GenericLexer.h:56	ported
AK::Detail::GenericLexer::input_length	luce-browser-foundation	ak	generic_lexer_input_length	AK/GenericLexer.h:470	ported
AK::Detail::GenericLexer::input_length	luce-browser-foundation	ak	utf16_generic_lexer_input_length	AK/GenericLexer.h:470	ported
AK::Detail::GenericLexer::is_eof	luce-browser-foundation	ak	generic_lexer_is_eof	AK/GenericLexer.h:58	ported
AK::Detail::GenericLexer::is_eof	luce-browser-foundation	ak	utf16_generic_lexer_is_eof	AK/GenericLexer.h:58	ported
AK::Detail::GenericLexer::next_is	luce-browser-foundation	ak	generic_lexer_next_is_opaque	AK/GenericLexer.h:83	dropped
AK::Detail::GenericLexer::next_is	luce-browser-foundation	ak	generic_lexer_next_is_string_view	AK/GenericLexer.h:95	ported
AK::Detail::GenericLexer::next_is	luce-browser-foundation	ak	generic_lexer_next_is_t_char_type	AK/GenericLexer.h:72	ported
AK::Detail::GenericLexer::next_is	luce-browser-foundation	ak	generic_lexer_next_is_tt_predicate	AK/GenericLexer.h:349	ported
AK::Detail::GenericLexer::next_is	luce-browser-foundation	ak	generic_lexer_next_is_u8	AK/GenericLexer.h:77	dropped
AK::Detail::GenericLexer::next_is	luce-browser-foundation	ak	utf16_generic_lexer_next_is_string_view	AK/GenericLexer.h:95	ported
AK::Detail::GenericLexer::next_is	luce-browser-foundation	ak	utf16_generic_lexer_next_is_t_char_type	AK/GenericLexer.h:72	ported
AK::Detail::GenericLexer::next_is	luce-browser-foundation	ak	utf16_generic_lexer_next_is_tt_predicate	AK/GenericLexer.h:349	ported
AK::Detail::GenericLexer::next_is	luce-browser-foundation	ak	utf16_generic_lexer_next_is_u8	AK/GenericLexer.h:77	ported
AK::Detail::GenericLexer::next_is	luce-browser-foundation	ak	utf16_generic_lexer_next_is_utf16_view	AK/GenericLexer.h:83	ported
AK::Detail::GenericLexer::peek	luce-browser-foundation	ak	generic_lexer_peek	AK/GenericLexer.h:60	ported
AK::Detail::GenericLexer::peek	luce-browser-foundation	ak	utf16_generic_lexer_peek	AK/GenericLexer.h:60	ported
AK::Detail::GenericLexer::peek_string	luce-browser-foundation	ak	generic_lexer_peek_string	AK/GenericLexer.h:65	ported
AK::Detail::GenericLexer::peek_string	luce-browser-foundation	ak	utf16_generic_lexer_peek_string	AK/GenericLexer.h:65	ported
AK::Detail::GenericLexer::remaining	luce-browser-foundation	ak	generic_lexer_remaining	AK/GenericLexer.h:55	ported
AK::Detail::GenericLexer::remaining	luce-browser-foundation	ak	utf16_generic_lexer_remaining	AK/GenericLexer.h:55	ported
AK::Detail::GenericLexer::retreat	luce-browser-foundation	ak	generic_lexer_retreat	AK/GenericLexer.h:101	ported
AK::Detail::GenericLexer::retreat	luce-browser-foundation	ak	generic_lexer_retreat_usize	AK/GenericLexer.h:107	ported
AK::Detail::GenericLexer::retreat	luce-browser-foundation	ak	utf16_generic_lexer_retreat	AK/GenericLexer.h:101	ported
AK::Detail::GenericLexer::retreat	luce-browser-foundation	ak	utf16_generic_lexer_retreat_usize	AK/GenericLexer.h:107	ported
AK::Detail::GenericLexer::tell	luce-browser-foundation	ak	generic_lexer_tell	AK/GenericLexer.h:52	ported
AK::Detail::GenericLexer::tell	luce-browser-foundation	ak	utf16_generic_lexer_tell	AK/GenericLexer.h:52	ported
AK::Detail::GenericLexer::tell_remaining	luce-browser-foundation	ak	generic_lexer_tell_remaining	AK/GenericLexer.h:53	ported
AK::Detail::GenericLexer::tell_remaining	luce-browser-foundation	ak	utf16_generic_lexer_tell_remaining	AK/GenericLexer.h:53	ported
AK::Detail::HaveObjcArc	luce-browser-foundation	ak	have_objc_arc	AK/Function.h:63	variable
AK::Detail::IntegerWrapper	luce-browser-foundation	ak	IntegerWrapper	AK/BigIntBase.h:154	opaque
AK::Detail::IntrusiveList	luce-browser-foundation	ak	IntrusiveList	AK/IntrusiveList.h:44	generic struct
AK::Detail::IntrusiveList::ConstIterator	luce-browser-foundation	ak	IntrusiveListConstIterator	AK/IntrusiveList.h:119	opaque
AK::Detail::IntrusiveList::Iterator	luce-browser-foundation	ak	IntrusiveListIterator	AK/IntrusiveList.h:66	opaque
AK::Detail::IntrusiveList::ReverseIterator	luce-browser-foundation	ak	ReverseIterator	AK/IntrusiveList.h:93	opaque
AK::Detail::IntrusiveList::append	luce-browser-foundation	ak	intrusive_list_append	AK/IntrusiveList.h:215	stub
AK::Detail::IntrusiveList::begin	luce-browser-foundation	ak	intrusive_list_begin	AK/IntrusiveList.h:354	stub
AK::Detail::IntrusiveList::begin	luce-browser-foundation	ak	intrusive_list_begin_const	AK/IntrusiveList.h:366	stub
AK::Detail::IntrusiveList::clear	luce-browser-foundation	ak	intrusive_list_clear	AK/IntrusiveList.h:191	stub
AK::Detail::IntrusiveList::contains	luce-browser-foundation	ak	intrusive_list_contains	AK/IntrusiveList.h:283	stub
AK::Detail::IntrusiveList::end	luce-browser-foundation	ak	intrusive_list_end	AK/IntrusiveList.h:91	stub
AK::Detail::IntrusiveList::end	luce-browser-foundation	ak	intrusive_list_end_const	AK/IntrusiveList.h:141	stub
AK::Detail::IntrusiveList::first	luce-browser-foundation	ak	intrusive_list_first	AK/IntrusiveList.h:290	stub
AK::Detail::IntrusiveList::insert_before	luce-browser-foundation	ak	intrusive_list_insert_before	AK/IntrusiveList.h:253	stub
AK::Detail::IntrusiveList::is_empty	luce-browser-foundation	ak	intrusive_list_is_empty	AK/IntrusiveList.h:198	stub
AK::Detail::IntrusiveList::last	luce-browser-foundation	ak	intrusive_list_last	AK/IntrusiveList.h:316	stub
AK::Detail::IntrusiveList::next	luce-browser-foundation	ak	intrusive_list_next	AK/IntrusiveList.h:338	stub
AK::Detail::IntrusiveList::next	luce-browser-foundation	ak	intrusive_list_next_2	AK/IntrusiveList.h:322	stub
AK::Detail::IntrusiveList::node_to_value	luce-browser-foundation	ak	intrusive_list_node_to_value	AK/IntrusiveList.h:372	stub
AK::Detail::IntrusiveList::prepend	luce-browser-foundation	ak	intrusive_list_prepend	AK/IntrusiveList.h:234	stub
AK::Detail::IntrusiveList::prev	luce-browser-foundation	ak	intrusive_list_prev	AK/IntrusiveList.h:346	stub
AK::Detail::IntrusiveList::prev	luce-browser-foundation	ak	intrusive_list_prev_2	AK/IntrusiveList.h:330	stub
AK::Detail::IntrusiveList::rbegin	luce-browser-foundation	ak	intrusive_list_rbegin	AK/IntrusiveList.h:360	stub
AK::Detail::IntrusiveList::remove	luce-browser-foundation	ak	intrusive_list_remove	AK/IntrusiveList.h:275	stub
AK::Detail::IntrusiveList::rend	luce-browser-foundation	ak	intrusive_list_rend	AK/IntrusiveList.h:117	stub
AK::Detail::IntrusiveList::size_slow	luce-browser-foundation	ak	intrusive_list_size_slow	AK/IntrusiveList.h:204	stub
AK::Detail::IntrusiveList::take_first	luce-browser-foundation	ak	intrusive_list_take_first	AK/IntrusiveList.h:296	stub
AK::Detail::IntrusiveList::take_last	luce-browser-foundation	ak	intrusive_list_take_last	AK/IntrusiveList.h:306	stub
AK::Detail::IntrusiveListNode	luce-browser-foundation	ak	IntrusiveListNode	AK/IntrusiveList.h:153	generic struct
AK::Detail::IntrusiveListNode::is_in_list	luce-browser-foundation	ak	intrusive_list_node_is_in_list	AK/IntrusiveList.h:416	stub
AK::Detail::IntrusiveListNode::remove	luce-browser-foundation	ak	intrusive_list_node_remove	AK/IntrusiveList.h:397	stub
AK::Detail::IntrusiveListStorage	luce-browser-foundation	ak	IntrusiveListStorage	AK/IntrusiveList.h:32	generic struct
AK::Detail::IntrusiveRedBlackTree	luce-browser-foundation	ak	IntrusiveRedBlackTree	AK/IntrusiveRedBlackTree.h:30	generic struct
AK::Detail::IntrusiveRedBlackTree::BaseIterator	luce-browser-foundation	ak	BaseIterator	AK/IntrusiveRedBlackTree.h:78	generic struct
AK::Detail::IntrusiveRedBlackTree::BaseIterator::BaseIterator<ElementType>	luce-browser-foundation	ak	base_iterator_construct	AK/IntrusiveRedBlackTree.h:115	construct
AK::Detail::IntrusiveRedBlackTree::BaseIterator::is_begin	luce-browser-foundation	ak	base_iterator_is_begin	AK/IntrusiveRedBlackTree.h:110	stub
AK::Detail::IntrusiveRedBlackTree::BaseIterator::is_end	luce-browser-foundation	ak	base_iterator_is_end	AK/IntrusiveRedBlackTree.h:109	stub
AK::Detail::IntrusiveRedBlackTree::BaseIterator::key	luce-browser-foundation	ak	base_iterator_key	AK/IntrusiveRedBlackTree.h:111	stub
AK::Detail::IntrusiveRedBlackTree::BaseIterator::operator!=	luce-browser-foundation	ak	base_iterator_ne	AK/IntrusiveRedBlackTree.h:81	stub
AK::Detail::IntrusiveRedBlackTree::BaseIterator::operator*	luce-browser-foundation	ak	base_iterator_deref	AK/IntrusiveRedBlackTree.h:99	stub
AK::Detail::IntrusiveRedBlackTree::BaseIterator::operator++	luce-browser-foundation	ak	base_iterator_inc	AK/IntrusiveRedBlackTree.h:82	stub
AK::Detail::IntrusiveRedBlackTree::BaseIterator::operator--	luce-browser-foundation	ak	base_iterator_dec	AK/IntrusiveRedBlackTree.h:91	stub
AK::Detail::IntrusiveRedBlackTree::BaseIterator::operator->	luce-browser-foundation	ak	base_iterator_arrow	AK/IntrusiveRedBlackTree.h:104	stub
AK::Detail::IntrusiveRedBlackTree::begin	luce-browser-foundation	ak	intrusive_red_black_tree_begin	AK/IntrusiveRedBlackTree.h:125	stub
AK::Detail::IntrusiveRedBlackTree::begin	luce-browser-foundation	ak	intrusive_red_black_tree_begin_const	AK/IntrusiveRedBlackTree.h:131	stub
AK::Detail::IntrusiveRedBlackTree::begin_from	luce-browser-foundation	ak	intrusive_red_black_tree_begin_from_k	AK/IntrusiveRedBlackTree.h:127	stub
AK::Detail::IntrusiveRedBlackTree::begin_from	luce-browser-foundation	ak	intrusive_red_black_tree_begin_from_k_const	AK/IntrusiveRedBlackTree.h:133	stub
AK::Detail::IntrusiveRedBlackTree::begin_from	luce-browser-foundation	ak	intrusive_red_black_tree_begin_from_v	AK/IntrusiveRedBlackTree.h:128	stub
AK::Detail::IntrusiveRedBlackTree::begin_from	luce-browser-foundation	ak	intrusive_red_black_tree_begin_from_v_const	AK/IntrusiveRedBlackTree.h:134	stub
AK::Detail::IntrusiveRedBlackTree::clear	luce-browser-foundation	ak	intrusive_red_black_tree_clear	AK/IntrusiveRedBlackTree.h:153	stub
AK::Detail::IntrusiveRedBlackTree::clear_nodes	luce-browser-foundation	ak	intrusive_red_black_tree_clear_nodes	AK/IntrusiveRedBlackTree.h:162	stub
AK::Detail::IntrusiveRedBlackTree::end	luce-browser-foundation	ak	intrusive_red_black_tree_end	AK/IntrusiveRedBlackTree.h:126	stub
AK::Detail::IntrusiveRedBlackTree::end	luce-browser-foundation	ak	intrusive_red_black_tree_end_const	AK/IntrusiveRedBlackTree.h:132	stub
AK::Detail::IntrusiveRedBlackTree::find	luce-browser-foundation	ak	intrusive_red_black_tree_find	AK/IntrusiveRedBlackTree.h:42	stub
AK::Detail::IntrusiveRedBlackTree::find_largest_not_above	luce-browser-foundation	ak	intrusive_red_black_tree_find_largest_not_above	AK/IntrusiveRedBlackTree.h:50	stub
AK::Detail::IntrusiveRedBlackTree::find_smallest_not_below	luce-browser-foundation	ak	intrusive_red_black_tree_find_smallest_not_below	AK/IntrusiveRedBlackTree.h:58	stub
AK::Detail::IntrusiveRedBlackTree::insert	luce-browser-foundation	ak	intrusive_red_black_tree_insert	AK/IntrusiveRedBlackTree.h:66	stub
AK::Detail::IntrusiveRedBlackTree::node_to_value	luce-browser-foundation	ak	intrusive_red_black_tree_node_to_value	AK/IntrusiveRedBlackTree.h:175	stub
AK::Detail::IntrusiveRedBlackTree::remove	luce-browser-foundation	ak	intrusive_red_black_tree_remove	AK/IntrusiveRedBlackTree.h:136	stub
AK::Detail::IntrusiveRedBlackTreeNode	luce-browser-foundation	ak	IntrusiveRedBlackTreeNode	AK/IntrusiveRedBlackTree.h:189	generic struct
AK::Detail::IntrusiveRedBlackTreeNode::is_in_tree	luce-browser-foundation	ak	intrusive_red_black_tree_node_is_in_tree	AK/IntrusiveRedBlackTree.h:196	stub
AK::Detail::IntrusiveRedBlackTreeNode::key	luce-browser-foundation	ak	intrusive_red_black_tree_node_key	AK/IntrusiveRedBlackTree.h:201	stub
AK::Detail::MAX_SHORT_STRING_BYTE_COUNT	luce-browser-foundation	ak	max_short_string_byte_count	AK/StringData.h:17	variable
AK::Detail::ParameterPackTag	luce-browser-foundation	ak	ParameterPackTag	AK/Variant.h:162	struct
AK::Detail::SelfReferenceIfNeeded	luce-browser-foundation	ak	SelfReferenceIfNeeded	AK/IntrusiveDetails.h:24	generic struct
AK::Detail::ShortString	luce-browser-foundation	ak	ShortString	AK/StringBase.h:16	struct
AK::Detail::ShortString::byte_count	luce-browser-foundation	ak	short_string_byte_count	AK/StringBase.h:206	ported
AK::Detail::ShortString::bytes	luce-browser-foundation	ak	short_string_bytes	AK/StringBase.h:201	ported
AK::Detail::ShortString::create_empty	luce-browser-foundation	ak	short_string_create_empty	AK/StringBase.h:188	ported
AK::Detail::ShortString::create_with_byte_count	luce-browser-foundation	ak	short_string_create_with_byte_count	AK/StringBase.h:193	ported
AK::Detail::Span	luce-browser-foundation	ak	Span	AK/Span.h:20	generic struct
AK::Detail::Span::Span<T>	luce-browser-foundation	ak	span_construct	AK/Span.h:24	construct
AK::Detail::StorageSpan	luce-browser-foundation	ak	StorageSpan	AK/BigIntBase.h:88	opaque generic
AK::Detail::StringBase	luce-browser-foundation	ak	StringBase	AK/StringBase.h:35	struct
AK::Detail::StringBase::(anonymous union)	luce-browser-foundation	ak	StringBaseUnion	AK/StringBase.h:182	struct
AK::Detail::StringBase::SHORT_STRING_BYTE_COUNT_SHIFT_COUNT	luce-browser-foundation	ak	string_base_short_string_byte_count_shift_count	AK/StringBase.h:39	variable
AK::Detail::StringBase::SHORT_STRING_FLAG	luce-browser-foundation	ak	string_base_short_string_flag	AK/StringBase.h:38	variable
AK::Detail::StringBase::StringBase	luce-browser-foundation	ak	string_base_construct	AK/StringBase.h:42	construct
AK::Detail::StringBase::StringBase	luce-browser-foundation	ak	string_base_construct_short_string	AK/StringBase.h:136	construct
AK::Detail::StringBase::StringBase	luce-browser-foundation	ak	string_base_construct_string_data	AK/StringBase.h:247	construct
AK::Detail::StringBase::StringBase	luce-browser-foundation	ak	string_base_construct_void	AK/StringBase.h:131	construct
AK::Detail::StringBase::byte_count	luce-browser-foundation	ak	string_base_byte_count	AK/StringBase.h:231	ported
AK::Detail::StringBase::bytes	luce-browser-foundation	ak	string_base_bytes	AK/StringBase.h:211	ported
AK::Detail::StringBase::data_without_union_member_assertion	luce-browser-foundation	ak	string_base_data_without_union_member_assertion	AK/StringBase.h:179	ported
AK::Detail::StringBase::destroy_string	luce-browser-foundation	ak	string_base_destroy_string	AK/StringBase.h:241	ported
AK::Detail::StringBase::hash	luce-browser-foundation	ak	string_base_hash	AK/StringBase.h:220	ported
AK::Detail::StringBase::is_short_string	luce-browser-foundation	ak	string_base_is_short_string	AK/StringBase.h:68	ported
AK::Detail::StringBase::length_in_code_units	luce-browser-foundation	ak	string_base_length_in_code_units	AK/StringBase.h:83	ported
AK::Detail::StringBase::operator==	luce-browser-foundation	ak	string_base_eq	AK/StringBase.h:281	ported
AK::Detail::StringBase::raw	luce-browser-foundation	ak	string_base_raw_fly_string	AK/StringBase.h:87	ported
AK::Detail::StringBase::raw	luce-browser-foundation	ak	string_base_raw_string	AK/StringBase.h:88	ported
AK::Detail::StringBase::replace_with_new_short_string	luce-browser-foundation	ak	string_base_replace_with_new_short_string	AK/StringBase.h:113	ported
AK::Detail::StringBase::replace_with_new_string	luce-browser-foundation	ak	string_base_replace_with_new_string_string_view	AK/StringBase.h:91	ported
AK::Detail::StringBase::replace_with_new_string	luce-browser-foundation	ak	string_base_replace_with_new_string_usize	AK/StringBase.h:104	ported
AK::Detail::StringBase::replace_with_new_string	luce-browser-foundation	ak	string_base_replace_with_new_string_utf16_view	AK/StringBase.h:97	ported
AK::Detail::StringBase::replace_with_string_builder	luce-browser-foundation	ak	string_base_replace_with_string_builder	AK/StringBase.cpp:12	ported
AK::Detail::StringBase::replace_with_uninitialized_buffer	luce-browser-foundation	ak	string_base_replace_with_uninitialized_buffer	AK/StringBase.cpp:25	ported
AK::Detail::StringBase::replace_with_uninitialized_short_string	luce-browser-foundation	ak	string_base_replace_with_uninitialized_short_string	AK/StringBase.h:143	ported
AK::Detail::StringBase::short_string_without_union_member_assertion	luce-browser-foundation	ak	string_base_short_string_without_union_member_assertion	AK/StringBase.h:178	ported
AK::Detail::StringBase::substring_from_byte_offset_with_shared_superstring	luce-browser-foundation	ak	string_base_substring_from_byte_offset_with_shared_superstring	AK/StringBase.cpp:36	ported
AK::Detail::StringData	luce-browser-foundation	ak	StringData	AK/StringData.h:23	struct
AK::Detail::StringData::StringData	luce-browser-foundation	ak	string_data_construct_string_data	AK/StringData.h:126	construct
AK::Detail::StringData::StringData	luce-browser-foundation	ak	string_data_construct_usize	AK/StringData.h:121	construct
AK::Detail::StringData::SubstringData	luce-browser-foundation	ak	StringDataSubstringData	AK/StringData.h:63	opaque
AK::Detail::StringData::allocation_size_for_string_data	luce-browser-foundation	ak	string_data_allocation_size_for_string_data	AK/StringData.h:116	ported
AK::Detail::StringData::byte_count	luce-browser-foundation	ak	string_data_byte_count	AK/StringData.h:113	ported
AK::Detail::StringData::bytes	luce-browser-foundation	ak	string_data_bytes	AK/StringData.h:87	ported
AK::Detail::StringData::bytes_as_string_view	luce-browser-foundation	ak	string_data_bytes_as_string_view	AK/StringData.h:96	ported
AK::Detail::StringData::compute_hash	luce-browser-foundation	ak	string_data_compute_hash	AK/StringData.h:136	ported
AK::Detail::StringData::create_from_string_builder	luce-browser-foundation	ak	string_data_create_from_string_builder	AK/StringData.h:39	ported
AK::Detail::StringData::create_substring	luce-browser-foundation	ak	string_data_create_substring	AK/StringData.h:50	ported
AK::Detail::StringData::create_uninitialized	luce-browser-foundation	ak	string_data_create_uninitialized	AK/StringData.h:25	ported
AK::Detail::StringData::hash	luce-browser-foundation	ak	string_data_hash	AK/StringData.h:103	ported
AK::Detail::StringData::is_fly_string	luce-browser-foundation	ak	string_data_is_fly_string	AK/StringData.h:110	ported
AK::Detail::StringData::operator==	luce-browser-foundation	ak	string_data_eq	AK/StringData.h:98	ported
AK::Detail::StringData::set_fly_string	luce-browser-foundation	ak	string_data_set_fly_string	AK/StringData.h:111	ported
AK::Detail::StringData::substring_data	luce-browser-foundation	ak	string_data_substring_data	AK/StringData.h:81	ported
AK::Detail::Trie	luce-browser-foundation	ak	Trie2	AK/Trie.h:30	generic struct
AK::Detail::Trie::Trie<DeclaredBaseType, DefaultBaseType, ValueType, MetadataT, ValueTraits, MapType>	luce-browser-foundation	ak	trie2_construct	AK/Trie.h:36	construct
AK::Detail::Trie::children	luce-browser-foundation	ak	trie2_children	AK/Trie.h:177	stub
AK::Detail::Trie::children	luce-browser-foundation	ak	trie2_children_const	AK/Trie.h:178	stub
AK::Detail::Trie::clear	luce-browser-foundation	ak	trie2_clear	AK/Trie.h:214	stub
AK::Detail::Trie::copy_metadata	luce-browser-foundation	ak	trie2_copy_metadata	AK/Trie.h:234	stub
AK::Detail::Trie::deep_copy	luce-browser-foundation	ak	trie2_deep_copy	AK/Trie.h:216	stub
AK::Detail::Trie::ensure_child	luce-browser-foundation	ak	trie2_ensure_child	AK/Trie.h:99	stub
AK::Detail::Trie::for_each_node_in_tree_order	luce-browser-foundation	ak	trie2_for_each_node_in_tree_order	AK/Trie.h:181	stub
AK::Detail::Trie::has_metadata	luce-browser-foundation	ak	trie2_has_metadata	AK/Trie.h:72	stub
AK::Detail::Trie::insert	luce-browser-foundation	ak	trie2_insert	AK/Trie.h:147	stub
AK::Detail::Trie::insert	luce-browser-foundation	ak	trie2_insert_2	AK/Trie.h:170	stub
AK::Detail::Trie::insert	luce-browser-foundation	ak	trie2_insert_t_metadata_t_t_provide_metadata_function	AK/Trie.h:125	stub
AK::Detail::Trie::insert	luce-browser-foundation	ak	trie2_insert_t_metadata_t_t_provide_metadata_function_2	AK/Trie.h:161	stub
AK::Detail::Trie::is_empty	luce-browser-foundation	ak	trie2_is_empty	AK/Trie.h:213	stub
AK::Detail::Trie::metadata	luce-browser-foundation	ak	trie2_metadata	AK/Trie.h:74	stub
AK::Detail::Trie::metadata_value	luce-browser-foundation	ak	trie2_metadata_value	AK/Trie.h:89	stub
AK::Detail::Trie::metadata_value	luce-browser-foundation	ak	trie2_metadata_value_const	AK/Trie.h:84	stub
AK::Detail::Trie::pop_and_get_next_iterator	luce-browser-foundation	ak	trie2_pop_and_get_next_iterator	AK/Trie.h:262	stub
AK::Detail::Trie::set_metadata	luce-browser-foundation	ak	trie2_set_metadata	AK/Trie.h:79	stub
AK::Detail::Trie::skip_to_next_iterator	luce-browser-foundation	ak	trie2_skip_to_next_iterator	AK/Trie.h:245	stub
AK::Detail::Trie::traverse_until_last_accessible_node	luce-browser-foundation	ak	trie2_traverse_until_last_accessible_node	AK/Trie.h:43	stub
AK::Detail::Trie::traverse_until_last_accessible_node	luce-browser-foundation	ak	trie2_traverse_until_last_accessible_node_2	AK/Trie.h:59	stub
AK::Detail::Trie::traverse_until_last_accessible_node	luce-browser-foundation	ak	trie2_traverse_until_last_accessible_node_const	AK/Trie.h:56	stub
AK::Detail::Trie::traverse_until_last_accessible_node	luce-browser-foundation	ak	trie2_traverse_until_last_accessible_node_const_2	AK/Trie.h:66	stub
AK::Detail::Trie::value	luce-browser-foundation	ak	trie2_value	AK/Trie.h:96	stub
AK::Detail::Trie::value	luce-browser-foundation	ak	trie2_value_const	AK/Trie.h:95	stub
AK::Detail::UFixedBigInt	luce-browser-foundation	ak	UFixedBigInt	AK/UFixedBigInt.h:73	generic struct
AK::Detail::UFixedBigInt::UFixedBigInt<bit_size, Storage>	luce-browser-foundation	ak	u_fixed_big_int_construct_i32	AK/UFixedBigInt.h:83	construct
AK::Detail::UFixedBigInt::UFixedBigInt<bit_size, Storage>	luce-browser-foundation	ak	u_fixed_big_int_construct_integer_wrapper	AK/UFixedBigInt.h:82	construct
AK::Detail::UFixedBigInt::UFixedBigInt<bit_size, Storage>	luce-browser-foundation	ak	u_fixed_big_int_construct_opaque	AK/UFixedBigInt.h:100	construct
AK::Detail::UFixedBigInt::UFixedBigInt<bit_size, Storage>	luce-browser-foundation	ak	u_fixed_big_int_u_fixed_big_int_bit_size_storage	AK/UFixedBigInt.h:89	stub
AK::Detail::UFixedBigInt::addc	luce-browser-foundation	ak	u_fixed_big_int_addc	AK/UFixedBigInt.h:349	stub
AK::Detail::UFixedBigInt::bytes	luce-browser-foundation	ak	u_fixed_big_int_bytes	AK/UFixedBigInt.h:184	stub
AK::Detail::UFixedBigInt::bytes	luce-browser-foundation	ak	u_fixed_big_int_bytes_const	AK/UFixedBigInt.h:189	stub
AK::Detail::UFixedBigInt::clz	luce-browser-foundation	ak	u_fixed_big_int_clz	AK/UFixedBigInt.h:227	stub
AK::Detail::UFixedBigInt::ctz	luce-browser-foundation	ak	u_fixed_big_int_ctz	AK/UFixedBigInt.h:213	stub
AK::Detail::UFixedBigInt::div_mod	luce-browser-foundation	ak	u_fixed_big_int_div_mod	AK/UFixedBigInt.h:409	stub
AK::Detail::UFixedBigInt::do_standard_binary_operation	luce-browser-foundation	ak	u_fixed_big_int_do_standard_binary_operation	AK/UFixedBigInt.h:472	stub
AK::Detail::UFixedBigInt::do_standard_compound_assignment	luce-browser-foundation	ak	u_fixed_big_int_do_standard_compound_assignment	AK/UFixedBigInt.h:480	stub
AK::Detail::UFixedBigInt::high	luce-browser-foundation	ak	u_fixed_big_int_high	AK/UFixedBigInt.h:170	stub
AK::Detail::UFixedBigInt::is_equal_to_constant_time	luce-browser-foundation	ak	u_fixed_big_int_is_equal_to_constant_time	AK/UFixedBigInt.h:462	stub
AK::Detail::UFixedBigInt::is_zero_constant_time	luce-browser-foundation	ak	u_fixed_big_int_is_zero_constant_time	AK/UFixedBigInt.h:454	stub
AK::Detail::UFixedBigInt::low	luce-browser-foundation	ak	u_fixed_big_int_low	AK/UFixedBigInt.h:156	stub
AK::Detail::UFixedBigInt::operator bool	luce-browser-foundation	ak	u_fixed_big_int_to_bool	AK/UFixedBigInt.h:250	stub
AK::Detail::UFixedBigInt::operator type-parameter-1-0	luce-browser-foundation	ak	u_fixed_big_int_to_t	AK/UFixedBigInt.h:137	stub
AK::Detail::UFixedBigInt::operator!	luce-browser-foundation	ak	u_fixed_big_int_not	AK/UFixedBigInt.h:242	stub
AK::Detail::UFixedBigInt::operator%	luce-browser-foundation	ak	u_fixed_big_int_rem_integer_wrapper	AK/UFixedBigInt.h:437	stub
AK::Detail::UFixedBigInt::operator%	luce-browser-foundation	ak	u_fixed_big_int_rem_t	AK/UFixedBigInt.h:428	stub
AK::Detail::UFixedBigInt::operator%=	luce-browser-foundation	ak	u_fixed_big_int_rem_assign_integer_wrapper	AK/UFixedBigInt.h:445	stub
AK::Detail::UFixedBigInt::operator%=	luce-browser-foundation	ak	u_fixed_big_int_rem_assign_u	AK/UFixedBigInt.h:444	stub
AK::Detail::UFixedBigInt::operator&	luce-browser-foundation	ak	u_fixed_big_int_bit_and_integer_wrapper	AK/UFixedBigInt.h:308	stub
AK::Detail::UFixedBigInt::operator&	luce-browser-foundation	ak	u_fixed_big_int_bit_and_opaque	AK/UFixedBigInt.h:308	stub
AK::Detail::UFixedBigInt::operator&=	luce-browser-foundation	ak	u_fixed_big_int_and_assign_integer_wrapper	AK/UFixedBigInt.h:311	stub
AK::Detail::UFixedBigInt::operator&=	luce-browser-foundation	ak	u_fixed_big_int_and_assign_opaque	AK/UFixedBigInt.h:311	stub
AK::Detail::UFixedBigInt::operator*	luce-browser-foundation	ak	u_fixed_big_int_mul_integer_wrapper	AK/UFixedBigInt.h:395	stub
AK::Detail::UFixedBigInt::operator*	luce-browser-foundation	ak	u_fixed_big_int_mul_opaque	AK/UFixedBigInt.h:395	stub
AK::Detail::UFixedBigInt::operator*=	luce-browser-foundation	ak	u_fixed_big_int_mul_assign_integer_wrapper	AK/UFixedBigInt.h:398	stub
AK::Detail::UFixedBigInt::operator*=	luce-browser-foundation	ak	u_fixed_big_int_mul_assign_opaque	AK/UFixedBigInt.h:397	stub
AK::Detail::UFixedBigInt::operator+	luce-browser-foundation	ak	u_fixed_big_int_add_integer_wrapper	AK/UFixedBigInt.h:364	stub
AK::Detail::UFixedBigInt::operator+	luce-browser-foundation	ak	u_fixed_big_int_add_opaque	AK/UFixedBigInt.h:364	stub
AK::Detail::UFixedBigInt::operator++	luce-browser-foundation	ak	u_fixed_big_int_inc	AK/UFixedBigInt.h:369	stub
AK::Detail::UFixedBigInt::operator++	luce-browser-foundation	ak	u_fixed_big_int_inc_i32	AK/UFixedBigInt.h:381	stub
AK::Detail::UFixedBigInt::operator+=	luce-browser-foundation	ak	u_fixed_big_int_add_assign_integer_wrapper	AK/UFixedBigInt.h:366	stub
AK::Detail::UFixedBigInt::operator+=	luce-browser-foundation	ak	u_fixed_big_int_add_assign_opaque	AK/UFixedBigInt.h:366	stub
AK::Detail::UFixedBigInt::operator-	luce-browser-foundation	ak	u_fixed_big_int_sub_integer_wrapper	AK/UFixedBigInt.h:365	stub
AK::Detail::UFixedBigInt::operator-	luce-browser-foundation	ak	u_fixed_big_int_sub_opaque	AK/UFixedBigInt.h:365	stub
AK::Detail::UFixedBigInt::operator--	luce-browser-foundation	ak	u_fixed_big_int_dec	AK/UFixedBigInt.h:375	stub
AK::Detail::UFixedBigInt::operator--	luce-browser-foundation	ak	u_fixed_big_int_dec_i32	AK/UFixedBigInt.h:388	stub
AK::Detail::UFixedBigInt::operator-=	luce-browser-foundation	ak	u_fixed_big_int_sub_assign_integer_wrapper	AK/UFixedBigInt.h:367	stub
AK::Detail::UFixedBigInt::operator-=	luce-browser-foundation	ak	u_fixed_big_int_sub_assign_opaque	AK/UFixedBigInt.h:367	stub
AK::Detail::UFixedBigInt::operator/	luce-browser-foundation	ak	u_fixed_big_int_div_integer_wrapper	AK/UFixedBigInt.h:436	stub
AK::Detail::UFixedBigInt::operator/	luce-browser-foundation	ak	u_fixed_big_int_div_t	AK/UFixedBigInt.h:419	stub
AK::Detail::UFixedBigInt::operator/=	luce-browser-foundation	ak	u_fixed_big_int_div_assign_integer_wrapper	AK/UFixedBigInt.h:441	stub
AK::Detail::UFixedBigInt::operator/=	luce-browser-foundation	ak	u_fixed_big_int_div_assign_t	AK/UFixedBigInt.h:440	stub
AK::Detail::UFixedBigInt::operator<<	luce-browser-foundation	ak	u_fixed_big_int_shl	AK/UFixedBigInt.h:321	stub
AK::Detail::UFixedBigInt::operator<<=	luce-browser-foundation	ak	u_fixed_big_int_shl_assign	AK/UFixedBigInt.h:328	stub
AK::Detail::UFixedBigInt::operator<=>	luce-browser-foundation	ak	u_fixed_big_int_cmp_integer_wrapper	AK/UFixedBigInt.h:273	stub
AK::Detail::UFixedBigInt::operator<=>	luce-browser-foundation	ak	u_fixed_big_int_cmp_opaque	AK/UFixedBigInt.h:268	stub
AK::Detail::UFixedBigInt::operator==	luce-browser-foundation	ak	u_fixed_big_int_eq_integer_wrapper	AK/UFixedBigInt.h:263	stub
AK::Detail::UFixedBigInt::operator==	luce-browser-foundation	ak	u_fixed_big_int_eq_opaque	AK/UFixedBigInt.h:258	stub
AK::Detail::UFixedBigInt::operator>>	luce-browser-foundation	ak	u_fixed_big_int_shr	AK/UFixedBigInt.h:334	stub
AK::Detail::UFixedBigInt::operator>>=	luce-browser-foundation	ak	u_fixed_big_int_shr_assign	AK/UFixedBigInt.h:341	stub
AK::Detail::UFixedBigInt::operator^	luce-browser-foundation	ak	u_fixed_big_int_bit_xor_integer_wrapper	AK/UFixedBigInt.h:307	stub
AK::Detail::UFixedBigInt::operator^	luce-browser-foundation	ak	u_fixed_big_int_bit_xor_opaque	AK/UFixedBigInt.h:307	stub
AK::Detail::UFixedBigInt::operator^=	luce-browser-foundation	ak	u_fixed_big_int_xor_assign_integer_wrapper	AK/UFixedBigInt.h:310	stub
AK::Detail::UFixedBigInt::operator^=	luce-browser-foundation	ak	u_fixed_big_int_xor_assign_opaque	AK/UFixedBigInt.h:310	stub
AK::Detail::UFixedBigInt::operator|	luce-browser-foundation	ak	u_fixed_big_int_bit_or_integer_wrapper	AK/UFixedBigInt.h:309	stub
AK::Detail::UFixedBigInt::operator|	luce-browser-foundation	ak	u_fixed_big_int_bit_or_opaque	AK/UFixedBigInt.h:309	stub
AK::Detail::UFixedBigInt::operator|=	luce-browser-foundation	ak	u_fixed_big_int_or_assign_integer_wrapper	AK/UFixedBigInt.h:312	stub
AK::Detail::UFixedBigInt::operator|=	luce-browser-foundation	ak	u_fixed_big_int_or_assign_opaque	AK/UFixedBigInt.h:312	stub
AK::Detail::UFixedBigInt::operator~	luce-browser-foundation	ak	u_fixed_big_int_bit_not	AK/UFixedBigInt.h:314	stub
AK::Detail::UFixedBigInt::popcnt	luce-browser-foundation	ak	u_fixed_big_int_popcnt	AK/UFixedBigInt.h:205	stub
AK::Detail::UFixedBigInt::span	luce-browser-foundation	ak	u_fixed_big_int_span	AK/UFixedBigInt.h:194	stub
AK::Detail::UFixedBigInt::span	luce-browser-foundation	ak	u_fixed_big_int_span_const	AK/UFixedBigInt.h:199	stub
AK::Detail::UFixedBigInt::subc	luce-browser-foundation	ak	u_fixed_big_int_subc	AK/UFixedBigInt.h:357	stub
AK::Detail::UFixedBigInt::wide_multiply	luce-browser-foundation	ak	u_fixed_big_int_wide_multiply	AK/UFixedBigInt.h:401	stub
AK::Detail::UTF16_FLAG	luce-browser-foundation	ak	utf16_flag	AK/Utf16View.h:32	variable
AK::Detail::UnawareTime	luce-browser-foundation	ak	UnawareTime	AK/Time.h:383	struct
AK::Detail::UnawareTime::UnawareTime	luce-browser-foundation	ak	unaware_time_construct	AK/Time.h:395	construct
AK::Detail::UnawareTime::to_timespec	luce-browser-foundation	ak	unaware_time_to_timespec	AK/Time.h:388	stub
AK::Detail::UnawareTime::to_timeval	luce-browser-foundation	ak	unaware_time_to_timeval	AK/Time.h:390	stub
AK::Detail::Utf16StringBase	luce-browser-foundation	ak	Utf16StringBase	AK/Utf16StringBase.h:18	struct
AK::Detail::Utf16StringBase::(anonymous union)	luce-browser-foundation	ak	Utf16StringBaseUnion	AK/Utf16StringBase.h:359	struct
AK::Detail::Utf16StringBase::Utf16StringBase	luce-browser-foundation	ak	utf16_string_base_construct	AK/Utf16StringBase.h:20	construct
AK::Detail::Utf16StringBase::Utf16StringBase	luce-browser-foundation	ak	utf16_string_base_construct_short_string	AK/Utf16StringBase.h:25	construct
AK::Detail::Utf16StringBase::Utf16StringBase	luce-browser-foundation	ak	utf16_string_base_construct_utf16_string_data	AK/Utf16StringBase.h:30	construct
AK::Detail::Utf16StringBase::Utf16StringBase	luce-browser-foundation	ak	utf16_string_base_utf16_string_base	AK/Utf16StringBase.h:337	ported
AK::Detail::Utf16StringBase::ascii_view	luce-browser-foundation	ak	utf16_string_base_ascii_view	AK/Utf16StringBase.h:75	ported
AK::Detail::Utf16StringBase::begin	luce-browser-foundation	ak	utf16_string_base_begin	AK/Utf16StringBase.h:224	ported
AK::Detail::Utf16StringBase::code_point_at	luce-browser-foundation	ak	utf16_string_base_code_point_at	AK/Utf16StringBase.h:208	ported
AK::Detail::Utf16StringBase::code_point_offset_of	luce-browser-foundation	ak	utf16_string_base_code_point_offset_of	AK/Utf16StringBase.h:217	ported
AK::Detail::Utf16StringBase::code_unit_at	luce-browser-foundation	ak	utf16_string_base_code_unit_at	AK/Utf16StringBase.h:207	ported
AK::Detail::Utf16StringBase::code_unit_offset_of	luce-browser-foundation	ak	utf16_string_base_code_unit_offset_of	AK/Utf16StringBase.h:210	ported
AK::Detail::Utf16StringBase::contains	luce-browser-foundation	ak	utf16_string_base_contains_u16	AK/Utf16StringBase.h:252	ported
AK::Detail::Utf16StringBase::contains	luce-browser-foundation	ak	utf16_string_base_contains_utf16_view	AK/Utf16StringBase.h:253	ported
AK::Detail::Utf16StringBase::contains_any_of	luce-browser-foundation	ak	utf16_string_base_contains_any_of	AK/Utf16StringBase.h:254	ported
AK::Detail::Utf16StringBase::count	luce-browser-foundation	ak	utf16_string_base_count	AK/Utf16StringBase.h:256	ported
AK::Detail::Utf16StringBase::data	luce-browser-foundation	ak	utf16_string_base_data	AK/Utf16StringBase.h:323	ported
AK::Detail::Utf16StringBase::data_without_union_member_assertion	luce-browser-foundation	ak	utf16_string_base_data_without_union_member_assertion	AK/Utf16StringBase.h:357	ported
AK::Detail::Utf16StringBase::destroy_string	luce-browser-foundation	ak	utf16_string_base_destroy_string	AK/Utf16StringBase.h:347	ported
AK::Detail::Utf16StringBase::end	luce-browser-foundation	ak	utf16_string_base_end	AK/Utf16StringBase.h:225	ported
AK::Detail::Utf16StringBase::ends_with	luce-browser-foundation	ak	utf16_string_base_ends_with_u16	AK/Utf16StringBase.h:261	ported
AK::Detail::Utf16StringBase::ends_with	luce-browser-foundation	ak	utf16_string_base_ends_with_utf16_view	AK/Utf16StringBase.h:262	ported
AK::Detail::Utf16StringBase::equals_ignoring_ascii_case	luce-browser-foundation	ak	utf16_string_base_equals_ignoring_ascii_case_utf16_string_base	AK/Utf16StringBase.h:159	ported
AK::Detail::Utf16StringBase::equals_ignoring_ascii_case	luce-browser-foundation	ak	utf16_string_base_equals_ignoring_ascii_case_utf16_view	AK/Utf16StringBase.h:158	ported
AK::Detail::Utf16StringBase::find_code_unit_offset	luce-browser-foundation	ak	utf16_string_base_find_code_unit_offset_u16	AK/Utf16StringBase.h:237	ported
AK::Detail::Utf16StringBase::find_code_unit_offset	luce-browser-foundation	ak	utf16_string_base_find_code_unit_offset_utf16_view	AK/Utf16StringBase.h:242	ported
AK::Detail::Utf16StringBase::find_code_unit_offset_ignoring_case	luce-browser-foundation	ak	utf16_string_base_find_code_unit_offset_ignoring_case	AK/Utf16StringBase.h:247	ported
AK::Detail::Utf16StringBase::for_each_split_view	luce-browser-foundation	ak	utf16_string_base_for_each_split_view_u16	AK/Utf16StringBase.h:268	ported
AK::Detail::Utf16StringBase::for_each_split_view	luce-browser-foundation	ak	utf16_string_base_for_each_split_view_utf16_view	AK/Utf16StringBase.h:274	ported
AK::Detail::Utf16StringBase::has_ascii_storage	luce-browser-foundation	ak	utf16_string_base_has_ascii_storage	AK/Utf16StringBase.h:301	ported
AK::Detail::Utf16StringBase::has_long_ascii_storage	luce-browser-foundation	ak	utf16_string_base_has_long_ascii_storage	AK/Utf16StringBase.h:290	ported
AK::Detail::Utf16StringBase::has_long_storage	luce-browser-foundation	ak	utf16_string_base_has_long_storage	AK/Utf16StringBase.h:318	ported
AK::Detail::Utf16StringBase::has_long_utf16_storage	luce-browser-foundation	ak	utf16_string_base_has_long_utf16_storage	AK/Utf16StringBase.h:307	ported
AK::Detail::Utf16StringBase::has_short_ascii_storage	luce-browser-foundation	ak	utf16_string_base_has_short_ascii_storage	AK/Utf16StringBase.h:280	ported
AK::Detail::Utf16StringBase::hash	luce-browser-foundation	ak	utf16_string_base_hash	AK/Utf16StringBase.h:173	ported
AK::Detail::Utf16StringBase::is_ascii	luce-browser-foundation	ak	utf16_string_base_is_ascii	AK/Utf16StringBase.h:184	ported
AK::Detail::Utf16StringBase::is_ascii_whitespace	luce-browser-foundation	ak	utf16_string_base_is_ascii_whitespace	AK/Utf16StringBase.h:185	ported
AK::Detail::Utf16StringBase::is_empty	luce-browser-foundation	ak	utf16_string_base_is_empty	AK/Utf16StringBase.h:183	ported
AK::Detail::Utf16StringBase::length_in_code_points	luce-browser-foundation	ak	utf16_string_base_length_in_code_points	AK/Utf16StringBase.h:197	ported
AK::Detail::Utf16StringBase::length_in_code_units	luce-browser-foundation	ak	utf16_string_base_length_in_code_units	AK/Utf16StringBase.h:187	ported
AK::Detail::Utf16StringBase::operator Utf16View	luce-browser-foundation	ak	utf16_string_base_to_utf16_view	AK/Utf16StringBase.h:57	ported
AK::Detail::Utf16StringBase::operator<=>	luce-browser-foundation	ak	utf16_string_base_cmp_utf16_string_base	AK/Utf16StringBase.h:155	ported
AK::Detail::Utf16StringBase::operator<=>	luce-browser-foundation	ak	utf16_string_base_cmp_utf16_view	AK/Utf16StringBase.h:156	ported
AK::Detail::Utf16StringBase::operator==	luce-browser-foundation	ak	utf16_string_base_eq_string_view	AK/Utf16StringBase.h:153	ported
AK::Detail::Utf16StringBase::operator==	luce-browser-foundation	ak	utf16_string_base_eq_utf16_string_base	AK/Utf16StringBase.h:134	ported
AK::Detail::Utf16StringBase::operator==	luce-browser-foundation	ak	utf16_string_base_eq_utf16_view	AK/Utf16StringBase.h:152	ported
AK::Detail::Utf16StringBase::raw	luce-browser-foundation	ak	utf16_string_base_raw	AK/Utf16StringBase.h:345	ported
AK::Detail::Utf16StringBase::raw	luce-browser-foundation	ak	utf16_string_base_raw_utf16_fly_string	AK/Utf16StringBase.h:342	ported
AK::Detail::Utf16StringBase::set_data	luce-browser-foundation	ak	utf16_string_base_set_data	AK/Utf16StringBase.h:329	ported
AK::Detail::Utf16StringBase::short_ascii_string_without_union_member_assertion	luce-browser-foundation	ak	utf16_string_base_short_ascii_string_without_union_member_assertion	AK/Utf16StringBase.h:356	ported
AK::Detail::Utf16StringBase::split_view	luce-browser-foundation	ak	utf16_string_base_split_view_u16	AK/Utf16StringBase.h:264	ported
AK::Detail::Utf16StringBase::split_view	luce-browser-foundation	ak	utf16_string_base_split_view_utf16_view	AK/Utf16StringBase.h:265	ported
AK::Detail::Utf16StringBase::starts_with	luce-browser-foundation	ak	utf16_string_base_starts_with_u16	AK/Utf16StringBase.h:258	ported
AK::Detail::Utf16StringBase::starts_with	luce-browser-foundation	ak	utf16_string_base_starts_with_utf16_view	AK/Utf16StringBase.h:259	ported
AK::Detail::Utf16StringBase::substring_view	luce-browser-foundation	ak	utf16_string_base_substring_view	AK/Utf16StringBase.h:232	ported
AK::Detail::Utf16StringBase::substring_view	luce-browser-foundation	ak	utf16_string_base_substring_view_usize	AK/Utf16StringBase.h:227	ported
AK::Detail::Utf16StringBase::to_byte_string	luce-browser-foundation	ak	utf16_string_base_to_byte_string	AK/Utf16StringBase.h:70	ported
AK::Detail::Utf16StringBase::to_number	luce-browser-foundation	ak	utf16_string_base_to_number	AK/Utf16StringBase.h:99	dropped
AK::Detail::Utf16StringBase::to_number<f32>	luce-browser-foundation	ak	utf16_string_base_to_number_f32	AK/Utf16StringBase.h:98	ported
AK::Detail::Utf16StringBase::to_number<f64>	luce-browser-foundation	ak	utf16_string_base_to_number_f64	AK/Utf16StringBase.h:98	ported
AK::Detail::Utf16StringBase::to_number<i16>	luce-browser-foundation	ak	utf16_string_base_to_number_i16	AK/Utf16StringBase.h:98	ported
AK::Detail::Utf16StringBase::to_number<i32>	luce-browser-foundation	ak	utf16_string_base_to_number_i32	AK/Utf16StringBase.h:98	ported
AK::Detail::Utf16StringBase::to_number<i64>	luce-browser-foundation	ak	utf16_string_base_to_number_i64	AK/Utf16StringBase.h:98	ported
AK::Detail::Utf16StringBase::to_number<i8>	luce-browser-foundation	ak	utf16_string_base_to_number_i8	AK/Utf16StringBase.h:98	ported
AK::Detail::Utf16StringBase::to_number<u16>	luce-browser-foundation	ak	utf16_string_base_to_number_u16	AK/Utf16StringBase.h:98	ported
AK::Detail::Utf16StringBase::to_number<u32>	luce-browser-foundation	ak	utf16_string_base_to_number_u32	AK/Utf16StringBase.h:98	ported
AK::Detail::Utf16StringBase::to_number<u64>	luce-browser-foundation	ak	utf16_string_base_to_number_u64	AK/Utf16StringBase.h:98	ported
AK::Detail::Utf16StringBase::to_number<u8>	luce-browser-foundation	ak	utf16_string_base_to_number_u8	AK/Utf16StringBase.h:98	ported
AK::Detail::Utf16StringBase::to_utf8	luce-browser-foundation	ak	utf16_string_base_to_utf8	AK/Utf16StringBase.h:60	ported
AK::Detail::Utf16StringBase::to_utf8_but_should_be_ported_to_utf16	luce-browser-foundation	ak	utf16_string_base_to_utf8_but_should_be_ported_to_utf16	AK/Utf16StringBase.h:65	ported
AK::Detail::Utf16StringBase::utf16_view	luce-browser-foundation	ak	utf16_string_base_utf16_view	AK/Utf16StringBase.h:85	ported
AK::Detail::Utf16StringData	luce-browser-foundation	ak	Utf16StringData	AK/Utf16StringData.h:22	struct
AK::Detail::Utf16StringData [default member initializers]	luce-browser-foundation	ak	utf16_string_data_init_fields	AK/Utf16StringData.h:22	init fields
AK::Detail::Utf16StringData::(anonymous union)	luce-browser-foundation	ak	Utf16StringDataUnion	AK/Utf16StringData.h:154	struct
AK::Detail::Utf16StringData::AllowASCIIStorage	luce-browser-foundation	ak	Utf16StringDataAllowAsciiStorage	AK/Utf16StringData.h:29	enum
AK::Detail::Utf16StringData::StorageType	luce-browser-foundation	ak	Utf16StringDataStorageType	AK/Utf16StringData.h:24	enum
AK::Detail::Utf16StringData::Utf16StringData	luce-browser-foundation	ak	utf16_string_data_construct	AK/Utf16StringData.h:122	construct
AK::Detail::Utf16StringData::allocation_size_for_string_data	luce-browser-foundation	ak	utf16_string_data_allocation_size_for_string_data	AK/Utf16StringData.h:134	ported
AK::Detail::Utf16StringData::ascii_view	luce-browser-foundation	ak	utf16_string_data_ascii_view	AK/Utf16StringData.h:101	ported
AK::Detail::Utf16StringData::calculate_code_point_length	luce-browser-foundation	ak	utf16_string_data_calculate_code_point_length	AK/Utf16StringData.cpp:202	ported
AK::Detail::Utf16StringData::create_from_code_point_iterable	luce-browser-foundation	ak	utf16_string_data_create_from_code_point_iterable	AK/Utf16StringData.cpp:32	dropped
AK::Detail::Utf16StringData::create_from_code_point_iterable	luce-browser-foundation	ak	utf16_string_data_create_from_code_point_iterable_utf32_view	AK/Utf16StringData.cpp:28	ported
AK::Detail::Utf16StringData::create_from_code_point_iterable	luce-browser-foundation	ak	utf16_string_data_create_from_code_point_iterable_utf8_view	AK/Utf16StringData.cpp:28	ported
AK::Detail::Utf16StringData::create_uninitialized	luce-browser-foundation	ak	utf16_string_data_create_uninitialized	AK/Utf16StringData.cpp:21	ported
AK::Detail::Utf16StringData::from_ascii	luce-browser-foundation	ak	utf16_string_data_from_ascii	AK/Utf16StringData.cpp:58	ported
AK::Detail::Utf16StringData::from_ipc_stream	luce-browser-foundation	ak	utf16_string_data_from_ipc_stream	AK/Utf16StringData.cpp:170	ported
AK::Detail::Utf16StringData::from_string_builder	luce-browser-foundation	ak	utf16_string_data_from_string_builder	AK/Utf16StringData.cpp:143	ported
AK::Detail::Utf16StringData::from_utf16	luce-browser-foundation	ak	utf16_string_data_from_utf16	AK/Utf16StringData.cpp:90	ported
AK::Detail::Utf16StringData::from_utf32	luce-browser-foundation	ak	utf16_string_data_from_utf32	AK/Utf16StringData.cpp:113	ported
AK::Detail::Utf16StringData::from_utf8	luce-browser-foundation	ak	utf16_string_data_from_utf8	AK/Utf16StringData.cpp:66	ported
AK::Detail::Utf16StringData::has_ascii_storage	luce-browser-foundation	ak	utf16_string_data_has_ascii_storage	AK/Utf16StringData.h:78	ported
AK::Detail::Utf16StringData::has_utf16_storage	luce-browser-foundation	ak	utf16_string_data_has_utf16_storage	AK/Utf16StringData.h:79	ported
AK::Detail::Utf16StringData::hash	luce-browser-foundation	ak	utf16_string_data_hash	AK/Utf16StringData.h:81	ported
AK::Detail::Utf16StringData::is_fly_string	luce-browser-foundation	ak	utf16_string_data_is_fly_string	AK/Utf16StringData.h:119	ported
AK::Detail::Utf16StringData::length_in_code_points	luce-browser-foundation	ak	utf16_string_data_length_in_code_points	AK/Utf16StringData.h:92	ported
AK::Detail::Utf16StringData::length_in_code_units	luce-browser-foundation	ak	utf16_string_data_length_in_code_units	AK/Utf16StringData.h:91	ported
AK::Detail::Utf16StringData::mark_as_fly_string	luce-browser-foundation	ak	utf16_string_data_mark_as_fly_string	AK/Utf16StringData.h:118	ported
AK::Detail::Utf16StringData::offset_of_string_storage	luce-browser-foundation	ak	utf16_string_data_offset_of_string_storage	AK/Utf16StringData.h:49	ported
AK::Detail::Utf16StringData::operator==	luce-browser-foundation	ak	utf16_string_data_eq_string_view	AK/Utf16StringData.h:71	ported
AK::Detail::Utf16StringData::operator==	luce-browser-foundation	ak	utf16_string_data_eq_utf16_string_data	AK/Utf16StringData.h:59	ported
AK::Detail::Utf16StringData::operator==	luce-browser-foundation	ak	utf16_string_data_eq_utf16_view	AK/Utf16StringData.h:66	ported
AK::Detail::Utf16StringData::to_well_formed	luce-browser-foundation	ak	utf16_string_data_to_well_formed	AK/Utf16StringData.cpp:192	ported
AK::Detail::Utf16StringData::utf16_view	luce-browser-foundation	ak	utf16_string_data_utf16_view	AK/Utf16StringData.h:107	ported
AK::Detail::VariantConstructTag	luce-browser-foundation	ak	VariantConstructTag	AK/Variant.h:128	struct
AK::Detail::VariantConstructors	luce-browser-foundation	ak	VariantConstructors	AK/Variant.h:133	generic struct
AK::Detail::VariantConstructors::VariantConstructors<T, Base>	luce-browser-foundation	ak	variant_constructors_construct	AK/Variant.h:135	construct
AK::Detail::VariantConstructors::VariantConstructors<T, Base>	luce-browser-foundation	ak	variant_constructors_construct_2	AK/Variant.h:142	construct
AK::Detail::VariantConstructors::internal_cast	luce-browser-foundation	ak	variant_constructors_internal_cast	AK/Variant.h:152	stub
AK::Detail::VariantNoClearTag	luce-browser-foundation	ak	VariantNoClearTag	AK/Variant.h:125	struct
AK::Detail::VectorMetadata	luce-browser-foundation	ak	VectorMetadata	AK/Vector.h:45	generic struct
AK::Detail::bitap_bitwise: the offset of the first match, or none	luce-browser-foundation	ak	bitap_bitwise	AK/MemMem.h:19	ported
AK::Detail::block_layout_size	luce-browser-foundation	ak	block_layout_size	AK/Function.h:67	variable
AK::Detail::did_destroy_fly_string_data	luce-browser-foundation	ak	did_destroy_fly_string_data	AK/FlyString.cpp:210	ported
AK::Detail::did_destroy_utf16_fly_string_data	luce-browser-foundation	ak	did_destroy_utf16_fly_string_data	AK/Utf16FlyString.cpp:27	ported
AK::Detail::index_of	luce-browser-foundation	ak	index_of	AK/Variant.h:39	stub
AK::Detail::mul_internal	luce-browser-foundation	ak	mul_internal	AK/UFixedBigInt.h:60	stub
AK::Detail::operator<=>	luce-browser-foundation	ak	cmp_integer_wrapper	AK/UFixedBigInt.h:500	stub
AK::Detail::operator<=>	luce-browser-foundation	ak	cmp_opaque	AK/UFixedBigInt.h:498	stub
AK::Detail::operator==	luce-browser-foundation	ak	eq_integer_wrapper	AK/UFixedBigInt.h:499	stub
AK::Detail::operator==	luce-browser-foundation	ak	eq_opaque_opaque_2	AK/UFixedBigInt.h:497	stub
AK::Details::product_even	luce-browser-foundation	ak	details_product_even_x	AK/Math.h:42	stub
AK::Details::product_odd	luce-browser-foundation	ak	details_product_odd_x	AK/Math.h:49	stub
AK::DistinctNumericFeature::Arithmetic	luce-browser-foundation	ak	Arithmetic	AK/DistinctNumeric.h:50	enum
AK::DistinctNumericFeature::CastToBool	luce-browser-foundation	ak	CastToBool	AK/DistinctNumeric.h:51	enum
AK::DistinctNumericFeature::CastToUnderlying	luce-browser-foundation	ak	CastToUnderlying	AK/DistinctNumeric.h:52	enum
AK::DistinctNumericFeature::Comparison	luce-browser-foundation	ak	Comparison	AK/DistinctNumeric.h:53	enum
AK::DistinctNumericFeature::Flags	luce-browser-foundation	ak	Flags	AK/DistinctNumeric.h:54	enum
AK::DistinctNumericFeature::Increment	luce-browser-foundation	ak	Increment	AK/DistinctNumeric.h:55	enum
AK::DistinctNumericFeature::Shift	luce-browser-foundation	ak	Shift	AK/DistinctNumeric.h:56	enum
AK::Division::fmod	luce-browser-foundation	ak	division_fmod	AK/Math.h:393	stub
AK::Division::remainder	luce-browser-foundation	ak	division_remainder	AK/Math.h:442	stub
AK::DoublyLinkedList	luce-browser-foundation	ak	DoublyLinkedList	AK/DoublyLinkedList.h:41	generic struct
AK::DoublyLinkedList::Node	luce-browser-foundation	ak	DoublyLinkedListNode	AK/DoublyLinkedList.h:43	opaque
AK::DoublyLinkedList::Node::value	luce-browser-foundation	ak	doubly_linked_list_node_value	AK/DoublyLinkedList.h:52	stub
AK::DoublyLinkedList::Node::value	luce-browser-foundation	ak	doubly_linked_list_node_value_const	AK/DoublyLinkedList.h:51	stub
AK::DoublyLinkedList::begin	luce-browser-foundation	ak	doubly_linked_list_begin	AK/DoublyLinkedList.h:181	stub
AK::DoublyLinkedList::begin	luce-browser-foundation	ak	doubly_linked_list_begin_const	AK/DoublyLinkedList.h:186	stub
AK::DoublyLinkedList::clear	luce-browser-foundation	ak	doubly_linked_list_clear	AK/DoublyLinkedList.h:75	stub
AK::DoublyLinkedList::contains_slow	luce-browser-foundation	ak	doubly_linked_list_contains_slow	AK/DoublyLinkedList.h:174	stub
AK::DoublyLinkedList::drop_node	luce-browser-foundation	ak	doubly_linked_list_drop_node	AK/DoublyLinkedList.h:269	stub
AK::DoublyLinkedList::end	luce-browser-foundation	ak	doubly_linked_list_end	AK/DoublyLinkedList.h:182	stub
AK::DoublyLinkedList::end	luce-browser-foundation	ak	doubly_linked_list_end_const	AK/DoublyLinkedList.h:187	stub
AK::DoublyLinkedList::ensure_capacity	luce-browser-foundation	ak	doubly_linked_list_ensure_capacity	AK/DoublyLinkedList.h:256	stub
AK::DoublyLinkedList::find	luce-browser-foundation	ak	doubly_linked_list_find	AK/DoublyLinkedList.h:194	stub
AK::DoublyLinkedList::find	luce-browser-foundation	ak	doubly_linked_list_find_const	AK/DoublyLinkedList.h:189	stub
AK::DoublyLinkedList::first	luce-browser-foundation	ak	doubly_linked_list_first	AK/DoublyLinkedList.h:87	stub
AK::DoublyLinkedList::first	luce-browser-foundation	ak	doubly_linked_list_first_const	AK/DoublyLinkedList.h:92	stub
AK::DoublyLinkedList::is_empty	luce-browser-foundation	ak	doubly_linked_list_is_empty	AK/DoublyLinkedList.h:73	stub
AK::DoublyLinkedList::last	luce-browser-foundation	ak	doubly_linked_list_last	AK/DoublyLinkedList.h:97	stub
AK::DoublyLinkedList::last	luce-browser-foundation	ak	doubly_linked_list_last_const	AK/DoublyLinkedList.h:102	stub
AK::DoublyLinkedList::prepend	luce-browser-foundation	ak	doubly_linked_list_prepend	AK/DoublyLinkedList.h:169	stub
AK::DoublyLinkedList::remove	luce-browser-foundation	ak	doubly_linked_list_remove	AK/DoublyLinkedList.h:199	stub
AK::DoublyLinkedList::size	luce-browser-foundation	ak	doubly_linked_list_size	AK/DoublyLinkedList.h:253	stub
AK::DoublyLinkedList::take_first	luce-browser-foundation	ak	doubly_linked_list_take_first	AK/DoublyLinkedList.h:223	stub
AK::DoublyLinkedList::take_last	luce-browser-foundation	ak	doubly_linked_list_take_last	AK/DoublyLinkedList.h:238	stub
AK::DoublyLinkedList::try_prepend	luce-browser-foundation	ak	doubly_linked_list_try_prepend	AK/DoublyLinkedList.h:141	stub
AK::DoublyLinkedList::unchecked_last	luce-browser-foundation	ak	doubly_linked_list_unchecked_last	AK/DoublyLinkedList.h:108	stub
AK::DoublyLinkedList::unchecked_last	luce-browser-foundation	ak	doubly_linked_list_unchecked_last_const	AK/DoublyLinkedList.h:112	stub
AK::DoublyLinkedListIterator	luce-browser-foundation	ak	DoublyLinkedListIterator	AK/DoublyLinkedList.h:17	generic struct
AK::DoublyLinkedListIterator::DoublyLinkedListIterator<ListType, ElementType>	luce-browser-foundation	ak	doubly_linked_list_iterator_construct	AK/DoublyLinkedList.h:33	construct
AK::DoublyLinkedListIterator::is_end	luce-browser-foundation	ak	doubly_linked_list_iterator_is_end	AK/DoublyLinkedList.h:28	stub
AK::DoublyLinkedListIterator::operator!=	luce-browser-foundation	ak	doubly_linked_list_iterator_ne	AK/DoublyLinkedList.h:19	stub
AK::DoublyLinkedListIterator::operator*	luce-browser-foundation	ak	doubly_linked_list_iterator_deref	AK/DoublyLinkedList.h:26	stub
AK::DoublyLinkedListIterator::operator++	luce-browser-foundation	ak	doubly_linked_list_iterator_inc	AK/DoublyLinkedList.h:21	stub
AK::DoublyLinkedListIterator::operator->	luce-browser-foundation	ak	doubly_linked_list_iterator_arrow	AK/DoublyLinkedList.h:27	stub
AK::DoublyLinkedListIterator::operator==	luce-browser-foundation	ak	doubly_linked_list_iterator_eq	AK/DoublyLinkedList.h:20	stub
AK::DoublyLinkedListIterator::universal_end	luce-browser-foundation	ak	doubly_linked_list_iterator_universal_end	AK/DoublyLinkedList.h:29	stub
AK::Duration	luce-browser-foundation	ak	Duration	AK/Time.h:167	struct
AK::Duration::Duration	luce-browser-foundation	ak	duration_construct	AK/Time.h:361	construct
AK::Duration::from_half_sanitized	luce-browser-foundation	ak	duration_from_half_sanitized	AK/Time.cpp:249	stub
AK::Duration::from_microseconds	luce-browser-foundation	ak	duration_from_microseconds	AK/Time.h:236	stub
AK::Duration::from_milliseconds	luce-browser-foundation	ak	duration_from_milliseconds	AK/Time.h:241	stub
AK::Duration::from_nanoseconds	luce-browser-foundation	ak	duration_from_nanoseconds	AK/Time.h:231	stub
AK::Duration::from_seconds	luce-browser-foundation	ak	duration_from_seconds	AK/Time.h:217	stub
AK::Duration::from_seconds_f64	luce-browser-foundation	ak	duration_from_seconds_f64	AK/Time.h:218	stub
AK::Duration::from_ticks	luce-browser-foundation	ak	duration_from_ticks	AK/Time.cpp:47	stub
AK::Duration::from_time_units	luce-browser-foundation	ak	duration_from_time_units	AK/Time.cpp:71	stub
AK::Duration::from_timespec	luce-browser-foundation	ak	duration_from_timespec	AK/Time.cpp:56	stub
AK::Duration::from_timeval	luce-browser-foundation	ak	duration_from_timeval	AK/Time.cpp:63	stub
AK::Duration::is_negative	luce-browser-foundation	ak	duration_is_negative	AK/Time.h:271	stub
AK::Duration::is_zero	luce-browser-foundation	ak	duration_is_zero	AK/Time.h:270	stub
AK::Duration::max	luce-browser-foundation	ak	duration_max	AK/Time.h:253	stub
AK::Duration::min	luce-browser-foundation	ak	duration_min	AK/Time.h:251	stub
AK::Duration::operator+	luce-browser-foundation	ak	duration_add	AK/Time.h:273	stub
AK::Duration::operator+=	luce-browser-foundation	ak	duration_add_assign	AK/Time.h:313	stub
AK::Duration::operator-	luce-browser-foundation	ak	duration_sub	AK/Time.h:319	stub
AK::Duration::operator-=	luce-browser-foundation	ak	duration_sub_assign	AK/Time.h:338	stub
AK::Duration::operator<=>	luce-browser-foundation	ak	duration_cmp	AK/Time.h:345	stub
AK::Duration::sane_mod	luce-browser-foundation	ak	duration_sane_mod_i32	AK/Time.h:206	stub
AK::Duration::sane_mod	luce-browser-foundation	ak	duration_sane_mod_i64	AK/Time.h:190	stub
AK::Duration::to_microseconds	luce-browser-foundation	ak	duration_to_microseconds	AK/Time.cpp:180	stub
AK::Duration::to_milliseconds	luce-browser-foundation	ak	duration_to_milliseconds	AK/Time.cpp:163	stub
AK::Duration::to_nanoseconds	luce-browser-foundation	ak	duration_to_nanoseconds	AK/Time.cpp:197	stub
AK::Duration::to_seconds	luce-browser-foundation	ak	duration_to_seconds	AK/Time.cpp:146	stub
AK::Duration::to_seconds_f64	luce-browser-foundation	ak	duration_to_seconds_f64	AK/Time.cpp:157	stub
AK::Duration::to_time_units	luce-browser-foundation	ak	duration_to_time_units	AK/Time.cpp:227	stub
AK::Duration::to_timespec	luce-browser-foundation	ak	duration_to_timespec	AK/Time.cpp:212	stub
AK::Duration::to_timeval	luce-browser-foundation	ak	duration_to_timeval	AK/Time.cpp:218	stub
AK::Duration::to_truncated_microseconds	luce-browser-foundation	ak	duration_to_truncated_microseconds	AK/Time.cpp:127	stub
AK::Duration::to_truncated_milliseconds	luce-browser-foundation	ak	duration_to_truncated_milliseconds	AK/Time.cpp:108	stub
AK::Duration::to_truncated_seconds	luce-browser-foundation	ak	duration_to_truncated_seconds	AK/Time.cpp:98	stub
AK::Duration::zero	luce-browser-foundation	ak	duration_zero	AK/Time.h:252	stub
AK::Empty	luce-browser-foundation	ak	Empty	AK/Variant.h:220	struct
AK::EmptyByteStringImpl	luce-browser-foundation	ak	EmptyByteStringImpl	AK/ByteStringImpl.cpp:16	struct
AK::EmptyByteStringImpl [default member initializers]	luce-browser-foundation	ak	empty_byte_string_impl_init_fields	AK/ByteStringImpl.cpp:16	init fields
AK::Endianness	luce-browser-foundation	ak	Endianness	AK/Endian.h:21	enum
AK::Error	luce-browser-foundation	ak	AkError	AK/Error.h:16	struct
AK::Error::Error	luce-browser-foundation	ak	ak_error_construct_i32	AK/Error.h:88	construct
AK::Error::Error	luce-browser-foundation	ak	ak_error_construct_string_view	AK/Error.h:95	construct
AK::Error::Error	luce-browser-foundation	ak	ak_error_construct_string_view_i32	AK/Error.h:101	construct
AK::Error::Kind	luce-browser-foundation	ak	AkErrorKind	AK/Error.h:18	enum
AK::Error::code	luce-browser-foundation	ak	ak_error_code	AK/Error.h:84	stub
AK::Error::copy	luce-browser-foundation	ak	ak_error_copy	AK/Error.h:67	stub
AK::Error::from_errno	luce-browser-foundation	ak	ak_error_from_errno	AK/Error.h:25	stub
AK::Error::from_string_view	luce-browser-foundation	ak	ak_error_from_string_view_string_view	AK/Error.h:47	stub
AK::Error::from_string_view	luce-browser-foundation	ak	ak_error_from_string_view_t	AK/Error.h:53	stub
AK::Error::from_syscall	luce-browser-foundation	ak	ak_error_from_syscall	AK/Error.h:30	stub
AK::Error::is_errno	luce-browser-foundation	ak	ak_error_is_errno	AK/Error.h:80	stub
AK::Error::is_windows_error	luce-browser-foundation	ak	ak_error_is_windows_error	AK/Error.h:81	stub
AK::Error::kind	luce-browser-foundation	ak	ak_error_kind	AK/Error.h:85	stub
AK::Error::operator==	luce-browser-foundation	ak	ak_error_eq	AK/Error.h:75	stub
AK::Error::string_literal	luce-browser-foundation	ak	ak_error_string_literal	AK/Error.h:83	stub
AK::Exponentials::exp	luce-browser-foundation	ak	exponentials_exp	AK/Math.h:873	stub
AK::Exponentials::exp2	luce-browser-foundation	ak	exponentials_exp2	AK/Math.h:901	stub
AK::Exponentials::log	luce-browser-foundation	ak	exponentials_log	AK/Math.h:829	stub
AK::Exponentials::log10	luce-browser-foundation	ak	exponentials_log10	AK/Math.h:851	stub
AK::Exponentials::log2	luce-browser-foundation	ak	exponentials_log2	AK/Math.h:740	stub
AK::FastLastAccess	luce-browser-foundation	ak	FastLastAccess	AK/Forward.h:168	enum
AK::FixedBitmap	luce-browser-foundation	ak	FixedBitmap	AK/FixedBitmap.h:16	generic struct
AK::FixedMemoryStream	luce-browser-foundation	ak	FixedMemoryStream	AK/MemoryStream.h:19	struct
AK::FixedMemoryStream [default member initializers]	luce-browser-foundation	ak	fixed_memory_stream_init_fields	AK/MemoryStream.h:19	init fields
AK::FixedMemoryStream::FixedMemoryStream	luce-browser-foundation	ak	fixed_memory_stream_construct	AK/MemoryStream.cpp:20	construct
AK::FixedMemoryStream::FixedMemoryStream	luce-browser-foundation	ak	fixed_memory_stream_construct_fixed_memory_stream_mode	AK/MemoryStream.cpp:14	construct
AK::FixedMemoryStream::Mode	luce-browser-foundation	ak	FixedMemoryStreamMode	AK/MemoryStream.h:21	enum
AK::FixedMemoryStream::close	luce-browser-foundation	ak	fixed_memory_stream_close_impl	AK/MemoryStream.cpp:36	impl
AK::FixedMemoryStream::is_eof	luce-browser-foundation	ak	fixed_memory_stream_is_eof_impl	AK/MemoryStream.cpp:26	impl
AK::FixedMemoryStream::is_open	luce-browser-foundation	ak	fixed_memory_stream_is_open_impl	AK/MemoryStream.cpp:31	impl
AK::FixedMemoryStream::offset	luce-browser-foundation	ak	fixed_memory_stream_offset	AK/MemoryStream.cpp:105	stub
AK::FixedMemoryStream::read_in_place	luce-browser-foundation	ak	fixed_memory_stream_read_in_place	AK/MemoryStream.h:54	stub
AK::FixedMemoryStream::read_in_place	luce-browser-foundation	ak	fixed_memory_stream_read_in_place_usize	AK/MemoryStream.h:70	stub
AK::FixedMemoryStream::read_some	luce-browser-foundation	ak	fixed_memory_stream_read_some_impl	AK/MemoryStream.h:33	impl
AK::FixedMemoryStream::read_until_filled	luce-browser-foundation	ak	fixed_memory_stream_read_until_filled_impl	AK/MemoryStream.cpp:46	impl
AK::FixedMemoryStream::remaining	luce-browser-foundation	ak	fixed_memory_stream_remaining	AK/MemoryStream.cpp:110	stub
AK::FixedMemoryStream::seek	luce-browser-foundation	ak	fixed_memory_stream_seek_impl	AK/MemoryStream.cpp:57	impl
AK::FixedMemoryStream::truncate	luce-browser-foundation	ak	fixed_memory_stream_truncate_impl	AK/MemoryStream.cpp:41	impl
AK::FixedMemoryStream::write_some	luce-browser-foundation	ak	fixed_memory_stream_write_some_impl	AK/MemoryStream.cpp:82	impl
AK::FixedMemoryStream::write_until_depleted	luce-browser-foundation	ak	fixed_memory_stream_write_until_depleted_span_u8_impl	AK/MemoryStream.cpp:96	impl
AK::FixedPoint	luce-browser-foundation	ak	FixedPoint	AK/FixedPoint.h:31	generic struct
AK::FixedPoint::FixedPoint<precision, Underlying>	luce-browser-foundation	ak	fixed_point_fixed_point_precision_underlying	AK/FixedPoint.h:41	stub
AK::FixedPoint::ceil	luce-browser-foundation	ak	fixed_point_ceil	AK/FixedPoint.h:126	stub
AK::FixedPoint::clamp	luce-browser-foundation	ak	fixed_point_clamp	AK/FixedPoint.h:91	stub
AK::FixedPoint::create_raw	luce-browser-foundation	ak	fixed_point_create_raw	AK/FixedPoint.h:70	stub
AK::FixedPoint::floor	luce-browser-foundation	ak	fixed_point_floor	AK/FixedPoint.h:122	stub
AK::FixedPoint::fract	luce-browser-foundation	ak	fixed_point_fract	AK/FixedPoint.h:86	stub
AK::FixedPoint::lceil	luce-browser-foundation	ak	fixed_point_lceil	AK/FixedPoint.h:141	stub
AK::FixedPoint::lfloor	luce-browser-foundation	ak	fixed_point_lfloor	AK/FixedPoint.h:140	stub
AK::FixedPoint::log2	luce-browser-foundation	ak	fixed_point_log2	AK/FixedPoint.h:155	stub
AK::FixedPoint::lrint	luce-browser-foundation	ak	fixed_point_lrint	AK/FixedPoint.h:139	stub
AK::FixedPoint::ltrunc	luce-browser-foundation	ak	fixed_point_ltrunc	AK/FixedPoint.h:146	stub
AK::FixedPoint::operator type-parameter-1-0	luce-browser-foundation	ak	fixed_point_to_t	AK/FixedPoint.h:59	stub
AK::FixedPoint::operator!=	luce-browser-foundation	ak	fixed_point_ne_fixed_point	AK/FixedPoint.h:362	stub
AK::FixedPoint::operator!=	luce-browser-foundation	ak	fixed_point_ne_i	AK/FixedPoint.h:375	stub
AK::FixedPoint::operator*	luce-browser-foundation	ak	fixed_point_mul_fixed_point	AK/FixedPoint.h:207	stub
AK::FixedPoint::operator*	luce-browser-foundation	ak	fixed_point_mul_i	AK/FixedPoint.h:283	stub
AK::FixedPoint::operator*=	luce-browser-foundation	ak	fixed_point_mul_assign_fixed_point	AK/FixedPoint.h:313	stub
AK::FixedPoint::operator*=	luce-browser-foundation	ak	fixed_point_mul_assign_i	AK/FixedPoint.h:337	stub
AK::FixedPoint::operator+	luce-browser-foundation	ak	fixed_point_add_fixed_point	AK/FixedPoint.h:199	stub
AK::FixedPoint::operator+	luce-browser-foundation	ak	fixed_point_add_i	AK/FixedPoint.h:273	stub
AK::FixedPoint::operator+=	luce-browser-foundation	ak	fixed_point_add_assign_fixed_point	AK/FixedPoint.h:303	stub
AK::FixedPoint::operator+=	luce-browser-foundation	ak	fixed_point_add_assign_i	AK/FixedPoint.h:325	stub
AK::FixedPoint::operator-	luce-browser-foundation	ak	fixed_point_neg	AK/FixedPoint.h:193	stub
AK::FixedPoint::operator-	luce-browser-foundation	ak	fixed_point_sub_fixed_point	AK/FixedPoint.h:203	stub
AK::FixedPoint::operator-	luce-browser-foundation	ak	fixed_point_sub_i	AK/FixedPoint.h:278	stub
AK::FixedPoint::operator-=	luce-browser-foundation	ak	fixed_point_sub_assign_fixed_point	AK/FixedPoint.h:308	stub
AK::FixedPoint::operator-=	luce-browser-foundation	ak	fixed_point_sub_assign_i	AK/FixedPoint.h:331	stub
AK::FixedPoint::operator/	luce-browser-foundation	ak	fixed_point_div_fixed_point	AK/FixedPoint.h:240	stub
AK::FixedPoint::operator/	luce-browser-foundation	ak	fixed_point_div_i	AK/FixedPoint.h:288	stub
AK::FixedPoint::operator/=	luce-browser-foundation	ak	fixed_point_div_assign_fixed_point	AK/FixedPoint.h:318	stub
AK::FixedPoint::operator/=	luce-browser-foundation	ak	fixed_point_div_assign_i	AK/FixedPoint.h:343	stub
AK::FixedPoint::operator<	luce-browser-foundation	ak	fixed_point_lt_fixed_point	AK/FixedPoint.h:365	stub
AK::FixedPoint::operator<	luce-browser-foundation	ak	fixed_point_lt_i	AK/FixedPoint.h:390	stub
AK::FixedPoint::operator<<	luce-browser-foundation	ak	fixed_point_shl	AK/FixedPoint.h:298	stub
AK::FixedPoint::operator<<=	luce-browser-foundation	ak	fixed_point_shl_assign	AK/FixedPoint.h:355	stub
AK::FixedPoint::operator<=	luce-browser-foundation	ak	fixed_point_le_fixed_point	AK/FixedPoint.h:366	stub
AK::FixedPoint::operator<=	luce-browser-foundation	ak	fixed_point_le_i	AK/FixedPoint.h:395	stub
AK::FixedPoint::operator==	luce-browser-foundation	ak	fixed_point_eq_fixed_point	AK/FixedPoint.h:361	stub
AK::FixedPoint::operator==	luce-browser-foundation	ak	fixed_point_eq_i	AK/FixedPoint.h:370	stub
AK::FixedPoint::operator>	luce-browser-foundation	ak	fixed_point_gt_fixed_point	AK/FixedPoint.h:363	stub
AK::FixedPoint::operator>	luce-browser-foundation	ak	fixed_point_gt_i	AK/FixedPoint.h:380	stub
AK::FixedPoint::operator>=	luce-browser-foundation	ak	fixed_point_ge_fixed_point	AK/FixedPoint.h:364	stub
AK::FixedPoint::operator>=	luce-browser-foundation	ak	fixed_point_ge_i	AK/FixedPoint.h:385	stub
AK::FixedPoint::operator>>	luce-browser-foundation	ak	fixed_point_shr	AK/FixedPoint.h:293	stub
AK::FixedPoint::operator>>=	luce-browser-foundation	ak	fixed_point_shr_assign	AK/FixedPoint.h:349	stub
AK::FixedPoint::raw	luce-browser-foundation	ak	fixed_point_raw	AK/FixedPoint.h:81	stub
AK::FixedPoint::raw	luce-browser-foundation	ak	fixed_point_raw_const	AK/FixedPoint.h:77	stub
AK::FixedPoint::rint	luce-browser-foundation	ak	fixed_point_rint	AK/FixedPoint.h:100	stub
AK::FixedPoint::signbit	luce-browser-foundation	ak	fixed_point_signbit	AK/FixedPoint.h:187	stub
AK::FixedPoint::trunc	luce-browser-foundation	ak	fixed_point_trunc	AK/FixedPoint.h:131	stub
AK::FlyString	luce-browser-foundation	ak	FlyString	AK/FlyString.h:20	struct
AK::FlyString::FlyString	luce-browser-foundation	ak	fly_string_construct_string	AK/FlyString.cpp:51	construct
AK::FlyString::FlyString	luce-browser-foundation	ak	fly_string_construct_string_base	AK/FlyString.h:105	construct
AK::FlyString::FlyString	luce-browser-foundation	ak	fly_string_construct_void	AK/FlyString.h:100	construct
AK::FlyString::ascii_case_insensitive_hash	luce-browser-foundation	ak	fly_string_ascii_case_insensitive_hash	AK/FlyString.cpp:82	ported
AK::FlyString::bytes	luce-browser-foundation	ak	fly_string_bytes	AK/FlyString.h:54	ported
AK::FlyString::bytes_as_string_view	luce-browser-foundation	ak	fly_string_bytes_as_string_view	AK/FlyString.h:55	ported
AK::FlyString::code_points	luce-browser-foundation	ak	fly_string_code_points	AK/FlyString.cpp:98	ported
AK::FlyString::data	luce-browser-foundation	ak	fly_string_data	AK/FlyString.cpp:113	ported
AK::FlyString::ends_with_bytes	luce-browser-foundation	ak	fly_string_ends_with_bytes	AK/FlyString.cpp:203	ported
AK::FlyString::equals_ignoring_ascii_case	luce-browser-foundation	ak	fly_string_equals_ignoring_ascii_case_fly_string	AK/FlyString.cpp:186	ported
AK::FlyString::equals_ignoring_ascii_case	luce-browser-foundation	ak	fly_string_equals_ignoring_ascii_case_string_view	AK/FlyString.cpp:193	ported
AK::FlyString::from_ascii_short_string_without_validation	luce-browser-foundation	ak	fly_string_from_ascii_short_string_without_validation	AK/FlyString.h:30	ported
AK::FlyString::from_utf8	luce-browser-foundation	ak	fly_string_from_utf8	AK/FlyString.cpp:29	ported
AK::FlyString::from_utf8_without_validation	luce-browser-foundation	ak	fly_string_from_utf8_without_validation	AK/FlyString.cpp:40	ported
AK::FlyString::hash	luce-browser-foundation	ak	fly_string_hash	AK/FlyString.h:47	ported
AK::FlyString::is_ascii	luce-browser-foundation	ak	fly_string_is_ascii	AK/FlyString.h:79	ported
AK::FlyString::is_empty	luce-browser-foundation	ak	fly_string_is_empty	AK/FlyString.h:46	ported
AK::FlyString::is_invalid	luce-browser-foundation	ak	fly_string_is_invalid	AK/FlyString.h:112	ported
AK::FlyString::number_of_fly_strings	luce-browser-foundation	ak	fly_string_number_of_fly_strings	AK/FlyString.cpp:118	ported
AK::FlyString::operator String	luce-browser-foundation	ak	fly_string_to_string_const	AK/FlyString.cpp:87	ported
AK::FlyString::operator<=>	luce-browser-foundation	ak	fly_string_cmp	AK/FlyString.cpp:128	ported
AK::FlyString::operator==	luce-browser-foundation	ak	fly_string_eq_fly_string	AK/FlyString.h:57	ported
AK::FlyString::operator==	luce-browser-foundation	ak	fly_string_eq_string	AK/FlyString.h:58	ported
AK::FlyString::operator==	luce-browser-foundation	ak	fly_string_eq_string_view	AK/FlyString.cpp:103	ported
AK::FlyString::operator==	luce-browser-foundation	ak	fly_string_eq_u8	AK/FlyString.cpp:108	ported
AK::FlyString::starts_with_bytes	luce-browser-foundation	ak	fly_string_starts_with_bytes	AK/FlyString.cpp:198	ported
AK::FlyString::to_ascii_lowercase	luce-browser-foundation	ak	fly_string_to_ascii_lowercase	AK/FlyString.cpp:138	ported
AK::FlyString::to_ascii_uppercase	luce-browser-foundation	ak	fly_string_to_ascii_uppercase	AK/FlyString.cpp:162	ported
AK::FlyString::to_string	luce-browser-foundation	ak	fly_string_to_string_const_2	AK/FlyString.cpp:92	ported
AK::FlyStringTableHashTraits	luce-browser-foundation	ak	FlyStringTableHashTraits	AK/FlyString.cpp:17	struct
AK::FlyStringTableHashTraits::equals	luce-browser-foundation	ak	fly_string_table_hash_traits_equals	AK/FlyString.cpp:19	ported
AK::FlyStringTableHashTraits::hash	luce-browser-foundation	ak	fly_string_table_hash_traits_hash	AK/FlyString.cpp:18	ported
AK::FlyStringTableHashTraits::may_have_slow_equality_check	luce-browser-foundation	ak	fly_string_table_hash_traits_may_have_slow_equality_check	AK/FlyString.cpp:20	ported
AK::Format::Detail::Array	luce-browser-foundation	ak	Array	AK/CheckedFormatString.h:19	generic struct
AK::Format::Detail::Array::begin	luce-browser-foundation	ak	array_begin	AK/CheckedFormatString.h:27	stub
AK::Format::Detail::Array::begin	luce-browser-foundation	ak	array_begin_const	AK/CheckedFormatString.h:26	stub
AK::Format::Detail::Array::end	luce-browser-foundation	ak	array_end	AK/CheckedFormatString.h:30	stub
AK::Format::Detail::Array::end	luce-browser-foundation	ak	array_end_const	AK/CheckedFormatString.h:29	stub
AK::Format::Detail::Array::operator[]	luce-browser-foundation	ak	array_at	AK/CheckedFormatString.h:22	stub
AK::Format::Detail::Array::operator[]	luce-browser-foundation	ak	array_at_const	AK/CheckedFormatString.h:21	stub
AK::Format::Detail::Array::size	luce-browser-foundation	ak	array_size	AK/CheckedFormatString.h:20	stub
AK::Format::Detail::CheckedFormatString	luce-browser-foundation	ak	CheckedFormatString	AK/CheckedFormatString.h:137	generic struct
AK::Format::Detail::CheckedFormatString::CheckedFormatString<Args...>	luce-browser-foundation	ak	checked_format_string_checked_format_string_args	AK/CheckedFormatString.h:148	stub
AK::Format::Detail::CheckedFormatString::view	luce-browser-foundation	ak	checked_format_string_view	AK/CheckedFormatString.h:154	stub
AK::FormatBuilder	luce-browser-foundation	ak	FormatBuilder	AK/Format.h:198	struct
AK::FormatBuilder::Align	luce-browser-foundation	ak	FormatBuilderAlign	AK/Format.h:200	enum
AK::FormatBuilder::FormatBuilder	luce-browser-foundation	ak	format_builder_construct	AK/Format.h:219	construct
AK::FormatBuilder::RealNumberDisplayMode	luce-browser-foundation	ak	FormatBuilderRealNumberDisplayMode	AK/Format.h:213	enum
AK::FormatBuilder::SignMode	luce-browser-foundation	ak	FormatBuilderSignMode	AK/Format.h:206	enum
AK::FormatBuilder::builder	luce-browser-foundation	ak	format_builder_builder	AK/Format.h:311	stub
AK::FormatBuilder::builder	luce-browser-foundation	ak	format_builder_builder_const	AK/Format.h:307	stub
AK::FormatBuilder::put_f32_or_f64	luce-browser-foundation	ak	format_builder_put_f32_or_f64	AK/Format.cpp:564	stub
AK::FormatBuilder::put_f64_with_precision	luce-browser-foundation	ak	format_builder_put_f64_with_precision	AK/Format.cpp:487	stub
AK::FormatBuilder::put_f80	luce-browser-foundation	ak	format_builder_put_f80	AK/Format.cpp:717	stub
AK::FormatBuilder::put_fixed_point	luce-browser-foundation	ak	format_builder_put_fixed_point	AK/Format.cpp:392	stub
AK::FormatBuilder::put_hexdump	luce-browser-foundation	ak	format_builder_put_hexdump	AK/Format.cpp:790	stub
AK::FormatBuilder::put_i64	luce-browser-foundation	ak	format_builder_put_i64	AK/Format.cpp:368	stub
AK::FormatBuilder::put_literal	luce-browser-foundation	ak	format_builder_put_literal	AK/Format.cpp:224	stub
AK::FormatBuilder::put_padding	luce-browser-foundation	ak	format_builder_put_padding	AK/Format.cpp:218	stub
AK::FormatBuilder::put_string	luce-browser-foundation	ak	format_builder_put_string	AK/Format.cpp:234	stub
AK::FormatBuilder::put_u64	luce-browser-foundation	ak	format_builder_put_u64	AK/Format.cpp:264	stub
AK::FormatIfSupported	luce-browser-foundation	ak	FormatIfSupported	AK/Format.h:749	generic struct
AK::FormatIfSupported::FormatIfSupported<T>	luce-browser-foundation	ak	format_if_supported_construct	AK/Format.h:751	construct
AK::FormatIfSupported::value	luce-browser-foundation	ak	format_if_supported_value	AK/Format.h:756	stub
AK::FormatParser	luce-browser-foundation	ak	FormatParser	AK/Format.cpp:44	struct
AK::FormatParser::FormatParser	luce-browser-foundation	ak	format_parser_construct	AK/Format.cpp:128	construct
AK::FormatParser::FormatSpecifier	luce-browser-foundation	ak	FormatParserFormatSpecifier	AK/Format.cpp:46	opaque
AK::FormatParser::consume_literal	luce-browser-foundation	ak	format_parser_consume_literal	AK/Format.cpp:132	stub
AK::FormatParser::consume_number	luce-browser-foundation	ak	format_parser_consume_number	AK/Format.cpp:151	stub
AK::FormatParser::consume_replacement_field	luce-browser-foundation	ak	format_parser_consume_replacement_field	AK/Format.cpp:204	stub
AK::FormatParser::consume_specifier	luce-browser-foundation	ak	format_parser_consume_specifier	AK/Format.cpp:164	stub
AK::FormatString	luce-browser-foundation	ak	FormatString	AK/Format.h:781	struct
AK::Formatter<AK::Duration>::format	luce-browser-foundation	ak	formatter_duration_format	AK/Time.cpp:271	ported
AK::Formatter<AK::UnixDateTime>::format	luce-browser-foundation	ak	formatter_unix_date_time_format	AK/Time.h:669	ported
AK::Function::CallableWrapper	luce-browser-foundation	ak	CallableWrapper	AK/Function.h:212	generic struct
AK::Function::CallableWrapper::CallableWrapper<CallableType>	luce-browser-foundation	ak	callable_wrapper_construct	AK/Function.h:217	construct
AK::Function::CallableWrapper::init_and_swap	luce-browser-foundation	ak	callable_wrapper_init_and_swap	AK/Function.h:238	stub
AK::Function::CallableWrapper::raw_callable	luce-browser-foundation	ak	callable_wrapper_raw_callable	AK/Function.h:244	stub
AK::Function::CallableWrapperBase	luce-browser-foundation	ak	CallableWrapperBase	AK/Function.h:202	struct
AK::Function::CallableWrapperBase::call	luce-browser-foundation	ak	callable_wrapper_base_call_impl	AK/Function.h:206	impl
AK::Function::CallableWrapperBase::call [dispatch]	luce-browser-foundation	ak	callable_wrapper_base_call	AK/Function.h:202	dispatcher
AK::Function::CallableWrapperBase::init_and_swap	luce-browser-foundation	ak	callable_wrapper_base_init_and_swap_impl	AK/Function.h:207	impl
AK::Function::CallableWrapperBase::init_and_swap [dispatch]	luce-browser-foundation	ak	callable_wrapper_base_init_and_swap	AK/Function.h:202	dispatcher
AK::Function::CallableWrapperBase::raw_callable	luce-browser-foundation	ak	callable_wrapper_base_raw_callable_impl	AK/Function.h:208	impl
AK::Function::CallableWrapperBase::raw_callable [dispatch]	luce-browser-foundation	ak	callable_wrapper_base_raw_callable	AK/Function.h:202	dispatcher
AK::HashMap::Entry	luce-browser-foundation	ak	Entry	AK/HashMap.h:23	opaque
AK::HashMap::HashMap<K, V, KeyTraits, ValueTraits, IsOrdered>	luce-browser-foundation	ak	hash_map_construct	AK/HashMap.h:40	construct
AK::HashMap::begin	luce-browser-foundation	ak	hash_map_begin	AK/HashMap.h:115	stub
AK::HashMap::begin	luce-browser-foundation	ak	hash_map_begin_const	AK/HashMap.h:129	stub
AK::HashMap::capacity	luce-browser-foundation	ak	hash_map_capacity	AK/HashMap.h:57	stub
AK::HashMap::clear	luce-browser-foundation	ak	hash_map_clear	AK/HashMap.h:58	stub
AK::HashMap::clear_with_capacity	luce-browser-foundation	ak	hash_map_clear_with_capacity	AK/HashMap.h:59	stub
AK::HashMap::contains	luce-browser-foundation	ak	hash_map_contains_k	AK/HashMap.h:220	stub
AK::HashMap::contains	luce-browser-foundation	ak	hash_map_contains_t_key	AK/HashMap.h:226	stub
AK::HashMap::end	luce-browser-foundation	ak	hash_map_end	AK/HashMap.h:116	stub
AK::HashMap::end	luce-browser-foundation	ak	hash_map_end_const	AK/HashMap.h:130	stub
AK::HashMap::ensure	luce-browser-foundation	ak	hash_map_ensure	AK/HashMap.h:274	stub
AK::HashMap::ensure	luce-browser-foundation	ak	hash_map_ensure_t_callback	AK/HashMap.h:269	stub
AK::HashMap::ensure_capacity	luce-browser-foundation	ak	hash_map_ensure_capacity	AK/HashMap.h:161	stub
AK::HashMap::find	luce-browser-foundation	ak	hash_map_find_k	AK/HashMap.h:117	stub
AK::HashMap::find	luce-browser-foundation	ak	hash_map_find_k_const	AK/HashMap.h:131	stub
AK::HashMap::find	luce-browser-foundation	ak	hash_map_find_t_key	AK/HashMap.h:144	stub
AK::HashMap::find	luce-browser-foundation	ak	hash_map_find_t_key_const	AK/HashMap.h:152	stub
AK::HashMap::find	luce-browser-foundation	ak	hash_map_find_u32_tt_unary_predicate	AK/HashMap.h:124	stub
AK::HashMap::find	luce-browser-foundation	ak	hash_map_find_u32_tt_unary_predicate_const	AK/HashMap.h:138	stub
AK::HashMap::get	luce-browser-foundation	ak	hash_map_get_k	AK/HashMap.h:181	stub
AK::HashMap::get	luce-browser-foundation	ak	hash_map_get_k_const	AK/HashMap.h:163	stub
AK::HashMap::get	luce-browser-foundation	ak	hash_map_get_t_key	AK/HashMap.h:211	stub
AK::HashMap::get	luce-browser-foundation	ak	hash_map_get_t_key_const	AK/HashMap.h:191	stub
AK::HashMap::is_empty	luce-browser-foundation	ak	hash_map_is_empty	AK/HashMap.h:52	stub
AK::HashMap::keys	luce-browser-foundation	ak	hash_map_keys	AK/HashMap.h:295	stub
AK::HashMap::operator!=	luce-browser-foundation	ak	hash_map_ne	AK/HashMap.h:330	stub
AK::HashMap::operator==	luce-browser-foundation	ak	hash_map_eq	AK/HashMap.h:314	stub
AK::HashMap::remove	luce-browser-foundation	ak	hash_map_remove_k	AK/HashMap.h:74	stub
AK::HashMap::remove	luce-browser-foundation	ak	hash_map_remove_opaque	AK/HashMap.h:231	stub
AK::HashMap::remove	luce-browser-foundation	ak	hash_map_remove_t_key	AK/HashMap.h:85	stub
AK::HashMap::remove_all_matching	luce-browser-foundation	ak	hash_map_remove_all_matching	AK/HashMap.h:96	stub
AK::HashMap::set	luce-browser-foundation	ak	hash_map_set	AK/HashMap.h:61	stub
AK::HashMap::set	luce-browser-foundation	ak	hash_map_set_2	AK/HashMap.h:62	stub
AK::HashMap::set	luce-browser-foundation	ak	hash_map_set_3	AK/HashMap.h:63	stub
AK::HashMap::size	luce-browser-foundation	ak	hash_map_size	AK/HashMap.h:56	stub
AK::HashMap::take	luce-browser-foundation	ak	hash_map_take_k	AK/HashMap.h:236	stub
AK::HashMap::take	luce-browser-foundation	ak	hash_map_take_t_key	AK/HashMap.h:249	stub
AK::HashMap::take_all_matching	luce-browser-foundation	ak	hash_map_take_all_matching	AK/HashMap.h:104	stub
AK::HashMap::take_first	luce-browser-foundation	ak	hash_map_take_first	AK/HashMap.h:261	stub
AK::HashMap::try_ensure	luce-browser-foundation	ak	hash_map_try_ensure	AK/HashMap.h:280	stub
AK::HashMap::try_ensure_capacity	luce-browser-foundation	ak	hash_map_try_ensure_capacity	AK/HashMap.h:159	stub
AK::HashMap::try_set	luce-browser-foundation	ak	hash_map_try_set	AK/HashMap.h:64	stub
AK::HashMap::try_set	luce-browser-foundation	ak	hash_map_try_set_2	AK/HashMap.h:65	stub
AK::HashMap::try_set	luce-browser-foundation	ak	hash_map_try_set_3	AK/HashMap.h:66	stub
AK::HashMap::update	luce-browser-foundation	ak	hash_map_update	AK/HashMap.h:68	stub
AK::HashSetExistingEntryBehavior	luce-browser-foundation	ak	HashSetExistingEntryBehavior	AK/HashTable.h:28	enum
AK::HashSetResult	luce-browser-foundation	ak	HashSetResult	AK/HashTable.h:22	enum
AK::HashTable::HashTable<T, TraitsForT, IsOrdered>	luce-browser-foundation	ak	hash_table_construct	AK/HashTable.h:179	construct
AK::HashTable::LookupForWritingResult	luce-browser-foundation	ak	LookupForWritingResult	AK/HashTable.h:700	opaque
AK::HashTable::begin	luce-browser-foundation	ak	hash_table_begin	AK/HashTable.h:288	stub
AK::HashTable::begin	luce-browser-foundation	ak	hash_table_begin_const	AK/HashTable.h:309	stub
AK::HashTable::bucket_state_for_probe_length	luce-browser-foundation	ak	hash_table_bucket_state_for_probe_length	AK/HashTable.h:693	stub
AK::HashTable::capacity	luce-browser-foundation	ak	hash_table_capacity	AK/HashTable.h:242	stub
AK::HashTable::clear	luce-browser-foundation	ak	hash_table_clear	AK/HashTable.h:362	stub
AK::HashTable::clear_with_capacity	luce-browser-foundation	ak	hash_table_clear_with_capacity	AK/HashTable.h:367	stub
AK::HashTable::commit_inserted_bucket	luce-browser-foundation	ak	hash_table_commit_inserted_bucket	AK/HashTable.h:826	stub
AK::HashTable::contains	luce-browser-foundation	ak	hash_table_contains_k	AK/HashTable.h:279	stub
AK::HashTable::contains	luce-browser-foundation	ak	hash_table_contains_t	AK/HashTable.h:273	stub
AK::HashTable::delete_bucket	luce-browser-foundation	ak	hash_table_delete_bucket	AK/HashTable.h:863	stub
AK::HashTable::end	luce-browser-foundation	ak	hash_table_end	AK/HashTable.h:300	stub
AK::HashTable::end	luce-browser-foundation	ak	hash_table_end_const	AK/HashTable.h:321	stub
AK::HashTable::end_bucket	luce-browser-foundation	ak	hash_table_end_bucket	AK/HashTable.h:611	stub
AK::HashTable::end_bucket	luce-browser-foundation	ak	hash_table_end_bucket_const	AK/HashTable.h:618	stub
AK::HashTable::ensure	luce-browser-foundation	ak	hash_table_ensure_u	AK/HashTable.h:398	stub
AK::HashTable::ensure	luce-browser-foundation	ak	hash_table_ensure_u32	AK/HashTable.h:404	stub
AK::HashTable::ensure_capacity	luce-browser-foundation	ak	hash_table_ensure_capacity	AK/HashTable.h:268	stub
AK::HashTable::find	luce-browser-foundation	ak	hash_table_find_k	AK/HashTable.h:457	stub
AK::HashTable::find	luce-browser-foundation	ak	hash_table_find_k_const	AK/HashTable.h:473	stub
AK::HashTable::find	luce-browser-foundation	ak	hash_table_find_k_tt_unary_predicate	AK/HashTable.h:465	stub
AK::HashTable::find	luce-browser-foundation	ak	hash_table_find_k_tt_unary_predicate_const	AK/HashTable.h:481	stub
AK::HashTable::find	luce-browser-foundation	ak	hash_table_find_t	AK/HashTable.h:435	stub
AK::HashTable::find	luce-browser-foundation	ak	hash_table_find_t_const	AK/HashTable.h:448	stub
AK::HashTable::find	luce-browser-foundation	ak	hash_table_find_u32_tt_unary_predicate	AK/HashTable.h:430	stub
AK::HashTable::find	luce-browser-foundation	ak	hash_table_find_u32_tt_unary_predicate_const	AK/HashTable.h:443	stub
AK::HashTable::in_reverse	luce-browser-foundation	ak	hash_table_in_reverse	AK/HashTable.h:342	stub
AK::HashTable::in_reverse	luce-browser-foundation	ak	hash_table_in_reverse_const	AK/HashTable.h:360	stub
AK::HashTable::is_empty	luce-browser-foundation	ak	hash_table_is_empty	AK/HashTable.h:240	stub
AK::HashTable::lookup_for_writing	luce-browser-foundation	ak	hash_table_lookup_for_writing	AK/HashTable.h:708	stub
AK::HashTable::lookup_with_hash	luce-browser-foundation	ak	hash_table_lookup_with_hash	AK/HashTable.h:659	stub
AK::HashTable::rbegin	luce-browser-foundation	ak	hash_table_rbegin	AK/HashTable.h:330	stub
AK::HashTable::rbegin	luce-browser-foundation	ak	hash_table_rbegin_const	AK/HashTable.h:348	stub
AK::HashTable::rehash	luce-browser-foundation	ak	hash_table_rehash	AK/HashTable.h:653	stub
AK::HashTable::relocate_bucket	luce-browser-foundation	ak	hash_table_relocate_bucket	AK/HashTable.h:586	stub
AK::HashTable::remove	luce-browser-foundation	ak	hash_table_remove_k	AK/HashTable.h:499	stub
AK::HashTable::remove	luce-browser-foundation	ak	hash_table_remove_opaque	AK/HashTable.h:510	stub
AK::HashTable::remove	luce-browser-foundation	ak	hash_table_remove_t	AK/HashTable.h:488	stub
AK::HashTable::remove_all_matching	luce-browser-foundation	ak	hash_table_remove_all_matching	AK/HashTable.h:518	stub
AK::HashTable::rend	luce-browser-foundation	ak	hash_table_rend	AK/HashTable.h:336	stub
AK::HashTable::rend	luce-browser-foundation	ak	hash_table_rend_const	AK/HashTable.h:354	stub
AK::HashTable::set	luce-browser-foundation	ak	hash_table_set	AK/HashTable.h:392	stub
AK::HashTable::should_grow	luce-browser-foundation	ak	hash_table_should_grow	AK/HashTable.h:583	stub
AK::HashTable::size	luce-browser-foundation	ak	hash_table_size	AK/HashTable.h:241	stub
AK::HashTable::size_in_bytes	luce-browser-foundation	ak	hash_table_size_in_bytes	AK/HashTable.h:584	stub
AK::HashTable::swap_buckets	luce-browser-foundation	ak	hash_table_swap_buckets	AK/HashTable.h:597	stub
AK::HashTable::take_all_matching	luce-browser-foundation	ak	hash_table_take_all_matching	AK/HashTable.h:537	stub
AK::HashTable::take_first	luce-browser-foundation	ak	hash_table_take_first	AK/HashTable.h:564	stub
AK::HashTable::take_last	luce-browser-foundation	ak	hash_table_take_last	AK/HashTable.h:555	stub
AK::HashTable::try_ensure_capacity	luce-browser-foundation	ak	hash_table_try_ensure_capacity	AK/HashTable.h:257	stub
AK::HashTable::try_rehash	luce-browser-foundation	ak	hash_table_try_rehash	AK/HashTable.h:623	stub
AK::HashTable::try_set	luce-browser-foundation	ak	hash_table_try_set	AK/HashTable.h:384	stub
AK::HashTable::used_bucket_probe_length	luce-browser-foundation	ak	hash_table_used_bucket_probe_length	AK/HashTable.h:675	stub
AK::HashTable::values	luce-browser-foundation	ak	hash_table_values	AK/HashTable.h:573	stub
AK::HashTable::write_value	luce-browser-foundation	ak	hash_table_write_value	AK/HashTable.h:843	stub
AK::HashTableIterator	luce-browser-foundation	ak	HashTableIterator	AK/HashTable.h:43	generic struct
AK::HashTableIterator::HashTableIterator<HashTableType, T, BucketType>	luce-browser-foundation	ak	hash_table_iterator_construct	AK/HashTable.h:67	construct
AK::HashTableIterator::operator!=	luce-browser-foundation	ak	hash_table_iterator_ne	AK/HashTable.h:48	stub
AK::HashTableIterator::operator*	luce-browser-foundation	ak	hash_table_iterator_deref	AK/HashTable.h:49	stub
AK::HashTableIterator::operator++	luce-browser-foundation	ak	hash_table_iterator_inc	AK/HashTable.h:51	stub
AK::HashTableIterator::operator->	luce-browser-foundation	ak	hash_table_iterator_arrow	AK/HashTable.h:50	stub
AK::HashTableIterator::operator==	luce-browser-foundation	ak	hash_table_iterator_eq	AK/HashTable.h:47	stub
AK::HashTableIterator::skip_to_next	luce-browser-foundation	ak	hash_table_iterator_skip_to_next	AK/HashTable.h:54	stub
AK::HostIsLittleEndian	luce-browser-foundation	ak	host_is_little_endian	AK/Endian.h:16	variable
AK::HumanReadableBasedOn	luce-browser-foundation	ak	HumanReadableBasedOn	AK/NumberFormat.h:14	enum
AK::Hyperbolic::acosh	luce-browser-foundation	ak	hyperbolic_acosh	AK/Math.h:975	stub
AK::Hyperbolic::asinh	luce-browser-foundation	ak	hyperbolic_asinh	AK/Math.h:969	stub
AK::Hyperbolic::atanh	luce-browser-foundation	ak	hyperbolic_atanh	AK/Math.h:981	stub
AK::Hyperbolic::cosh	luce-browser-foundation	ak	hyperbolic_cosh	AK/Math.h:946	stub
AK::Hyperbolic::sinh	luce-browser-foundation	ak	hyperbolic_sinh	AK/Math.h:937	stub
AK::Hyperbolic::tanh	luce-browser-foundation	ak	hyperbolic_tanh	AK/Math.h:957	stub
AK::IDAllocator	luce-browser-foundation	ak	IdAllocator	AK/IDAllocator.h:16	struct
AK::IDAllocator [default member initializers]	luce-browser-foundation	ak	id_allocator_init_fields	AK/IDAllocator.h:16	init fields
AK::IDAllocator::IDAllocator	luce-browser-foundation	ak	id_allocator_construct	AK/IDAllocator.h:21	construct
AK::IDAllocator::allocate	luce-browser-foundation	ak	id_allocator_allocate	AK/IDAllocator.h:28	stub
AK::IDAllocator::deallocate	luce-browser-foundation	ak	id_allocator_deallocate	AK/IDAllocator.h:42	stub
AK::INSERTION_SORT_CUTOFF	luce-browser-foundation	ak	insertion_sort_cutoff	AK/QuickSort.h:26	variable
AK::IPv4Address	luce-browser-foundation	ak	IPv4Address	AK/IPv4Address.h:19	struct
AK::IPv4Address::IPv4Address	luce-browser-foundation	ak	i_pv4_address_construct_array_u8	AK/IPv4Address.h:37	construct
AK::IPv4Address::IPv4Address	luce-browser-foundation	ak	i_pv4_address_construct_big_endian	AK/IPv4Address.h:42	construct
AK::IPv4Address::IPv4Address	luce-browser-foundation	ak	i_pv4_address_construct_u32	AK/IPv4Address.h:32	construct
AK::IPv4Address::SubnetClass	luce-browser-foundation	ak	IPv4AddressSubnetClass	AK/IPv4Address.h:20	enum
AK::IPv4Address::from_string	luce-browser-foundation	ak	i_pv4_address_from_string	AK/IPv4Address.h:80	ported
AK::IPv4Address::is_zero	luce-browser-foundation	ak	i_pv4_address_is_zero	AK/IPv4Address.h:125	ported
AK::IPv4Address::netmask_from_cidr	luce-browser-foundation	ak	i_pv4_address_netmask_from_cidr	AK/IPv4Address.h:112	ported
AK::IPv4Address::octet	luce-browser-foundation	ak	i_pv4_address_octet	AK/IPv4Address.h:131	ported
AK::IPv4Address::operator[]	luce-browser-foundation	ak	i_pv4_address_at	AK/IPv4Address.h:47	ported
AK::IPv4Address::to_byte_string	luce-browser-foundation	ak	i_pv4_address_to_byte_string	AK/IPv4Address.h:53	ported
AK::IPv4Address::to_byte_string_reversed	luce-browser-foundation	ak	i_pv4_address_to_byte_string_reversed	AK/IPv4Address.h:62	ported
AK::IPv4Address::to_in_addr_t	luce-browser-foundation	ak	i_pv4_address_to_in_addr_t	AK/IPv4Address.h:119	ported
AK::IPv4Address::to_string	luce-browser-foundation	ak	i_pv4_address_to_string	AK/IPv4Address.h:71	ported
AK::IPv4Address::to_u32	luce-browser-foundation	ak	i_pv4_address_to_u32	AK/IPv4Address.h:120	ported
AK::IPv6Address	luce-browser-foundation	ak	IPv6Address	AK/IPv6Address.h:22	struct
AK::IPv6Address::IPv6Address	luce-browser-foundation	ak	i_pv6_address_construct_array_u16	AK/IPv6Address.h:40	construct
AK::IPv6Address::IPv6Address	luce-browser-foundation	ak	i_pv6_address_construct_array_u8	AK/IPv6Address.h:28	construct
AK::IPv6Address::IPv6Address	luce-browser-foundation	ak	i_pv6_address_construct_array_u8_2	AK/IPv6Address.h:34	construct
AK::IPv6Address::IPv6Address	luce-browser-foundation	ak	i_pv6_address_construct_i_pv4_address	AK/IPv6Address.h:52	construct
AK::IPv6Address::from_string	luce-browser-foundation	ak	i_pv6_address_from_string	AK/IPv6Address.h:120	ported
AK::IPv6Address::ipv4_mapped_address	luce-browser-foundation	ak	i_pv6_address_ipv4_mapped_address	AK/IPv6Address.h:274	ported
AK::IPv6Address::is_ipv4_mapped	luce-browser-foundation	ak	i_pv6_address_is_ipv4_mapped	AK/IPv6Address.h:265	ported
AK::IPv6Address::is_zero	luce-browser-foundation	ak	i_pv6_address_is_zero	AK/IPv6Address.h:256	ported
AK::IPv6Address::loopback	luce-browser-foundation	ak	i_pv6_address_loopback	AK/IPv6Address.h:282	ported
AK::IPv6Address::operator[]	luce-browser-foundation	ak	i_pv6_address_at	AK/IPv6Address.h:63	ported
AK::IPv6Address::piece	luce-browser-foundation	ak	i_pv6_address_piece	AK/IPv6Address.h:288	ported
AK::IPv6Address::to_in6_addr_t	luce-browser-foundation	ak	i_pv6_address_to_in6_addr_t	AK/IPv6Address.h:251	ported
AK::IPv6Address::to_string	luce-browser-foundation	ak	i_pv6_address_to_string	AK/IPv6Address.h:65	ported
AK::InputBufferedSeekable	luce-browser-foundation	ak	InputBufferedSeekable	AK/BufferedStream.h:308	generic struct
AK::InputBufferedSeekable::InputBufferedSeekable<T>	luce-browser-foundation	ak	input_buffered_seekable_construct	AK/BufferedStream.h:368	construct
AK::InputBufferedSeekable::buffer_size	luce-browser-foundation	ak	input_buffered_seekable_buffer_size	AK/BufferedStream.h:363	stub
AK::InputBufferedSeekable::can_read_line	luce-browser-foundation	ak	input_buffered_seekable_can_read_line	AK/BufferedStream.h:348	stub
AK::InputBufferedSeekable::can_read_up_to_delimiter	luce-browser-foundation	ak	input_buffered_seekable_can_read_up_to_delimiter	AK/BufferedStream.h:355	stub
AK::InputBufferedSeekable::close	luce-browser-foundation	ak	input_buffered_seekable_close	AK/BufferedStream.h:324	stub
AK::InputBufferedSeekable::create	luce-browser-foundation	ak	input_buffered_seekable_create	AK/BufferedStream.h:312	stub
AK::InputBufferedSeekable::is_eof	luce-browser-foundation	ak	input_buffered_seekable_is_eof	AK/BufferedStream.h:322	stub
AK::InputBufferedSeekable::is_open	luce-browser-foundation	ak	input_buffered_seekable_is_open	AK/BufferedStream.h:323	stub
AK::InputBufferedSeekable::read_line	luce-browser-foundation	ak	input_buffered_seekable_read_line	AK/BufferedStream.h:347	stub
AK::InputBufferedSeekable::read_line_with_resize	luce-browser-foundation	ak	input_buffered_seekable_read_line_with_resize	AK/BufferedStream.h:358	stub
AK::InputBufferedSeekable::read_some	luce-browser-foundation	ak	input_buffered_seekable_read_some	AK/BufferedStream.h:320	stub
AK::InputBufferedSeekable::read_until	luce-browser-foundation	ak	input_buffered_seekable_read_until	AK/BufferedStream.h:352	stub
AK::InputBufferedSeekable::read_until_with_resize	luce-browser-foundation	ak	input_buffered_seekable_read_until_with_resize	AK/BufferedStream.h:359	stub
AK::InputBufferedSeekable::seek	luce-browser-foundation	ak	input_buffered_seekable_seek	AK/BufferedStream.h:325	stub
AK::InputBufferedSeekable::truncate	luce-browser-foundation	ak	input_buffered_seekable_truncate	AK/BufferedStream.h:342	stub
AK::InputBufferedSeekable::write_some	luce-browser-foundation	ak	input_buffered_seekable_write_some	AK/BufferedStream.h:321	stub
AK::IntrusiveBinaryHeap	luce-browser-foundation	ak	IntrusiveBinaryHeap	AK/BinaryHeap.h:15	generic struct
AK::IntrusiveBinaryHeap::IntrusiveBinaryHeap<Node, Comparator, IndexSetter, inline_capacity>	luce-browser-foundation	ak	intrusive_binary_heap_construct	AK/BinaryHeap.h:22	construct
AK::IntrusiveBinaryHeap::clear	luce-browser-foundation	ak	intrusive_binary_heap_clear	AK/BinaryHeap.h:68	stub
AK::IntrusiveBinaryHeap::compare_indices	luce-browser-foundation	ak	intrusive_binary_heap_compare_indices	AK/BinaryHeap.h:86	stub
AK::IntrusiveBinaryHeap::heapify_down	luce-browser-foundation	ak	intrusive_binary_heap_heapify_down	AK/BinaryHeap.h:102	stub
AK::IntrusiveBinaryHeap::heapify_up	luce-browser-foundation	ak	intrusive_binary_heap_heapify_up	AK/BinaryHeap.h:91	stub
AK::IntrusiveBinaryHeap::insert	luce-browser-foundation	ak	intrusive_binary_heap_insert	AK/BinaryHeap.h:32	stub
AK::IntrusiveBinaryHeap::insert	luce-browser-foundation	ak	intrusive_binary_heap_insert_2	AK/BinaryHeap.h:39	stub
AK::IntrusiveBinaryHeap::is_empty	luce-browser-foundation	ak	intrusive_binary_heap_is_empty	AK/BinaryHeap.h:30	stub
AK::IntrusiveBinaryHeap::nodes_in_arbitrary_order	luce-browser-foundation	ak	intrusive_binary_heap_nodes_in_arbitrary_order	AK/BinaryHeap.h:73	stub
AK::IntrusiveBinaryHeap::peek_min	luce-browser-foundation	ak	intrusive_binary_heap_peek_min	AK/BinaryHeap.h:63	stub
AK::IntrusiveBinaryHeap::pop	luce-browser-foundation	ak	intrusive_binary_heap_pop	AK/BinaryHeap.h:46	stub
AK::IntrusiveBinaryHeap::pop_min	luce-browser-foundation	ak	intrusive_binary_heap_pop_min	AK/BinaryHeap.h:58	stub
AK::IntrusiveBinaryHeap::size	luce-browser-foundation	ak	intrusive_binary_heap_size	AK/BinaryHeap.h:29	stub
AK::IntrusiveBinaryHeap::swap_indices	luce-browser-foundation	ak	intrusive_binary_heap_swap_indices	AK/BinaryHeap.h:79	stub
AK::InvalidBase64	luce-browser-foundation	ak	InvalidBase64	AK/Base64.h:27	struct
AK::IterationDecision	luce-browser-foundation	ak	IterationDecision	AK/IterationDecision.h:13	enum
AK::JsonArray	luce-browser-foundation	ak	JsonArray	AK/JsonArray.h:17	struct
AK::JsonArray::JsonArray	luce-browser-foundation	ak	json_array_construct	AK/JsonArray.h:25	construct
AK::JsonArray::JsonArray	luce-browser-foundation	ak	json_array_json_array	AK/JsonArray.h:41	stub
AK::JsonArray::JsonArray	luce-browser-foundation	ak	json_array_json_array_2	AK/JsonArray.h:48	stub
AK::JsonArray::append	luce-browser-foundation	ak	json_array_append	AK/JsonArray.h:79	stub
AK::JsonArray::at	luce-browser-foundation	ak	json_array_at_const	AK/JsonArray.h:71	stub
AK::JsonArray::clear	luce-browser-foundation	ak	json_array_clear	AK/JsonArray.h:78	stub
AK::JsonArray::ensure_capacity	luce-browser-foundation	ak	json_array_ensure_capacity	AK/JsonArray.h:118	stub
AK::JsonArray::for_each	luce-browser-foundation	ak	json_array_for_each	AK/JsonArray.h:86	stub
AK::JsonArray::for_each	luce-browser-foundation	ak	json_array_for_each_const	AK/JsonArray.h:93	stub
AK::JsonArray::is_empty	luce-browser-foundation	ak	json_array_is_empty	AK/JsonArray.h:69	stub
AK::JsonArray::must_append	luce-browser-foundation	ak	json_array_must_append	AK/JsonArray.h:76	stub
AK::JsonArray::operator[]	luce-browser-foundation	ak	json_array_at_const_2	AK/JsonArray.h:72	stub
AK::JsonArray::resize	luce-browser-foundation	ak	json_array_resize	AK/JsonArray.h:119	stub
AK::JsonArray::serialize	luce-browser-foundation	ak	json_array_serialize	AK/JsonArray.cpp:21	stub
AK::JsonArray::serialized	luce-browser-foundation	ak	json_array_serialized	AK/JsonArray.cpp:13	stub
AK::JsonArray::set	luce-browser-foundation	ak	json_array_set	AK/JsonArray.h:80	stub
AK::JsonArray::size	luce-browser-foundation	ak	json_array_size	AK/JsonArray.h:68	stub
AK::JsonArray::take	luce-browser-foundation	ak	json_array_take	AK/JsonArray.h:74	stub
AK::JsonArray::try_for_each	luce-browser-foundation	ak	json_array_try_for_each	AK/JsonArray.h:100	stub
AK::JsonArray::try_for_each	luce-browser-foundation	ak	json_array_try_for_each_const	AK/JsonArray.h:108	stub
AK::JsonArray::values	luce-browser-foundation	ak	json_array_values	AK/JsonArray.h:115	stub
AK::JsonArray::values	luce-browser-foundation	ak	json_array_values_const	AK/JsonArray.h:116	stub
AK::JsonArraySerializer	luce-browser-foundation	ak	JsonArraySerializer	AK/JsonArraySerializer.h:23	generic struct
AK::JsonArraySerializer::JsonArraySerializer<type-parameter-0-0>	luce-browser-foundation	ak	json_array_serializer_construct	AK/JsonArraySerializer.h:186	construct
AK::JsonArraySerializer::add	luce-browser-foundation	ak	json_array_serializer_add_bool	AK/JsonArraySerializer.h:95	stub
AK::JsonArraySerializer::add	luce-browser-foundation	ak	json_array_serializer_add_byte_string	AK/JsonArraySerializer.h:65	stub
AK::JsonArraySerializer::add	luce-browser-foundation	ak	json_array_serializer_add_i32	AK/JsonArraySerializer.h:105	stub
AK::JsonArraySerializer::add	luce-browser-foundation	ak	json_array_serializer_add_i64	AK/JsonArraySerializer.h:125	stub
AK::JsonArraySerializer::add	luce-browser-foundation	ak	json_array_serializer_add_i64_2	AK/JsonArraySerializer.h:145	stub
AK::JsonArraySerializer::add	luce-browser-foundation	ak	json_array_serializer_add_json_value2	AK/JsonArraySerializer.h:43	stub
AK::JsonArraySerializer::add	luce-browser-foundation	ak	json_array_serializer_add_string_view	AK/JsonArraySerializer.h:50	stub
AK::JsonArraySerializer::add	luce-browser-foundation	ak	json_array_serializer_add_u32	AK/JsonArraySerializer.h:115	stub
AK::JsonArraySerializer::add	luce-browser-foundation	ak	json_array_serializer_add_u64	AK/JsonArraySerializer.h:135	stub
AK::JsonArraySerializer::add	luce-browser-foundation	ak	json_array_serializer_add_u64_2	AK/JsonArraySerializer.h:155	stub
AK::JsonArraySerializer::add	luce-browser-foundation	ak	json_array_serializer_add_u8	AK/JsonArraySerializer.h:80	stub
AK::JsonArraySerializer::add_array	luce-browser-foundation	ak	json_array_serializer_add_array	AK/JsonArraySerializer.h:165	stub
AK::JsonArraySerializer::add_object	luce-browser-foundation	ak	json_array_serializer_add_object	AK/JsonObjectSerializer.h:248	stub
AK::JsonArraySerializer::begin_item	luce-browser-foundation	ak	json_array_serializer_begin_item	AK/JsonArraySerializer.h:191	stub
AK::JsonArraySerializer::finish	luce-browser-foundation	ak	json_array_serializer_finish	AK/JsonArraySerializer.h:174	stub
AK::JsonArraySerializer::try_create	luce-browser-foundation	ak	json_array_serializer_try_create	AK/JsonArraySerializer.h:25	stub
AK::JsonObject	luce-browser-foundation	ak	JsonObject	AK/JsonObject.h:20	struct
AK::JsonObject::JsonObject	luce-browser-foundation	ak	json_object_construct	AK/JsonObject.cpp:15	construct
AK::JsonObject::for_each_member	luce-browser-foundation	ak	json_object_for_each_member	AK/JsonObject.h:92	stub
AK::JsonObject::get	luce-browser-foundation	ak	json_object_get	AK/JsonObject.cpp:52	stub
AK::JsonObject::get	luce-browser-foundation	ak	json_object_get_const	AK/JsonObject.cpp:60	stub
AK::JsonObject::get_addr	luce-browser-foundation	ak	json_object_get_addr	AK/JsonObject.cpp:108	stub
AK::JsonObject::get_array	luce-browser-foundation	ak	json_object_get_array	AK/JsonObject.cpp:144	stub
AK::JsonObject::get_array	luce-browser-foundation	ak	json_object_get_array_const	AK/JsonObject.cpp:152	stub
AK::JsonObject::get_bool	luce-browser-foundation	ak	json_object_get_bool	AK/JsonObject.cpp:113	stub
AK::JsonObject::get_double_with_precision_loss	luce-browser-foundation	ak	json_object_get_double_with_precision_loss	AK/JsonObject.cpp:160	stub
AK::JsonObject::get_float_with_precision_loss	luce-browser-foundation	ak	json_object_get_float_with_precision_loss	AK/JsonObject.cpp:168	stub
AK::JsonObject::get_i16	luce-browser-foundation	ak	json_object_get_i16	AK/JsonObject.cpp:78	stub
AK::JsonObject::get_i32	luce-browser-foundation	ak	json_object_get_i32	AK/JsonObject.cpp:88	stub
AK::JsonObject::get_i64	luce-browser-foundation	ak	json_object_get_i64	AK/JsonObject.cpp:98	stub
AK::JsonObject::get_i8	luce-browser-foundation	ak	json_object_get_i8	AK/JsonObject.cpp:68	stub
AK::JsonObject::get_integer	luce-browser-foundation	ak	json_object_get_integer	AK/JsonObject.h:58	stub
AK::JsonObject::get_object	luce-browser-foundation	ak	json_object_get_object	AK/JsonObject.cpp:128	stub
AK::JsonObject::get_object	luce-browser-foundation	ak	json_object_get_object_const	AK/JsonObject.cpp:136	stub
AK::JsonObject::get_string	luce-browser-foundation	ak	json_object_get_string	AK/JsonObject.cpp:121	stub
AK::JsonObject::get_u16	luce-browser-foundation	ak	json_object_get_u16	AK/JsonObject.cpp:83	stub
AK::JsonObject::get_u32	luce-browser-foundation	ak	json_object_get_u32	AK/JsonObject.cpp:93	stub
AK::JsonObject::get_u64	luce-browser-foundation	ak	json_object_get_u64	AK/JsonObject.cpp:103	stub
AK::JsonObject::get_u8	luce-browser-foundation	ak	json_object_get_u8	AK/JsonObject.cpp:73	stub
AK::JsonObject::has	luce-browser-foundation	ak	json_object_has	AK/JsonObject.cpp:176	stub
AK::JsonObject::has_array	luce-browser-foundation	ak	json_object_has_array	AK/JsonObject.cpp:253	stub
AK::JsonObject::has_bool	luce-browser-foundation	ak	json_object_has_bool	AK/JsonObject.cpp:187	stub
AK::JsonObject::has_i16	luce-browser-foundation	ak	json_object_has_i16	AK/JsonObject.cpp:211	stub
AK::JsonObject::has_i32	luce-browser-foundation	ak	json_object_has_i32	AK/JsonObject.cpp:223	stub
AK::JsonObject::has_i64	luce-browser-foundation	ak	json_object_has_i64	AK/JsonObject.cpp:235	stub
AK::JsonObject::has_i8	luce-browser-foundation	ak	json_object_has_i8	AK/JsonObject.cpp:199	stub
AK::JsonObject::has_null	luce-browser-foundation	ak	json_object_has_null	AK/JsonObject.cpp:181	stub
AK::JsonObject::has_number	luce-browser-foundation	ak	json_object_has_number	AK/JsonObject.cpp:247	stub
AK::JsonObject::has_object	luce-browser-foundation	ak	json_object_has_object	AK/JsonObject.cpp:259	stub
AK::JsonObject::has_string	luce-browser-foundation	ak	json_object_has_string	AK/JsonObject.cpp:193	stub
AK::JsonObject::has_u16	luce-browser-foundation	ak	json_object_has_u16	AK/JsonObject.cpp:217	stub
AK::JsonObject::has_u32	luce-browser-foundation	ak	json_object_has_u32	AK/JsonObject.cpp:229	stub
AK::JsonObject::has_u64	luce-browser-foundation	ak	json_object_has_u64	AK/JsonObject.cpp:241	stub
AK::JsonObject::has_u8	luce-browser-foundation	ak	json_object_has_u8	AK/JsonObject.cpp:205	stub
AK::JsonObject::is_empty	luce-browser-foundation	ak	json_object_is_empty	AK/JsonObject.cpp:47	stub
AK::JsonObject::remove	luce-browser-foundation	ak	json_object_remove	AK/JsonObject.cpp:275	stub
AK::JsonObject::serialize	luce-browser-foundation	ak	json_object_serialize	AK/JsonObject.cpp:288	stub
AK::JsonObject::serialized	luce-browser-foundation	ak	json_object_serialized	AK/JsonObject.cpp:280	stub
AK::JsonObject::set	luce-browser-foundation	ak	json_object_set_string	AK/JsonObject.cpp:265	stub
AK::JsonObject::set	luce-browser-foundation	ak	json_object_set_string_view	AK/JsonObject.cpp:270	stub
AK::JsonObject::size	luce-browser-foundation	ak	json_object_size	AK/JsonObject.cpp:42	stub
AK::JsonObject::try_for_each_member	luce-browser-foundation	ak	json_object_try_for_each_member	AK/JsonObject.h:99	stub
AK::JsonObjectSerializer	luce-browser-foundation	ak	JsonObjectSerializer	AK/JsonObjectSerializer.h:18	generic struct
AK::JsonObjectSerializer::JsonObjectSerializer<type-parameter-0-0>	luce-browser-foundation	ak	json_object_serializer_construct	AK/JsonObjectSerializer.h:204	construct
AK::JsonObjectSerializer::add	luce-browser-foundation	ak	json_object_serializer_add_bool	AK/JsonObjectSerializer.h:90	stub
AK::JsonObjectSerializer::add	luce-browser-foundation	ak	json_object_serializer_add_f32	AK/JsonObjectSerializer.h:160	stub
AK::JsonObjectSerializer::add	luce-browser-foundation	ak	json_object_serializer_add_f64	AK/JsonObjectSerializer.h:170	stub
AK::JsonObjectSerializer::add	luce-browser-foundation	ak	json_object_serializer_add_i32	AK/JsonObjectSerializer.h:100	stub
AK::JsonObjectSerializer::add	luce-browser-foundation	ak	json_object_serializer_add_i64	AK/JsonObjectSerializer.h:120	stub
AK::JsonObjectSerializer::add	luce-browser-foundation	ak	json_object_serializer_add_i64_2	AK/JsonObjectSerializer.h:140	stub
AK::JsonObjectSerializer::add	luce-browser-foundation	ak	json_object_serializer_add_json_value2	AK/JsonObjectSerializer.h:38	stub
AK::JsonObjectSerializer::add	luce-browser-foundation	ak	json_object_serializer_add_string	AK/JsonObjectSerializer.h:60	stub
AK::JsonObjectSerializer::add	luce-browser-foundation	ak	json_object_serializer_add_string_view	AK/JsonObjectSerializer.h:45	stub
AK::JsonObjectSerializer::add	luce-browser-foundation	ak	json_object_serializer_add_u32	AK/JsonObjectSerializer.h:110	stub
AK::JsonObjectSerializer::add	luce-browser-foundation	ak	json_object_serializer_add_u64	AK/JsonObjectSerializer.h:130	stub
AK::JsonObjectSerializer::add	luce-browser-foundation	ak	json_object_serializer_add_u64_2	AK/JsonObjectSerializer.h:150	stub
AK::JsonObjectSerializer::add	luce-browser-foundation	ak	json_object_serializer_add_u8	AK/JsonObjectSerializer.h:75	stub
AK::JsonObjectSerializer::add_array	luce-browser-foundation	ak	json_object_serializer_add_array	AK/JsonObjectSerializer.h:180	stub
AK::JsonObjectSerializer::add_object	luce-browser-foundation	ak	json_object_serializer_add_object	AK/JsonObjectSerializer.h:186	stub
AK::JsonObjectSerializer::begin_item	luce-browser-foundation	ak	json_object_serializer_begin_item	AK/JsonObjectSerializer.h:209	stub
AK::JsonObjectSerializer::finish	luce-browser-foundation	ak	json_object_serializer_finish	AK/JsonObjectSerializer.h:192	stub
AK::JsonObjectSerializer::try_create	luce-browser-foundation	ak	json_object_serializer_try_create	AK/JsonObjectSerializer.h:20	stub
AK::JsonParser	luce-browser-foundation	ak	JsonParser	AK/JsonParser.h:14	struct
AK::JsonParser::JsonParser	luce-browser-foundation	ak	json_parser_construct	AK/JsonParser.h:19	construct
AK::JsonParser::consume_and_unescape_string	luce-browser-foundation	ak	json_parser_consume_and_unescape_string	AK/JsonParser.cpp:43	stub
AK::JsonParser::max_nesting_depth	luce-browser-foundation	ak	json_parser_max_nesting_depth	AK/JsonParser.h:37	variable
AK::JsonParser::parse	luce-browser-foundation	ak	json_parser_parse	AK/JsonParser.cpp:24	stub
AK::JsonParser::parse_array	luce-browser-foundation	ak	json_parser_parse_array	AK/JsonParser.cpp:177	stub
AK::JsonParser::parse_false	luce-browser-foundation	ak	json_parser_parse_false	AK/JsonParser.cpp:305	stub
AK::JsonParser::parse_helper	luce-browser-foundation	ak	json_parser_parse_helper	AK/JsonParser.cpp:319	stub
AK::JsonParser::parse_json	luce-browser-foundation	ak	json_parser_parse_json	AK/JsonParser.cpp:353	stub
AK::JsonParser::parse_null	luce-browser-foundation	ak	json_parser_parse_null	AK/JsonParser.cpp:312	stub
AK::JsonParser::parse_number	luce-browser-foundation	ak	json_parser_parse_number	AK/JsonParser.cpp:214	stub
AK::JsonParser::parse_object	luce-browser-foundation	ak	json_parser_parse_object	AK/JsonParser.cpp:141	stub
AK::JsonParser::parse_string	luce-browser-foundation	ak	json_parser_parse_string	AK/JsonParser.cpp:208	stub
AK::JsonParser::parse_true	luce-browser-foundation	ak	json_parser_parse_true	AK/JsonParser.cpp:298	stub
AK::JsonValue	luce-browser-foundation	ak	JsonValue2	AK/JsonValue.h:17	struct
AK::JsonValue::JsonValue	luce-browser-foundation	ak	json_value2_construct	AK/JsonValue.cpp:29	construct
AK::JsonValue::JsonValue	luce-browser-foundation	ak	json_value2_construct_f64	AK/JsonValue.cpp:156	construct
AK::JsonValue::JsonValue	luce-browser-foundation	ak	json_value2_construct_i32	AK/JsonValue.cpp:126	construct
AK::JsonValue::JsonValue	luce-browser-foundation	ak	json_value2_construct_i64	AK/JsonValue.cpp:136	construct
AK::JsonValue::JsonValue	luce-browser-foundation	ak	json_value2_construct_i64_2	AK/JsonValue.cpp:146	construct
AK::JsonValue::JsonValue	luce-browser-foundation	ak	json_value2_construct_json_array	AK/JsonValue.cpp:176	construct
AK::JsonValue::JsonValue	luce-browser-foundation	ak	json_value2_construct_json_array_2	AK/JsonValue.cpp:186	construct
AK::JsonValue::JsonValue	luce-browser-foundation	ak	json_value2_construct_json_object	AK/JsonValue.cpp:171	construct
AK::JsonValue::JsonValue	luce-browser-foundation	ak	json_value2_construct_json_object_2	AK/JsonValue.cpp:181	construct
AK::JsonValue::JsonValue	luce-browser-foundation	ak	json_value2_construct_string	AK/JsonValue.cpp:161	construct
AK::JsonValue::JsonValue	luce-browser-foundation	ak	json_value2_construct_string_view	AK/JsonValue.cpp:166	construct
AK::JsonValue::JsonValue	luce-browser-foundation	ak	json_value2_construct_u32	AK/JsonValue.cpp:131	construct
AK::JsonValue::JsonValue	luce-browser-foundation	ak	json_value2_construct_u64	AK/JsonValue.cpp:141	construct
AK::JsonValue::JsonValue	luce-browser-foundation	ak	json_value2_construct_u64_2	AK/JsonValue.cpp:151	construct
AK::JsonValue::JsonValue	luce-browser-foundation	ak	json_value2_json_value	AK/JsonValue.h:63	stub
AK::JsonValue::Type	luce-browser-foundation	ak	JsonValueType	AK/JsonValue.h:19	enum
AK::JsonValue::as_array	luce-browser-foundation	ak	json_value2_as_array	AK/JsonValue.h:135	stub
AK::JsonValue::as_array	luce-browser-foundation	ak	json_value2_as_array_const	AK/JsonValue.h:140	stub
AK::JsonValue::as_bool	luce-browser-foundation	ak	json_value2_as_bool	AK/JsonValue.h:115	stub
AK::JsonValue::as_integer	luce-browser-foundation	ak	json_value2_as_integer	AK/JsonValue.h:190	stub
AK::JsonValue::as_number	luce-browser-foundation	ak	json_value2_as_number	AK/JsonValue.h:145	stub
AK::JsonValue::as_object	luce-browser-foundation	ak	json_value2_as_object	AK/JsonValue.h:125	stub
AK::JsonValue::as_object	luce-browser-foundation	ak	json_value2_as_object_const	AK/JsonValue.h:130	stub
AK::JsonValue::as_string	luce-browser-foundation	ak	json_value2_as_string	AK/JsonValue.h:120	stub
AK::JsonValue::equals	luce-browser-foundation	ak	json_value2_equals	AK/JsonValue.cpp:66	stub
AK::JsonValue::from_string	luce-browser-foundation	ak	json_value2_from_string	AK/JsonValue.cpp:191	stub
AK::JsonValue::get_addr	luce-browser-foundation	ak	json_value2_get_addr	AK/JsonValue.h:93	stub
AK::JsonValue::get_bool	luce-browser-foundation	ak	json_value2_get_bool	AK/JsonValue.h:108	stub
AK::JsonValue::get_double_with_precision_loss	luce-browser-foundation	ak	json_value2_get_double_with_precision_loss	AK/JsonValue.h:91	stub
AK::JsonValue::get_float_with_precision_loss	luce-browser-foundation	ak	json_value2_get_float_with_precision_loss	AK/JsonValue.h:90	stub
AK::JsonValue::get_i32	luce-browser-foundation	ak	json_value2_get_i32	AK/JsonValue.h:84	stub
AK::JsonValue::get_i64	luce-browser-foundation	ak	json_value2_get_i64	AK/JsonValue.h:85	stub
AK::JsonValue::get_int	luce-browser-foundation	ak	json_value2_get_int	AK/JsonValue.h:83	stub
AK::JsonValue::get_integer	luce-browser-foundation	ak	json_value2_get_integer	AK/JsonValue.h:196	stub
AK::JsonValue::get_number_with_precision_loss	luce-browser-foundation	ak	json_value2_get_number_with_precision_loss	AK/JsonValue.h:175	stub
AK::JsonValue::get_u32	luce-browser-foundation	ak	json_value2_get_u32	AK/JsonValue.h:88	stub
AK::JsonValue::get_u64	luce-browser-foundation	ak	json_value2_get_u64	AK/JsonValue.h:89	stub
AK::JsonValue::get_uint	luce-browser-foundation	ak	json_value2_get_uint	AK/JsonValue.h:87	stub
AK::JsonValue::is_array	luce-browser-foundation	ak	json_value2_is_array	AK/JsonValue.h:164	stub
AK::JsonValue::is_bool	luce-browser-foundation	ak	json_value2_is_bool	AK/JsonValue.h:162	stub
AK::JsonValue::is_integer	luce-browser-foundation	ak	json_value2_is_integer	AK/JsonValue.h:184	stub
AK::JsonValue::is_null	luce-browser-foundation	ak	json_value2_is_null	AK/JsonValue.h:161	stub
AK::JsonValue::is_number	luce-browser-foundation	ak	json_value2_is_number	AK/JsonValue.h:166	stub
AK::JsonValue::is_object	luce-browser-foundation	ak	json_value2_is_object	AK/JsonValue.h:165	stub
AK::JsonValue::is_string	luce-browser-foundation	ak	json_value2_is_string	AK/JsonValue.h:163	stub
AK::JsonValue::serialize	luce-browser-foundation	ak	json_value2_serialize	AK/JsonValue.cpp:204	stub
AK::JsonValue::serialized	luce-browser-foundation	ak	json_value2_serialized	AK/JsonValue.cpp:196	stub
AK::JsonValue::type	luce-browser-foundation	ak	json_value2_type	AK/JsonValue.h:150	stub
AK::LEB128	luce-browser-foundation	ak	Leb128	AK/LEB128.h:16	generic struct
AK::LEB128::LEB128<ValueType>	luce-browser-foundation	ak	leb128_construct	AK/LEB128.h:20	construct
AK::LEB128::operator type-parameter-0-0	luce-browser-foundation	ak	leb128_to_t	AK/LEB128.h:25	stub
AK::LEB128::read_from_stream	luce-browser-foundation	ak	leb128_read_from_stream	AK/LEB128.h:27	stub
AK::LastChunkHandling	luce-browser-foundation	ak	LastChunkHandling	AK/Base64.h:18	enum
AK::LexicalPath	luce-browser-foundation	ak	LexicalPath	AK/LexicalPath.h:20	struct
AK::LexicalPath::LexicalPath	luce-browser-foundation	ak	lexical_path_construct	AK/LexicalPath.cpp:17	construct
AK::LexicalPath::StripExtension	luce-browser-foundation	ak	LexicalPathStripExtension	AK/LexicalPath.h:22	enum
AK::LexicalPath::absolute_path	luce-browser-foundation	ak	lexical_path_absolute_path	AK/LexicalPath.cpp:147	ported
AK::LexicalPath::append	luce-browser-foundation	ak	lexical_path_append	AK/LexicalPath.cpp:200	ported
AK::LexicalPath::basename	luce-browser-foundation	ak	lexical_path_basename_byte_string	AK/LexicalPath.h:71	ported
AK::LexicalPath::basename	luce-browser-foundation	ak	lexical_path_basename_lexical_path_strip_extension	AK/LexicalPath.h:36	ported
AK::LexicalPath::canonicalized_path	luce-browser-foundation	ak	lexical_path_canonicalized_path	AK/LexicalPath.cpp:101	ported
AK::LexicalPath::dirname	luce-browser-foundation	ak	lexical_path_dirname	AK/LexicalPath.h:35	ported
AK::LexicalPath::dirname	luce-browser-foundation	ak	lexical_path_dirname_byte_string	AK/LexicalPath.h:65	ported
AK::LexicalPath::extension	luce-browser-foundation	ak	lexical_path_extension	AK/LexicalPath.h:38	ported
AK::LexicalPath::extension	luce-browser-foundation	ak	lexical_path_extension_byte_string	AK/LexicalPath.h:83	ported
AK::LexicalPath::has_extension	luce-browser-foundation	ak	lexical_path_has_extension	AK/LexicalPath.cpp:80	ported
AK::LexicalPath::is_absolute	luce-browser-foundation	ak	lexical_path_is_absolute	AK/LexicalPath.h:30	ported
AK::LexicalPath::is_absolute_path	luce-browser-foundation	ak	lexical_path_is_absolute_path	AK/LexicalPath.cpp:61	ported
AK::LexicalPath::is_child_of	luce-browser-foundation	ak	lexical_path_is_child_of	AK/LexicalPath.cpp:85	ported
AK::LexicalPath::is_root	luce-browser-foundation	ak	lexical_path_is_root	AK/LexicalPath.cpp:66	ported
AK::LexicalPath::join: `first` and each of `rest`, joined	luce-browser-foundation	ak	lexical_path_join	AK/LexicalPath.h:51	ported
AK::LexicalPath::parent	luce-browser-foundation	ak	lexical_path_parent	AK/LexicalPath.cpp:210	ported
AK::LexicalPath::parts	luce-browser-foundation	ak	lexical_path_parts	AK/LexicalPath.cpp:71	ported
AK::LexicalPath::parts_view	luce-browser-foundation	ak	lexical_path_parts_view	AK/LexicalPath.h:40	ported
AK::LexicalPath::prepend	luce-browser-foundation	ak	lexical_path_prepend	AK/LexicalPath.cpp:205	ported
AK::LexicalPath::relative_path	luce-browser-foundation	ak	lexical_path_relative_path	AK/LexicalPath.cpp:155	ported
AK::LexicalPath::string	luce-browser-foundation	ak	lexical_path_string	AK/LexicalPath.h:33	ported
AK::LexicalPath::title	luce-browser-foundation	ak	lexical_path_title	AK/LexicalPath.h:37	ported
AK::LexicalPath::title	luce-browser-foundation	ak	lexical_path_title_byte_string	AK/LexicalPath.h:77	ported
AK::LineTrackingLexer	luce-browser-foundation	ak	LineTrackingLexer	AK/GenericLexer.h:492	struct
AK::LineTrackingLexer::LineTrackingLexer	luce-browser-foundation	ak	line_tracking_lexer_construct	AK/GenericLexer.h:511	construct
AK::LineTrackingLexer::LineTrackingLexer	luce-browser-foundation	ak	line_tracking_lexer_construct_line_tracking_lexer_position	AK/GenericLexer.h:500	construct
AK::LineTrackingLexer::Position	luce-browser-foundation	ak	LineTrackingLexerPosition	AK/GenericLexer.h:494	struct
AK::LineTrackingLexer::current_position	luce-browser-foundation	ak	line_tracking_lexer_current_position	AK/GenericLexer.h:517	ported
AK::LineTrackingLexer::position_for	luce-browser-foundation	ak	line_tracking_lexer_position_for	AK/GenericLexer.cpp:11	ported
AK::LittleEndian	luce-browser-foundation	ak	LittleEndian	AK/Endian.h:64	generic struct
AK::LittleEndian::LittleEndian<T>	luce-browser-foundation	ak	little_endian_construct	AK/Endian.h:68	construct
AK::LittleEndian::operator type-parameter-0-0	luce-browser-foundation	ak	little_endian_to_t	AK/Endian.h:73	stub
AK::MaskSpan	luce-browser-foundation	ak	MaskSpan	AK/StringUtils.h:66	struct
AK::MaskSpan::operator==	luce-browser-foundation	ak	mask_span_eq	AK/StringUtils.h:70	ported
AK::MemoryOrder	luce-browser-foundation	ak	MemoryOrder	AK/Types.h:193	enum
AK::MonotonicTime	luce-browser-foundation	ak	MonotonicTime	AK/Time.h:549	struct
AK::MonotonicTime::MonotonicTime	luce-browser-foundation	ak	monotonic_time_construct	AK/Time.h:582	construct
AK::MonotonicTime::milliseconds	luce-browser-foundation	ak	monotonic_time_milliseconds	AK/Time.h:563	stub
AK::MonotonicTime::nanoseconds	luce-browser-foundation	ak	monotonic_time_nanoseconds	AK/Time.h:564	stub
AK::MonotonicTime::nanoseconds_within_second	luce-browser-foundation	ak	monotonic_time_nanoseconds_within_second	AK/Time.h:567	stub
AK::MonotonicTime::now	luce-browser-foundation	ak	monotonic_time_now	AK/Time.cpp:437	stub
AK::MonotonicTime::now_coarse	luce-browser-foundation	ak	monotonic_time_now_coarse	AK/Time.cpp:442	stub
AK::MonotonicTime::operator+	luce-browser-foundation	ak	monotonic_time_add	AK/Time.h:572	stub
AK::MonotonicTime::operator+=	luce-browser-foundation	ak	monotonic_time_add_assign	AK/Time.h:573	stub
AK::MonotonicTime::operator-	luce-browser-foundation	ak	monotonic_time_sub_duration	AK/Time.h:578	stub
AK::MonotonicTime::operator-	luce-browser-foundation	ak	monotonic_time_sub_monotonic_time	AK/Time.h:579	stub
AK::MonotonicTime::operator<=>	luce-browser-foundation	ak	monotonic_time_cmp	AK/Time.h:570	stub
AK::MonotonicTime::operator==	luce-browser-foundation	ak	monotonic_time_eq	AK/Time.h:569	stub
AK::MonotonicTime::seconds	luce-browser-foundation	ak	monotonic_time_seconds	AK/Time.h:562	stub
AK::MonotonicTime::truncated_seconds	luce-browser-foundation	ak	monotonic_time_truncated_seconds	AK/Time.h:566	stub
AK::OmitPadding	luce-browser-foundation	ak	OmitPadding	AK/Base64.h:37	enum
AK::OptionalBase	luce-browser-foundation	ak	OptionalBase	AK/Optional.h:69	generic struct
AK::OptionalBase::ensure	luce-browser-foundation	ak	optional_base_ensure	AK/Optional.h:127	stub
AK::OptionalBase::operator*	luce-browser-foundation	ak	optional_base_mul	AK/Optional.h:135	stub
AK::OptionalBase::operator->	luce-browser-foundation	ak	optional_base_arrow	AK/Optional.h:137	stub
AK::OptionalBase::ptr	luce-browser-foundation	ak	optional_base_ptr	AK/Optional.h:81	stub
AK::OptionalBase::try_value_or_lazy_evaluated	luce-browser-foundation	ak	optional_base_try_value_or_lazy_evaluated	AK/Optional.h:111	stub
AK::OptionalBase::try_value_or_lazy_evaluated_optional	luce-browser-foundation	ak	optional_base_try_value_or_lazy_evaluated_optional	AK/Optional.h:119	stub
AK::OptionalBase::value_or	luce-browser-foundation	ak	optional_base_value_or	AK/Optional.h:87	stub
AK::OptionalBase::value_or_lazy_evaluated	luce-browser-foundation	ak	optional_base_value_or_lazy_evaluated	AK/Optional.h:95	stub
AK::OptionalBase::value_or_lazy_evaluated_optional	luce-browser-foundation	ak	optional_base_value_or_lazy_evaluated_optional	AK/Optional.h:103	stub
AK::OptionalNone	luce-browser-foundation	ak	OptionalNone	AK/Optional.h:63	struct
AK::OrderedHashTableIterator	luce-browser-foundation	ak	OrderedHashTableIterator	AK/HashTable.h:78	generic struct
AK::OrderedHashTableIterator::OrderedHashTableIterator<OrderedHashTableType, T, BucketType>	luce-browser-foundation	ak	ordered_hash_table_iterator_construct	AK/HashTable.h:90	construct
AK::OrderedHashTableIterator::operator!=	luce-browser-foundation	ak	ordered_hash_table_iterator_ne	AK/HashTable.h:83	stub
AK::OrderedHashTableIterator::operator*	luce-browser-foundation	ak	ordered_hash_table_iterator_deref	AK/HashTable.h:84	stub
AK::OrderedHashTableIterator::operator++	luce-browser-foundation	ak	ordered_hash_table_iterator_inc	AK/HashTable.h:86	stub
AK::OrderedHashTableIterator::operator--	luce-browser-foundation	ak	ordered_hash_table_iterator_dec	AK/HashTable.h:87	stub
AK::OrderedHashTableIterator::operator->	luce-browser-foundation	ak	ordered_hash_table_iterator_arrow	AK/HashTable.h:85	stub
AK::OrderedHashTableIterator::operator==	luce-browser-foundation	ak	ordered_hash_table_iterator_eq	AK/HashTable.h:82	stub
AK::OutputBufferedSeekable	luce-browser-foundation	ak	OutputBufferedSeekable	AK/BufferedStream.h:377	generic struct
AK::OutputBufferedSeekable::OutputBufferedSeekable<T>	luce-browser-foundation	ak	output_buffered_seekable_construct	AK/BufferedStream.h:458	construct
AK::OutputBufferedSeekable::close	luce-browser-foundation	ak	output_buffered_seekable_close	AK/BufferedStream.h:421	stub
AK::OutputBufferedSeekable::create	luce-browser-foundation	ak	output_buffered_seekable_create	AK/BufferedStream.h:379	stub
AK::OutputBufferedSeekable::flush_buffer	luce-browser-foundation	ak	output_buffered_seekable_flush_buffer	AK/BufferedStream.h:427	stub
AK::OutputBufferedSeekable::is_eof	luce-browser-foundation	ak	output_buffered_seekable_is_eof	AK/BufferedStream.h:413	stub
AK::OutputBufferedSeekable::is_open	luce-browser-foundation	ak	output_buffered_seekable_is_open	AK/BufferedStream.h:419	stub
AK::OutputBufferedSeekable::read_some	luce-browser-foundation	ak	output_buffered_seekable_read_some	AK/BufferedStream.h:394	stub
AK::OutputBufferedSeekable::seek	luce-browser-foundation	ak	output_buffered_seekable_seek	AK/BufferedStream.h:440	stub
AK::OutputBufferedSeekable::tell	luce-browser-foundation	ak	output_buffered_seekable_tell	AK/BufferedStream.h:435	stub
AK::OutputBufferedSeekable::truncate	luce-browser-foundation	ak	output_buffered_seekable_truncate	AK/BufferedStream.h:446	stub
AK::OutputBufferedSeekable::write_some	luce-browser-foundation	ak	output_buffered_seekable_write_some	AK/BufferedStream.h:400	stub
AK::ParseFirstNumberResult	luce-browser-foundation	ak	ParseFirstNumberResult	AK/StringConversions.h:17	generic struct
AK::Queue	luce-browser-foundation	ak	Queue	AK/Queue.h:17	generic struct
AK::Queue::clear	luce-browser-foundation	ak	queue_clear	AK/Queue.h:93	stub
AK::Queue::dequeue	luce-browser-foundation	ak	queue_dequeue	AK/Queue.h:48	stub
AK::Queue::enqueue	luce-browser-foundation	ak	queue_enqueue	AK/Queue.h:30	stub
AK::Queue::for_each	luce-browser-foundation	ak	queue_for_each	AK/Queue.h:82	stub
AK::Queue::head	luce-browser-foundation	ak	queue_head	AK/Queue.h:68	stub
AK::Queue::is_empty	luce-browser-foundation	ak	queue_is_empty	AK/Queue.h:27	stub
AK::Queue::size	luce-browser-foundation	ak	queue_size	AK/Queue.h:26	stub
AK::Queue::tail	luce-browser-foundation	ak	queue_tail	AK/Queue.h:75	stub
AK::Queue::try_dequeue	luce-browser-foundation	ak	queue_try_dequeue	AK/Queue.h:40	stub
AK::RedBlackTree	luce-browser-foundation	ak	RedBlackTree	AK/RedBlackTree.h:444	generic struct
AK::RedBlackTree::begin	luce-browser-foundation	ak	red_black_tree_begin	AK/RedBlackTree.h:504	stub
AK::RedBlackTree::begin	luce-browser-foundation	ak	red_black_tree_begin_const	AK/RedBlackTree.h:526	stub
AK::RedBlackTree::begin_from	luce-browser-foundation	ak	red_black_tree_begin_from	AK/RedBlackTree.h:506	stub
AK::RedBlackTree::begin_from	luce-browser-foundation	ak	red_black_tree_begin_from_const	AK/RedBlackTree.h:528	stub
AK::RedBlackTree::clear	luce-browser-foundation	ak	red_black_tree_clear	AK/RedBlackTree.h:577	stub
AK::RedBlackTree::end	luce-browser-foundation	ak	red_black_tree_end	AK/RedBlackTree.h:505	stub
AK::RedBlackTree::end	luce-browser-foundation	ak	red_black_tree_end_const	AK/RedBlackTree.h:527	stub
AK::RedBlackTree::find	luce-browser-foundation	ak	red_black_tree_find	AK/RedBlackTree.h:454	stub
AK::RedBlackTree::find_largest_not_above	luce-browser-foundation	ak	red_black_tree_find_largest_not_above	AK/RedBlackTree.h:462	stub
AK::RedBlackTree::find_largest_not_above_iterator	luce-browser-foundation	ak	red_black_tree_find_largest_not_above_iterator	AK/RedBlackTree.h:508	stub
AK::RedBlackTree::find_largest_not_above_iterator	luce-browser-foundation	ak	red_black_tree_find_largest_not_above_iterator_const	AK/RedBlackTree.h:530	stub
AK::RedBlackTree::find_smallest_not_below	luce-browser-foundation	ak	red_black_tree_find_smallest_not_below	AK/RedBlackTree.h:470	stub
AK::RedBlackTree::find_smallest_not_below_iterator	luce-browser-foundation	ak	red_black_tree_find_smallest_not_below_iterator	AK/RedBlackTree.h:516	stub
AK::RedBlackTree::find_smallest_not_below_iterator	luce-browser-foundation	ak	red_black_tree_find_smallest_not_below_iterator_const	AK/RedBlackTree.h:538	stub
AK::RedBlackTree::insert	luce-browser-foundation	ak	red_black_tree_insert	AK/RedBlackTree.h:483	stub
AK::RedBlackTree::insert	luce-browser-foundation	ak	red_black_tree_insert_2	AK/RedBlackTree.h:497	stub
AK::RedBlackTree::remove	luce-browser-foundation	ak	red_black_tree_remove	AK/RedBlackTree.h:562	stub
AK::RedBlackTree::try_insert	luce-browser-foundation	ak	red_black_tree_try_insert	AK/RedBlackTree.h:478	stub
AK::RedBlackTree::try_insert	luce-browser-foundation	ak	red_black_tree_try_insert_2	AK/RedBlackTree.h:488	stub
AK::RedBlackTree::unsafe_remove	luce-browser-foundation	ak	red_black_tree_unsafe_remove	AK/RedBlackTree.h:546	stub
AK::RedBlackTreeIterator	luce-browser-foundation	ak	RedBlackTreeIterator	AK/RedBlackTree.h:404	generic struct
AK::RedBlackTreeIterator::RedBlackTreeIterator<TreeType, ElementType>	luce-browser-foundation	ak	red_black_tree_iterator_construct	AK/RedBlackTree.h:434	construct
AK::RedBlackTreeIterator::is_begin	luce-browser-foundation	ak	red_black_tree_iterator_is_begin	AK/RedBlackTree.h:428	stub
AK::RedBlackTreeIterator::is_end	luce-browser-foundation	ak	red_black_tree_iterator_is_end	AK/RedBlackTree.h:427	stub
AK::RedBlackTreeIterator::key	luce-browser-foundation	ak	red_black_tree_iterator_key	AK/RedBlackTree.h:430	stub
AK::RedBlackTreeIterator::operator!=	luce-browser-foundation	ak	red_black_tree_iterator_ne	AK/RedBlackTree.h:407	stub
AK::RedBlackTreeIterator::operator*	luce-browser-foundation	ak	red_black_tree_iterator_deref	AK/RedBlackTree.h:425	stub
AK::RedBlackTreeIterator::operator++	luce-browser-foundation	ak	red_black_tree_iterator_inc	AK/RedBlackTree.h:408	stub
AK::RedBlackTreeIterator::operator--	luce-browser-foundation	ak	red_black_tree_iterator_dec	AK/RedBlackTree.h:417	stub
AK::RedBlackTreeIterator::operator->	luce-browser-foundation	ak	red_black_tree_iterator_arrow	AK/RedBlackTree.h:426	stub
AK::RefCounted	luce-browser-foundation	ak	RefCounted	AK/RefCounted.h:56	generic struct
AK::RefCounted::unref	luce-browser-foundation	ak	ref_counted_unref	AK/RefCounted.h:58	stub
AK::RefCountedBase	luce-browser-foundation	ak	RefCountedBase	AK/RefCounted.h:17	struct
AK::RefCountedBase [default member initializers]	luce-browser-foundation	ak	ref_counted_base_init_fields	AK/RefCounted.h:17	init fields
AK::RefCountedBase::deref_base	luce-browser-foundation	ak	ref_counted_base_deref_base	AK/RefCounted.h:46	stub
AK::RefCountedBase::ref	luce-browser-foundation	ak	ref_counted_base_ref	AK/RefCounted.h:25	stub
AK::RefCountedBase::ref_count	luce-browser-foundation	ak	ref_counted_base_ref_count	AK/RefCounted.h:40	stub
AK::RefCountedBase::try_ref	luce-browser-foundation	ak	ref_counted_base_try_ref	AK/RefCounted.h:32	stub
AK::ReplaceMode	luce-browser-foundation	ak	ReplaceMode	AK/StringUtils.h:28	enum
AK::ResolvedLocale	luce-browser-foundation	web_unicode	ResolvedLocale	Libraries/LibUnicode/String.cpp:21	struct
AK::Result	luce-browser-foundation	ak	Result	AK/Result.h:15	generic struct
AK::Result::Result<ValueT, ErrorT>	luce-browser-foundation	ak	result_construct_opaque	AK/Result.h:25	construct
AK::Result::Result<ValueT, ErrorT>	luce-browser-foundation	ak	result_construct_opaque_2	AK/Result.h:30	construct
AK::Result::Result<ValueT, ErrorT>	luce-browser-foundation	ak	result_construct_opaque_3	AK/Result.h:35	construct
AK::Result::Result<ValueT, ErrorT>	luce-browser-foundation	ak	result_construct_t_value_t	AK/Result.h:20	construct
AK::Result::error	luce-browser-foundation	ak	result_error	AK/Result.h:49	stub
AK::Result::is_error	luce-browser-foundation	ak	result_is_error	AK/Result.h:54	stub
AK::Result::release_error	luce-browser-foundation	ak	result_release_error	AK/Result.h:64	stub
AK::Result::release_value	luce-browser-foundation	ak	result_release_value	AK/Result.h:59	stub
AK::Result::value	luce-browser-foundation	ak	result_value	AK/Result.h:44	stub
AK::ReverseOrderedHashTableIterator	luce-browser-foundation	ak	ReverseOrderedHashTableIterator	AK/HashTable.h:99	generic struct
AK::ReverseOrderedHashTableIterator::ReverseOrderedHashTableIterator<OrderedHashTableType, T, BucketType>	luce-browser-foundation	ak	reverse_ordered_hash_table_iterator_construct	AK/HashTable.h:111	construct
AK::ReverseOrderedHashTableIterator::operator!=	luce-browser-foundation	ak	reverse_ordered_hash_table_iterator_ne	AK/HashTable.h:104	stub
AK::ReverseOrderedHashTableIterator::operator*	luce-browser-foundation	ak	reverse_ordered_hash_table_iterator_deref	AK/HashTable.h:105	stub
AK::ReverseOrderedHashTableIterator::operator++	luce-browser-foundation	ak	reverse_ordered_hash_table_iterator_inc	AK/HashTable.h:107	stub
AK::ReverseOrderedHashTableIterator::operator--	luce-browser-foundation	ak	reverse_ordered_hash_table_iterator_dec	AK/HashTable.h:108	stub
AK::ReverseOrderedHashTableIterator::operator->	luce-browser-foundation	ak	reverse_ordered_hash_table_iterator_arrow	AK/HashTable.h:106	stub
AK::ReverseOrderedHashTableIterator::operator==	luce-browser-foundation	ak	reverse_ordered_hash_table_iterator_eq	AK/HashTable.h:103	stub
AK::ReverseWrapper::ReverseWrapper	luce-browser-foundation	ak	ReverseWrapper	AK/ReverseIterator.h:93	generic struct
AK::ReverseWrapper::begin	luce-browser-foundation	ak	reverse_wrapper_begin	AK/ReverseIterator.h:98	stub
AK::ReverseWrapper::end	luce-browser-foundation	ak	reverse_wrapper_end	AK/ReverseIterator.h:101	stub
AK::ReverseWrapper::in_reverse	luce-browser-foundation	ak	reverse_wrapper_in_reverse	AK/ReverseIterator.h:104	stub
AK::Rounding::ceil	luce-browser-foundation	ak	rounding_ceil	AK/Math.h:110	stub
AK::Rounding::floor	luce-browser-foundation	ak	rounding_floor	AK/Math.h:133	stub
AK::Rounding::rint	luce-browser-foundation	ak	rounding_rint	AK/Math.h:174	stub
AK::Rounding::round	luce-browser-foundation	ak	rounding_round	AK/Math.h:216	stub
AK::Rounding::round_to	luce-browser-foundation	ak	rounding_round_to_f32	AK/Math.h:301	stub
AK::Rounding::round_to	luce-browser-foundation	ak	rounding_round_to_f64	AK/Math.h:318	stub
AK::Rounding::round_to	luce-browser-foundation	ak	rounding_round_to_p	AK/Math.h:229	stub
AK::Rounding::trunc	luce-browser-foundation	ak	rounding_trunc	AK/Math.h:156	stub
AK::ScopeGuard	luce-browser-foundation	ak	ScopeGuard	AK/ScopeGuard.h:14	generic struct
AK::ScopeGuard::ScopeGuard<Callback>	luce-browser-foundation	ak	scope_guard_construct	AK/ScopeGuard.h:16	construct
AK::SearchableCircularBuffer	luce-browser-foundation	ak	SearchableCircularBuffer	AK/CircularBuffer.h:64	struct
AK::SearchableCircularBuffer::HASH_CHUNK_SIZE	luce-browser-foundation	ak	searchable_circular_buffer_hash_chunk_size	AK/CircularBuffer.h:89	variable
AK::SearchableCircularBuffer::Match	luce-browser-foundation	ak	SearchableCircularBufferMatch	AK/CircularBuffer.h:76	opaque
AK::SearchableCircularBuffer::SearchableCircularBuffer	luce-browser-foundation	ak	searchable_circular_buffer_construct	AK/CircularBuffer.cpp:280	construct
AK::SearchableCircularBuffer::create_empty	luce-browser-foundation	ak	searchable_circular_buffer_create_empty	AK/CircularBuffer.cpp:285	stub
AK::SearchableCircularBuffer::create_initialized	luce-browser-foundation	ak	searchable_circular_buffer_create_initialized	AK/CircularBuffer.cpp:294	stub
AK::SearchableCircularBuffer::discard	luce-browser-foundation	ak	searchable_circular_buffer_discard	AK/CircularBuffer.cpp:313	stub
AK::SearchableCircularBuffer::find_copy_in_seekback	luce-browser-foundation	ak	searchable_circular_buffer_find_copy_in_seekback_span_u64	AK/CircularBuffer.cpp:469	stub
AK::SearchableCircularBuffer::find_copy_in_seekback	luce-browser-foundation	ak	searchable_circular_buffer_find_copy_in_seekback_usize	AK/CircularBuffer.cpp:327	stub
AK::SearchableCircularBuffer::flush_to_stream	luce-browser-foundation	ak	searchable_circular_buffer_flush_to_stream	AK/CircularBuffer.cpp:320	stub
AK::SearchableCircularBuffer::hash_last_bytes	luce-browser-foundation	ak	searchable_circular_buffer_hash_last_bytes	AK/CircularBuffer.cpp:538	stub
AK::SearchableCircularBuffer::insert_location_hash	luce-browser-foundation	ak	searchable_circular_buffer_insert_location_hash	AK/CircularBuffer.cpp:516	stub
AK::SearchableCircularBuffer::next_search_span	luce-browser-foundation	ak	searchable_circular_buffer_next_search_span	AK/CircularBuffer.cpp:133	stub
AK::SearchableCircularBuffer::read	luce-browser-foundation	ak	searchable_circular_buffer_read	AK/CircularBuffer.cpp:306	stub
AK::SearchableCircularBuffer::search_limit	luce-browser-foundation	ak	searchable_circular_buffer_search_limit	AK/CircularBuffer.cpp:57	stub
AK::SeekMode	luce-browser-foundation	ak	SeekMode	AK/Stream.h:142	enum
AK::SeekableStream	luce-browser-foundation	ak	SeekableStream	AK/Stream.h:150	struct
AK::SeekableStream::discard	luce-browser-foundation	ak	seekable_stream_discard_impl	AK/Stream.cpp:115	impl
AK::SeekableStream::seek	luce-browser-foundation	ak	seekable_stream_seek_impl	AK/Stream.h:154	impl
AK::SeekableStream::seek [dispatch]	luce-browser-foundation	ak	seekable_stream_seek	AK/Stream.h:150	dispatcher
AK::SeekableStream::size	luce-browser-foundation	ak	seekable_stream_size_impl	AK/Stream.cpp:96	impl
AK::SeekableStream::size [dispatch]	luce-browser-foundation	ak	seekable_stream_size	AK/Stream.h:150	dispatcher
AK::SeekableStream::tell	luce-browser-foundation	ak	seekable_stream_tell_impl	AK/Stream.cpp:89	impl
AK::SeekableStream::tell [dispatch]	luce-browser-foundation	ak	seekable_stream_tell	AK/Stream.h:150	dispatcher
AK::SeekableStream::truncate	luce-browser-foundation	ak	seekable_stream_truncate_impl	AK/Stream.h:163	impl
AK::SeekableStream::truncate [dispatch]	luce-browser-foundation	ak	seekable_stream_truncate	AK/Stream.h:150	dispatcher
AK::SentinelOptional	luce-browser-foundation	ak	SentinelOptional	AK/Optional.h:668	generic struct
AK::SentinelOptional::SentinelOptional<T, Traits>	luce-browser-foundation	ak	sentinel_optional_sentinel_optional_t_traits_u	AK/Optional.h:677	stub
AK::SentinelOptional::SentinelOptional<T, Traits>	luce-browser-foundation	ak	sentinel_optional_sentinel_optional_t_traits_v	AK/Optional.h:673	stub
AK::SentinelOptional::clear	luce-browser-foundation	ak	sentinel_optional_clear	AK/Optional.h:691	stub
AK::SentinelOptional::has_value	luce-browser-foundation	ak	sentinel_optional_has_value	AK/Optional.h:696	stub
AK::SentinelOptional::release_value	luce-browser-foundation	ak	sentinel_optional_release_value	AK/Optional.h:720	stub
AK::SentinelOptional::unchecked_value	luce-browser-foundation	ak	sentinel_optional_unchecked_value	AK/Optional.h:714	stub
AK::SentinelOptional::value	luce-browser-foundation	ak	sentinel_optional_value	AK/Optional.h:708	stub
AK::SentinelOptional::value	luce-browser-foundation	ak	sentinel_optional_value_t_self	AK/Optional.h:702	stub
AK::ShouldChomp	luce-browser-foundation	ak	ShouldChomp	AK/ByteStringImpl.h:17	enum
AK::SimpleIterator	luce-browser-foundation	ak	SimpleIterator	AK/Iterator.h:16	generic struct
AK::SimpleIterator::SimpleIterator<Container, ValueType>	luce-browser-foundation	ak	simple_iterator_construct	AK/Iterator.h:118	construct
AK::SimpleIterator::begin	luce-browser-foundation	ak	simple_iterator_begin	AK/Iterator.h:107	stub
AK::SimpleIterator::end	luce-browser-foundation	ak	simple_iterator_end	AK/Iterator.h:108	stub
AK::SimpleIterator::index	luce-browser-foundation	ak	simple_iterator_index	AK/Iterator.h:24	stub
AK::SimpleIterator::is_end	luce-browser-foundation	ak	simple_iterator_is_end	AK/Iterator.h:23	stub
AK::SimpleIterator::operator*	luce-browser-foundation	ak	simple_iterator_deref	AK/Iterator.h:79	stub
AK::SimpleIterator::operator+	luce-browser-foundation	ak	simple_iterator_add	AK/Iterator.h:29	stub
AK::SimpleIterator::operator++	luce-browser-foundation	ak	simple_iterator_inc	AK/Iterator.h:57	stub
AK::SimpleIterator::operator++	luce-browser-foundation	ak	simple_iterator_inc_i32	AK/Iterator.h:62	stub
AK::SimpleIterator::operator+=	luce-browser-foundation	ak	simple_iterator_add_assign	AK/Iterator.h:31	stub
AK::SimpleIterator::operator-	luce-browser-foundation	ak	simple_iterator_sub_isize	AK/Iterator.h:36	stub
AK::SimpleIterator::operator-	luce-browser-foundation	ak	simple_iterator_sub_simple_iterator	AK/Iterator.h:55	stub
AK::SimpleIterator::operator--	luce-browser-foundation	ak	simple_iterator_dec	AK/Iterator.h:68	stub
AK::SimpleIterator::operator--	luce-browser-foundation	ak	simple_iterator_dec_i32	AK/Iterator.h:73	stub
AK::SimpleIterator::operator-=	luce-browser-foundation	ak	simple_iterator_sub_assign	AK/Iterator.h:38	stub
AK::SimpleIterator::operator->	luce-browser-foundation	ak	simple_iterator_arrow	AK/Iterator.h:90	stub
AK::SimpleIterator::operator[]	luce-browser-foundation	ak	simple_iterator_at	AK/Iterator.h:44	stub
AK::SimpleReverseIterator	luce-browser-foundation	ak	SimpleReverseIterator	AK/ReverseIterator.h:14	generic struct
AK::SimpleReverseIterator::SimpleReverseIterator<Container, ValueType>	luce-browser-foundation	ak	simple_reverse_iterator_construct	AK/ReverseIterator.h:80	construct
AK::SimpleReverseIterator::index	luce-browser-foundation	ak	simple_reverse_iterator_index	AK/ReverseIterator.h:19	stub
AK::SimpleReverseIterator::is_end	luce-browser-foundation	ak	simple_reverse_iterator_is_end	AK/ReverseIterator.h:18	stub
AK::SimpleReverseIterator::operator!=	luce-browser-foundation	ak	simple_reverse_iterator_ne	AK/ReverseIterator.h:22	stub
AK::SimpleReverseIterator::operator*	luce-browser-foundation	ak	simple_reverse_iterator_deref	AK/ReverseIterator.h:53	stub
AK::SimpleReverseIterator::operator*	luce-browser-foundation	ak	simple_reverse_iterator_deref_const	AK/ReverseIterator.h:52	stub
AK::SimpleReverseIterator::operator+	luce-browser-foundation	ak	simple_reverse_iterator_add	AK/ReverseIterator.h:28	stub
AK::SimpleReverseIterator::operator++	luce-browser-foundation	ak	simple_reverse_iterator_inc	AK/ReverseIterator.h:31	stub
AK::SimpleReverseIterator::operator++	luce-browser-foundation	ak	simple_reverse_iterator_inc_i32	AK/ReverseIterator.h:36	stub
AK::SimpleReverseIterator::operator-	luce-browser-foundation	ak	simple_reverse_iterator_sub	AK/ReverseIterator.h:29	stub
AK::SimpleReverseIterator::operator--	luce-browser-foundation	ak	simple_reverse_iterator_dec	AK/ReverseIterator.h:41	stub
AK::SimpleReverseIterator::operator--	luce-browser-foundation	ak	simple_reverse_iterator_dec_i32	AK/ReverseIterator.h:46	stub
AK::SimpleReverseIterator::operator->	luce-browser-foundation	ak	simple_reverse_iterator_arrow	AK/ReverseIterator.h:56	stub
AK::SimpleReverseIterator::operator->	luce-browser-foundation	ak	simple_reverse_iterator_arrow_const	AK/ReverseIterator.h:55	stub
AK::SimpleReverseIterator::operator<	luce-browser-foundation	ak	simple_reverse_iterator_lt	AK/ReverseIterator.h:23	stub
AK::SimpleReverseIterator::operator<=	luce-browser-foundation	ak	simple_reverse_iterator_le	AK/ReverseIterator.h:25	stub
AK::SimpleReverseIterator::operator==	luce-browser-foundation	ak	simple_reverse_iterator_eq	AK/ReverseIterator.h:21	stub
AK::SimpleReverseIterator::operator>	luce-browser-foundation	ak	simple_reverse_iterator_gt	AK/ReverseIterator.h:24	stub
AK::SimpleReverseIterator::operator>=	luce-browser-foundation	ak	simple_reverse_iterator_ge	AK/ReverseIterator.h:26	stub
AK::SimpleReverseIterator::rbegin	luce-browser-foundation	ak	simple_reverse_iterator_rbegin	AK/ReverseIterator.h:66	stub
AK::SimpleReverseIterator::rend	luce-browser-foundation	ak	simple_reverse_iterator_rend	AK/ReverseIterator.h:75	stub
AK::Singleton	luce-browser-foundation	ak	Singleton	AK/Singleton.h:34	generic struct
AK::Singleton::ensure_instance	luce-browser-foundation	ak	singleton_ensure_instance	AK/Singleton.h:104	stub
AK::Singleton::is_initialized	luce-browser-foundation	ak	singleton_is_initialized	AK/Singleton.h:98	stub
AK::Singleton::operator type-parameter-0-0 &	luce-browser-foundation	ak	singleton_to_t_const_2	AK/Singleton.h:93	stub
AK::Singleton::operator type-parameter-0-0 *	luce-browser-foundation	ak	singleton_to_t_const	AK/Singleton.h:88	stub
AK::Singleton::operator*	luce-browser-foundation	ak	singleton_deref	AK/Singleton.h:83	stub
AK::Singleton::operator->	luce-browser-foundation	ak	singleton_arrow	AK/Singleton.h:78	stub
AK::Singleton::ptr	luce-browser-foundation	ak	singleton_ptr	AK/Singleton.h:73	stub
AK::SinglyLinkedList	luce-browser-foundation	ak	SinglyLinkedList	AK/SinglyLinkedList.h:57	generic struct
AK::SinglyLinkedList::Node	luce-browser-foundation	ak	SinglyLinkedListNode	AK/SinglyLinkedList.h:59	opaque
AK::SinglyLinkedList::Node::Node	luce-browser-foundation	ak	singly_linked_list_node_construct	AK/SinglyLinkedList.h:60	construct
AK::SinglyLinkedList::Node::Node	luce-browser-foundation	ak	singly_linked_list_node_construct_2	AK/SinglyLinkedList.h:64	construct
AK::SinglyLinkedList::append	luce-browser-foundation	ak	singly_linked_list_append	AK/SinglyLinkedList.h:175	stub
AK::SinglyLinkedList::begin	luce-browser-foundation	ak	singly_linked_list_begin	AK/SinglyLinkedList.h:193	stub
AK::SinglyLinkedList::begin	luce-browser-foundation	ak	singly_linked_list_begin_const	AK/SinglyLinkedList.h:198	stub
AK::SinglyLinkedList::clear	luce-browser-foundation	ak	singly_linked_list_clear	AK/SinglyLinkedList.h:94	stub
AK::SinglyLinkedList::contains_slow	luce-browser-foundation	ak	singly_linked_list_contains_slow	AK/SinglyLinkedList.h:186	stub
AK::SinglyLinkedList::end	luce-browser-foundation	ak	singly_linked_list_end	AK/SinglyLinkedList.h:194	stub
AK::SinglyLinkedList::end	luce-browser-foundation	ak	singly_linked_list_end_const	AK/SinglyLinkedList.h:199	stub
AK::SinglyLinkedList::find	luce-browser-foundation	ak	singly_linked_list_find	AK/SinglyLinkedList.h:218	stub
AK::SinglyLinkedList::find	luce-browser-foundation	ak	singly_linked_list_find_const	AK/SinglyLinkedList.h:213	stub
AK::SinglyLinkedList::find_if	luce-browser-foundation	ak	singly_linked_list_find_if	AK/SinglyLinkedList.h:208	stub
AK::SinglyLinkedList::find_if	luce-browser-foundation	ak	singly_linked_list_find_if_const	AK/SinglyLinkedList.h:202	stub
AK::SinglyLinkedList::first	luce-browser-foundation	ak	singly_linked_list_first	AK/SinglyLinkedList.h:106	stub
AK::SinglyLinkedList::first	luce-browser-foundation	ak	singly_linked_list_first_const	AK/SinglyLinkedList.h:111	stub
AK::SinglyLinkedList::head	luce-browser-foundation	ak	singly_linked_list_head	AK/SinglyLinkedList.h:290	stub
AK::SinglyLinkedList::head	luce-browser-foundation	ak	singly_linked_list_head_const	AK/SinglyLinkedList.h:291	stub
AK::SinglyLinkedList::insert_after	luce-browser-foundation	ak	singly_linked_list_insert_after	AK/SinglyLinkedList.h:264	stub
AK::SinglyLinkedList::insert_before	luce-browser-foundation	ak	singly_linked_list_insert_before	AK/SinglyLinkedList.h:258	stub
AK::SinglyLinkedList::is_empty	luce-browser-foundation	ak	singly_linked_list_is_empty	AK/SinglyLinkedList.h:87	stub
AK::SinglyLinkedList::last	luce-browser-foundation	ak	singly_linked_list_last	AK/SinglyLinkedList.h:116	stub
AK::SinglyLinkedList::last	luce-browser-foundation	ak	singly_linked_list_last_const	AK/SinglyLinkedList.h:121	stub
AK::SinglyLinkedList::prepend	luce-browser-foundation	ak	singly_linked_list_prepend	AK/SinglyLinkedList.h:181	stub
AK::SinglyLinkedList::remove	luce-browser-foundation	ak	singly_linked_list_remove	AK/SinglyLinkedList.h:269	stub
AK::SinglyLinkedList::size	luce-browser-foundation	ak	singly_linked_list_size	AK/SinglyLinkedList.h:89	stub
AK::SinglyLinkedList::tail	luce-browser-foundation	ak	singly_linked_list_tail	AK/SinglyLinkedList.h:293	stub
AK::SinglyLinkedList::tail	luce-browser-foundation	ak	singly_linked_list_tail_const	AK/SinglyLinkedList.h:294	stub
AK::SinglyLinkedList::take_first	luce-browser-foundation	ak	singly_linked_list_take_first	AK/SinglyLinkedList.h:127	stub
AK::SinglyLinkedList::try_append	luce-browser-foundation	ak	singly_linked_list_try_append	AK/SinglyLinkedList.h:141	stub
AK::SinglyLinkedList::try_insert_after	luce-browser-foundation	ak	singly_linked_list_try_insert_after	AK/SinglyLinkedList.h:239	stub
AK::SinglyLinkedList::try_insert_before	luce-browser-foundation	ak	singly_linked_list_try_insert_before	AK/SinglyLinkedList.h:224	stub
AK::SinglyLinkedList::try_prepend	luce-browser-foundation	ak	singly_linked_list_try_prepend	AK/SinglyLinkedList.h:158	stub
AK::SinglyLinkedListIterator	luce-browser-foundation	ak	SinglyLinkedListIterator	AK/SinglyLinkedList.h:19	generic struct
AK::SinglyLinkedListIterator::SinglyLinkedListIterator<ListType, ElementType>	luce-browser-foundation	ak	singly_linked_list_iterator_construct	AK/SinglyLinkedList.h:45	construct
AK::SinglyLinkedListIterator::is_begin	luce-browser-foundation	ak	singly_linked_list_iterator_is_begin	AK/SinglyLinkedList.h:41	stub
AK::SinglyLinkedListIterator::is_end	luce-browser-foundation	ak	singly_linked_list_iterator_is_end	AK/SinglyLinkedList.h:40	stub
AK::SinglyLinkedListIterator::operator!=	luce-browser-foundation	ak	singly_linked_list_iterator_ne	AK/SinglyLinkedList.h:23	stub
AK::SinglyLinkedListIterator::operator*	luce-browser-foundation	ak	singly_linked_list_iterator_deref	AK/SinglyLinkedList.h:32	stub
AK::SinglyLinkedListIterator::operator++	luce-browser-foundation	ak	singly_linked_list_iterator_inc	AK/SinglyLinkedList.h:24	stub
AK::SinglyLinkedListIterator::operator->	luce-browser-foundation	ak	singly_linked_list_iterator_arrow	AK/SinglyLinkedList.h:36	stub
AK::SinglyLinkedListIterator::operator==	luce-browser-foundation	ak	singly_linked_list_iterator_eq	AK/SinglyLinkedList.h:22	stub
AK::SourceLocation	luce-browser-foundation	ak	SourceLocation	AK/SourceLocation.h:16	struct
AK::SourceLocation::SourceLocation	luce-browser-foundation	ak	source_location_construct	AK/SourceLocation.h:32	construct
AK::SourceLocation::current	luce-browser-foundation	ak	source_location_current	AK/SourceLocation.h:22	ported
AK::SourceLocation::filename	luce-browser-foundation	ak	source_location_filename	AK/SourceLocation.h:19	ported
AK::SourceLocation::function_name	luce-browser-foundation	ak	source_location_function_name	AK/SourceLocation.h:18	ported
AK::SourceLocation::line_number	luce-browser-foundation	ak	source_location_line_number	AK/SourceLocation.h:20	ported
AK::SplitBehavior	luce-browser-foundation	ak	SplitBehavior	AK/StringUtils.h:44	enum
AK::Stack	luce-browser-foundation	ak	Stack	AK/Stack.h:14	generic struct
AK::Stack::contains_slow	luce-browser-foundation	ak	stack_contains_slow	AK/Stack.h:66	stub
AK::Stack::is_empty	luce-browser-foundation	ak	stack_is_empty	AK/Stack.h:37	stub
AK::Stack::pop	luce-browser-foundation	ak	stack_pop	AK/Stack.h:47	stub
AK::Stack::push	luce-browser-foundation	ak	stack_push	AK/Stack.h:19	stub
AK::Stack::push	luce-browser-foundation	ak	stack_push_2	AK/Stack.h:28	stub
AK::Stack::size	luce-browser-foundation	ak	stack_size	AK/Stack.h:42	stub
AK::Stack::top	luce-browser-foundation	ak	stack_top	AK/Stack.h:56	stub
AK::Stack::top	luce-browser-foundation	ak	stack_top_const	AK/Stack.h:61	stub
AK::StackInfo	luce-browser-foundation	ak	StackInfo	AK/StackInfo.h:13	struct
AK::StackInfo::StackInfo	luce-browser-foundation	ak	stack_info_construct	AK/StackInfo.cpp:29	construct
AK::StackInfo::base	luce-browser-foundation	ak	stack_info_base	AK/StackInfo.h:17	stub
AK::StackInfo::size	luce-browser-foundation	ak	stack_info_size	AK/StackInfo.h:19	stub
AK::StackInfo::size_free	luce-browser-foundation	ak	stack_info_size_free	AK/StackInfo.h:20	stub
AK::StackInfo::top	luce-browser-foundation	ak	stack_info_top	AK/StackInfo.h:18	stub
AK::StandardFormatter	luce-browser-foundation	ak	StandardFormatter	AK/Format.h:369	struct
AK::StandardFormatter [default member initializers]	luce-browser-foundation	ak	standard_formatter_init_fields	AK/Format.h:369	init fields
AK::StandardFormatter::Mode	luce-browser-foundation	ak	StandardFormatterMode	AK/Format.h:370	enum
AK::StandardFormatter::parse	luce-browser-foundation	ak	standard_formatter_parse	AK/Format.cpp:826	stub
AK::Stream	luce-browser-foundation	ak	Stream	AK/Stream.h:23	struct
AK::Stream::close	luce-browser-foundation	ak	stream_close_impl	AK/Stream.h:124	impl
AK::Stream::close [dispatch]	luce-browser-foundation	ak	stream_close	AK/Stream.h:23	dispatcher
AK::Stream::discard	luce-browser-foundation	ak	stream_discard_impl	AK/Stream.cpp:41	impl
AK::Stream::discard [dispatch]	luce-browser-foundation	ak	stream_discard	AK/Stream.h:23	dispatcher
AK::Stream::is_eof	luce-browser-foundation	ak	stream_is_eof_impl	AK/Stream.h:121	impl
AK::Stream::is_eof [dispatch]	luce-browser-foundation	ak	stream_is_eof	AK/Stream.h:23	dispatcher
AK::Stream::is_open	luce-browser-foundation	ak	stream_is_open_impl	AK/Stream.h:123	impl
AK::Stream::is_open [dispatch]	luce-browser-foundation	ak	stream_is_open	AK/Stream.h:23	dispatcher
AK::Stream::read_some	luce-browser-foundation	ak	stream_read_some_impl	AK/Stream.h:29	impl
AK::Stream::read_some [dispatch]	luce-browser-foundation	ak	stream_read_some	AK/Stream.h:23	dispatcher
AK::Stream::read_until_eof	luce-browser-foundation	ak	stream_read_until_eof_impl	AK/Stream.cpp:15	impl
AK::Stream::read_until_eof [dispatch]	luce-browser-foundation	ak	stream_read_until_eof	AK/Stream.h:23	dispatcher
AK::Stream::read_until_eof_impl	luce-browser-foundation	ak	stream_read_until_eof_impl_2	AK/Stream.cpp:20	stub
AK::Stream::read_until_filled	luce-browser-foundation	ak	stream_read_until_filled_impl	AK/Stream.h:32	impl
AK::Stream::read_until_filled [dispatch]	luce-browser-foundation	ak	stream_read_until_filled	AK/Stream.h:23	dispatcher
AK::Stream::read_value	luce-browser-foundation	ak	stream_read_value	AK/Stream.h:80	stub
AK::Stream::write_formatted_impl	luce-browser-foundation	ak	stream_write_formatted_impl	AK/Stream.cpp:79	stub
AK::Stream::write_some	luce-browser-foundation	ak	stream_write_some_impl	AK/Stream.h:67	impl
AK::Stream::write_some [dispatch]	luce-browser-foundation	ak	stream_write_some	AK/Stream.h:23	dispatcher
AK::Stream::write_until_depleted	luce-browser-foundation	ak	stream_write_until_depleted_span_u8_impl	AK/Stream.cpp:60	impl
AK::Stream::write_until_depleted	luce-browser-foundation	ak	stream_write_until_depleted_t	AK/Stream.h:73	stub
AK::Stream::write_until_depleted [dispatch]	luce-browser-foundation	ak	stream_write_until_depleted_span_u8	AK/Stream.h:23	dispatcher
AK::Stream::write_value	luce-browser-foundation	ak	stream_write_value	AK/Stream.h:96	stub
AK::String	luce-browser-foundation	ak	String	AK/String.h:32	struct
AK::String::Case	luce-browser-foundation	ak	StringCase	AK/String.h:101	enum
AK::String::MAX_SHORT_STRING_BYTE_COUNT	luce-browser-foundation	ak	string_max_short_string_byte_count	AK/String.h:38	variable
AK::String::String	luce-browser-foundation	ak	string_construct_string_base	AK/String.h:239	construct
AK::String::String	luce-browser-foundation	ak	string_construct_void	AK/String.h:244	construct
AK::String::WithBOMHandling	luce-browser-foundation	ak	StringWithBomHandling	AK/String.h:45	enum
AK::String::ascii_case_insensitive_hash	luce-browser-foundation	ak	string_ascii_case_insensitive_hash	AK/String.cpp:293	ported
AK::String::bijective_base_from	luce-browser-foundation	ak	string_bijective_base_from	AK/String.cpp:471	ported
AK::String::bytes_as_string_view	luce-browser-foundation	ak	string_bytes_as_string_view	AK/String.h:148	ported
AK::String::code_points	luce-browser-foundation	ak	string_code_points	AK/String.cpp:298	ported
AK::String::contains	luce-browser-foundation	ak	string_contains_string_view	AK/String.cpp:348	ported
AK::String::contains	luce-browser-foundation	ak	string_contains_u32	AK/String.cpp:353	ported
AK::String::count	luce-browser-foundation	ak	string_count	AK/String.h:151	ported
AK::String::ends_with	luce-browser-foundation	ak	string_ends_with	AK/String.cpp:372	ported
AK::String::ends_with_bytes	luce-browser-foundation	ak	string_ends_with_bytes	AK/String.cpp:389	ported
AK::String::equals_ignoring_ascii_case	luce-browser-foundation	ak	string_equals_ignoring_ascii_case_string	AK/String.cpp:441	ported
AK::String::equals_ignoring_ascii_case	luce-browser-foundation	ak	string_equals_ignoring_ascii_case_string_view	AK/String.cpp:446	ported
AK::String::equals_ignoring_case	luce-browser-foundation	web_unicode	string_equals_ignoring_case	Libraries/LibUnicode/String.cpp:126	stub
AK::String::find_byte_offset	luce-browser-foundation	ak	string_find_byte_offset_string_view	AK/String.cpp:239	ported
AK::String::find_byte_offset	luce-browser-foundation	ak	string_find_byte_offset_u32	AK/String.cpp:225	ported
AK::String::find_byte_offset_ignoring_case	luce-browser-foundation	web_unicode	string_find_byte_offset_ignoring_case	Libraries/LibUnicode/String.cpp:139	stub
AK::String::from_ascii_short_string_without_validation	luce-browser-foundation	ak	string_from_ascii_short_string_without_validation	AK/String.h:60	ported
AK::String::from_ascii_without_validation	luce-browser-foundation	ak	string_from_ascii_without_validation	AK/String.cpp:57	ported
AK::String::from_byte_string	luce-browser-foundation	ak	string_from_byte_string	AK/String.cpp:404	ported
AK::String::from_code_point	luce-browser-foundation	ak	string_from_code_point	AK/String.h:80	ported
AK::String::from_stream	luce-browser-foundation	ak	string_from_stream	AK/String.cpp:133	ported
AK::String::from_string_builder	luce-browser-foundation	ak	string_from_string_builder	AK/String.cpp:145	ported
AK::String::from_string_builder_without_validation	luce-browser-foundation	ak	string_from_string_builder_without_validation	AK/String.cpp:155	ported
AK::String::from_utf16_be_with_replacement_character	luce-browser-foundation	ak	string_from_utf16_be_with_replacement_character	AK/String.cpp:104	ported
AK::String::from_utf16_le_with_replacement_character	luce-browser-foundation	ak	string_from_utf16_le_with_replacement_character	AK/String.cpp:75	ported
AK::String::from_utf8	luce-browser-foundation	ak	string_from_utf8	AK/String.cpp:62	ported
AK::String::from_utf8_with_replacement_character	luce-browser-foundation	ak	string_from_utf8_with_replacement_character	AK/String.cpp:25	ported
AK::String::from_utf8_without_validation	luce-browser-foundation	ak	string_from_utf8_without_validation	AK/String.cpp:47	ported
AK::String::greek_letter_from	luce-browser-foundation	ak	string_greek_letter_from	AK/String.cpp:501	ported
AK::String::is_ascii	luce-browser-foundation	ak	string_is_ascii	AK/String.h:118	ported
AK::String::is_empty	luce-browser-foundation	ak	string_is_empty	AK/String.h:145	ported
AK::String::is_invalid	luce-browser-foundation	ak	string_is_invalid	AK/String.h:234	ported
AK::String::join	luce-browser-foundation	ak	string_join	AK/String.h:214	dropped
AK::String::join over StringViews with the default "{}" format	luce-browser-foundation	ak	string_join_string_view	AK/String.h:214	ported
AK::String::join over Strings with the default "{}" format	luce-browser-foundation	ak	string_join_string	AK/String.h:214	ported
AK::String::number	luce-browser-foundation	ak	string_number	AK/String.h:193	dropped
AK::String::number	luce-browser-foundation	ak	string_number_f64	AK/String.h:199	ported
AK::String::number	luce-browser-foundation	ak	string_number_i64	AK/String.h:193	ported
AK::String::number	luce-browser-foundation	ak	string_number_u64	AK/String.h:193	ported
AK::String::operator<=>	luce-browser-foundation	ak	string_cmp	AK/String.h:176	ported
AK::String::operator==	luce-browser-foundation	ak	string_eq_fly_string	AK/String.cpp:254	ported
AK::String::operator==	luce-browser-foundation	ak	string_eq_string_view	AK/String.cpp:259	ported
AK::String::operator==	luce-browser-foundation	ak	string_eq_u8	AK/String.cpp:288	ported
AK::String::repeated	luce-browser-foundation	ak	string_repeated_string	AK/String.cpp:451	ported
AK::String::repeated	luce-browser-foundation	ak	string_repeated_u32	AK/String.cpp:162	ported
AK::String::replace	luce-browser-foundation	ak	string_replace	AK/String.cpp:308	ported
AK::String::reverse	luce-browser-foundation	ak	string_reverse	AK/String.cpp:313	ported
AK::String::roman_number_from	luce-browser-foundation	ak	string_roman_number_from	AK/String.cpp:516	ported
AK::String::split	luce-browser-foundation	ak	string_split	AK/String.cpp:195	ported
AK::String::split_limit	luce-browser-foundation	ak	string_split_limit	AK/String.cpp:200	ported
AK::String::starts_with	luce-browser-foundation	ak	string_starts_with	AK/String.cpp:359	ported
AK::String::starts_with_bytes	luce-browser-foundation	ak	string_starts_with_bytes	AK/String.cpp:367	ported
AK::String::substring_from_byte_offset	luce-browser-foundation	ak	string_substring_from_byte_offset	AK/String.cpp:271	ported
AK::String::substring_from_byte_offset	luce-browser-foundation	ak	string_substring_from_byte_offset_usize	AK/String.cpp:264	ported
AK::String::substring_from_byte_offset_with_shared_superstring	luce-browser-foundation	ak	string_substring_from_byte_offset_with_shared_superstring	AK/String.cpp:282	ported
AK::String::substring_from_byte_offset_with_shared_superstring	luce-browser-foundation	ak	string_substring_from_byte_offset_with_shared_superstring_usize	AK/String.cpp:277	ported
AK::String::to_ascii_lowercase	luce-browser-foundation	ak	string_to_ascii_lowercase	AK/String.cpp:409	ported
AK::String::to_ascii_uppercase	luce-browser-foundation	ak	string_to_ascii_uppercase	AK/String.cpp:425	ported
AK::String::to_byte_string	luce-browser-foundation	ak	string_to_byte_string	AK/String.cpp:399	ported
AK::String::to_casefold	luce-browser-foundation	web_unicode	string_to_casefold	Libraries/LibUnicode/String.cpp:118	stub
AK::String::to_fullwidth	luce-browser-foundation	web_unicode	string_to_fullwidth	Libraries/LibUnicode/String.cpp:90	stub
AK::String::to_lowercase	luce-browser-foundation	web_unicode	string_to_lowercase	Libraries/LibUnicode/String.cpp:38	stub
AK::String::to_number	luce-browser-foundation	ak	string_to_number	AK/String.h:199	dropped
AK::String::to_number<f32>	luce-browser-foundation	ak	string_to_number_f32	AK/String.h:199	ported
AK::String::to_number<f64>	luce-browser-foundation	ak	string_to_number_f64	AK/String.h:199	ported
AK::String::to_number<i16>	luce-browser-foundation	ak	string_to_number_i16	AK/String.h:199	ported
AK::String::to_number<i32>	luce-browser-foundation	ak	string_to_number_i32	AK/String.h:199	ported
AK::String::to_number<i64>	luce-browser-foundation	ak	string_to_number_i64	AK/String.h:199	ported
AK::String::to_number<i8>	luce-browser-foundation	ak	string_to_number_i8	AK/String.h:199	ported
AK::String::to_number<u16>	luce-browser-foundation	ak	string_to_number_u16	AK/String.h:199	ported
AK::String::to_number<u32>	luce-browser-foundation	ak	string_to_number_u32	AK/String.h:199	ported
AK::String::to_number<u64>	luce-browser-foundation	ak	string_to_number_u64	AK/String.h:199	ported
AK::String::to_number<u8>	luce-browser-foundation	ak	string_to_number_u8	AK/String.h:199	ported
AK::String::to_titlecase	luce-browser-foundation	web_unicode	string_to_titlecase	Libraries/LibUnicode/String.cpp:70	stub
AK::String::to_uppercase	luce-browser-foundation	web_unicode	string_to_uppercase	Libraries/LibUnicode/String.cpp:54	stub
AK::String::trim	luce-browser-foundation	ak	string_trim_string_view	AK/String.cpp:338	ported
AK::String::trim	luce-browser-foundation	ak	string_trim_utf8_view	AK/String.cpp:332	ported
AK::String::trim_ascii_whitespace	luce-browser-foundation	ak	string_trim_ascii_whitespace	AK/String.cpp:343	ported
AK::String::trim_whitespace	luce-browser-foundation	web_unicode	string_trim_whitespace	Libraries/LibUnicode/String.cpp:159	stub
AK::String::vformatted	luce-browser-foundation	ak	string_vformatted	AK/String.cpp:188	ported
AK::StringBuilder	luce-browser-foundation	ak	StringBuilder	AK/StringBuilder.h:17	struct
AK::StringBuilder [default member initializers]	luce-browser-foundation	ak	string_builder_init_fields	AK/StringBuilder.h:17	init fields
AK::StringBuilder::DEFAULT_MODE	luce-browser-foundation	ak	string_builder_default_mode	AK/StringBuilder.h:24	variable
AK::StringBuilder::Mode	luce-browser-foundation	ak	StringBuilderMode	AK/StringBuilder.h:19	enum
AK::StringBuilder::StringBuilder	luce-browser-foundation	ak	string_builder_construct	AK/StringBuilder.cpp:45	construct
AK::StringBuilder::StringBuilder	luce-browser-foundation	ak	string_builder_construct_string_builder_mode	AK/StringBuilder.cpp:58	construct
AK::StringBuilder::StringBuilder	luce-browser-foundation	ak	string_builder_construct_string_builder_mode_usize	AK/StringBuilder.cpp:64	construct
AK::StringBuilder::StringBuilder	luce-browser-foundation	ak	string_builder_construct_usize	AK/StringBuilder.cpp:53	construct
AK::StringBuilder::append	luce-browser-foundation	ak	string_builder_append_string_view	AK/StringBuilder.cpp:249	ported
AK::StringBuilder::append	luce-browser-foundation	ak	string_builder_append_u8	AK/StringBuilder.cpp:264	ported
AK::StringBuilder::append	luce-browser-foundation	ak	string_builder_append_u8_usize	AK/StringBuilder.cpp:259	ported
AK::StringBuilder::append	luce-browser-foundation	ak	string_builder_append_utf16_view	AK/StringBuilder.cpp:498	ported
AK::StringBuilder::append	luce-browser-foundation	ak	string_builder_append_utf32_view	AK/StringBuilder.cpp:512	ported
AK::StringBuilder::append_as_lowercase	luce-browser-foundation	ak	string_builder_append_as_lowercase	AK/StringBuilder.cpp:517	ported
AK::StringBuilder::append_ascii_without_validation	luce-browser-foundation	ak	string_builder_append_ascii_without_validation	AK/StringBuilder.cpp:146	ported
AK::StringBuilder::append_code_point	luce-browser-foundation	ak	string_builder_append_code_point	AK/StringBuilder.cpp:385	ported
AK::StringBuilder::append_code_unit	luce-browser-foundation	ak	string_builder_append_code_unit	AK/StringBuilder.cpp:269	ported
AK::StringBuilder::append_escaped_for_json	luce-browser-foundation	ak	string_builder_append_escaped_for_json	AK/StringBuilder.cpp:525	ported
AK::StringBuilder::append_repeated	luce-browser-foundation	ak	string_builder_append_repeated_string_view	AK/StringBuilder.cpp:279	ported
AK::StringBuilder::append_repeated	luce-browser-foundation	ak	string_builder_append_repeated_u8	AK/StringBuilder.cpp:274	ported
AK::StringBuilder::append_repeated	luce-browser-foundation	ak	string_builder_append_repeated_utf16_view	AK/StringBuilder.cpp:284	ported
AK::StringBuilder::appendvf	luce-browser-foundation	ak	string_builder_appendvf	AK/StringBuilder.h:64	ported
AK::StringBuilder::clear	luce-browser-foundation	ak	string_builder_clear	AK/StringBuilder.cpp:362	ported
AK::StringBuilder::data	luce-browser-foundation	ak	string_builder_data	AK/StringBuilder.cpp:336	ported
AK::StringBuilder::data	luce-browser-foundation	ak	string_builder_data_const	AK/StringBuilder.cpp:341	ported
AK::StringBuilder::ensure_storage_is_utf16	luce-browser-foundation	ak	string_builder_ensure_storage_is_utf16	AK/StringBuilder.cpp:85	ported
AK::StringBuilder::initialize_buffer	luce-browser-foundation	ak	string_builder_initialize_buffer	AK/StringBuilder.cpp:37	ported
AK::StringBuilder::inline_capacity	luce-browser-foundation	ak	string_builder_inline_capacity	AK/StringBuilder.h:25	variable
AK::StringBuilder::is_empty	luce-browser-foundation	ak	string_builder_is_empty	AK/StringBuilder.cpp:113	ported
AK::StringBuilder::join	luce-browser-foundation	ak	string_builder_join	AK/StringBuilder.h:100	dropped
AK::StringBuilder::join over FlyStrings with the default	luce-browser-foundation	ak	string_builder_join_fly_string	AK/StringBuilder.h:100	ported
AK::StringBuilder::join over StringViews with the default	luce-browser-foundation	ak	string_builder_join_string_view	AK/StringBuilder.h:100	ported
AK::StringBuilder::join over Strings with the default "{}"	luce-browser-foundation	ak	string_builder_join_string	AK/StringBuilder.h:100	ported
AK::StringBuilder::join over Utf16Views with the default "{}"	luce-browser-foundation	ak	string_builder_join_utf16_view	AK/StringBuilder.h:100	ported
AK::StringBuilder::leak_buffer_for_string_construction	luce-browser-foundation	ak	string_builder_leak_buffer_for_string_construction	AK/StringBuilder.cpp:559	ported
AK::StringBuilder::leak_buffer_for_string_construction	luce-browser-foundation	ak	string_builder_leak_buffer_for_string_construction_string_data	AK/StringBuilder.h:118	ported
AK::StringBuilder::leak_buffer_for_string_construction	luce-browser-foundation	ak	string_builder_leak_buffer_for_string_construction_utf16_string_data	AK/StringBuilder.h:119	ported
AK::StringBuilder::length	luce-browser-foundation	ak	string_builder_length	AK/StringBuilder.cpp:108	ported
AK::StringBuilder::string_view	luce-browser-foundation	ak	string_builder_string_view	AK/StringBuilder.cpp:346	ported
AK::StringBuilder::to_byte_buffer	luce-browser-foundation	ak	string_builder_to_byte_buffer	AK/StringBuilder.cpp:289	ported
AK::StringBuilder::to_byte_string	luce-browser-foundation	ak	string_builder_to_byte_string	AK/StringBuilder.cpp:294	ported
AK::StringBuilder::to_fly_string	luce-browser-foundation	ak	string_builder_to_fly_string	AK/StringBuilder.cpp:324	ported
AK::StringBuilder::to_fly_string_without_validation	luce-browser-foundation	ak	string_builder_to_fly_string_without_validation	AK/StringBuilder.cpp:318	ported
AK::StringBuilder::to_string	luce-browser-foundation	ak	string_builder_to_string	AK/StringBuilder.cpp:302	ported
AK::StringBuilder::to_string_without_validation	luce-browser-foundation	ak	string_builder_to_string_without_validation	AK/StringBuilder.cpp:310	ported
AK::StringBuilder::to_utf16_string	luce-browser-foundation	ak	string_builder_to_utf16_string	AK/StringBuilder.cpp:330	ported
AK::StringBuilder::trim	luce-browser-foundation	ak	string_builder_trim	AK/StringBuilder.cpp:118	ported
AK::StringBuilder::try_append	luce-browser-foundation	ak	string_builder_try_append_string_view	AK/StringBuilder.cpp:127	ported
AK::StringBuilder::try_append	luce-browser-foundation	ak	string_builder_try_append_u8	AK/StringBuilder.cpp:172	ported
AK::StringBuilder::try_append	luce-browser-foundation	ak	string_builder_try_append_u8_usize	AK/StringBuilder.cpp:254	ported
AK::StringBuilder::try_append	luce-browser-foundation	ak	string_builder_try_append_utf16_view	AK/StringBuilder.cpp:436	ported
AK::StringBuilder::try_append	luce-browser-foundation	ak	string_builder_try_append_utf32_view	AK/StringBuilder.cpp:503	ported
AK::StringBuilder::try_append_ascii_without_validation	luce-browser-foundation	ak	string_builder_try_append_ascii_without_validation	AK/StringBuilder.cpp:151	ported
AK::StringBuilder::try_append_code_point	luce-browser-foundation	ak	string_builder_try_append_code_point	AK/StringBuilder.cpp:367	ported
AK::StringBuilder::try_append_code_unit	luce-browser-foundation	ak	string_builder_try_append_code_unit	AK/StringBuilder.cpp:185	ported
AK::StringBuilder::try_append_escaped_for_json	luce-browser-foundation	ak	string_builder_try_append_escaped_for_json	AK/StringBuilder.cpp:530	ported
AK::StringBuilder::try_append_repeated	luce-browser-foundation	ak	string_builder_try_append_repeated_string_view	AK/StringBuilder.cpp:209	ported
AK::StringBuilder::try_append_repeated	luce-browser-foundation	ak	string_builder_try_append_repeated_u8	AK/StringBuilder.cpp:198	ported
AK::StringBuilder::try_append_repeated	luce-browser-foundation	ak	string_builder_try_append_repeated_utf16_view	AK/StringBuilder.cpp:227	ported
AK::StringBuilder::try_join	luce-browser-foundation	ak	string_builder_try_join	AK/StringBuilder.h:106	dropped
AK::StringBuilder::try_join over StringViews with the	luce-browser-foundation	ak	string_builder_try_join_string_view	AK/StringBuilder.h:106	ported
AK::StringBuilder::try_join over Strings with the default	luce-browser-foundation	ak	string_builder_try_join_string	AK/StringBuilder.h:106	ported
AK::StringBuilder::utf16_string_view	luce-browser-foundation	ak	string_builder_utf16_string_view	AK/StringBuilder.cpp:352	ported
AK::StringBuilder::will_append	luce-browser-foundation	ak	string_builder_will_append	AK/StringBuilder.cpp:70	ported
AK::StringUtils::SearchDirection	luce-browser-foundation	ak	SearchDirection	AK/StringUtils.h:93	enum
AK::StringUtils::contains	luce-browser-foundation	ak	string_utils_contains	AK/StringUtils.cpp:146	ported
AK::StringUtils::count	luce-browser-foundation	ak	string_utils_count_string_view	AK/StringUtils.cpp:413	ported
AK::StringUtils::count	luce-browser-foundation	ak	string_utils_count_u8	AK/StringUtils.cpp:426	ported
AK::StringUtils::ends_with	luce-browser-foundation	ak	string_utils_ends_with	AK/StringUtils.cpp:98	ported
AK::StringUtils::equals_ignoring_ascii_case	luce-browser-foundation	ak	string_utils_equals_ignoring_ascii_case	AK/StringUtils.cpp:87	ported
AK::StringUtils::find	luce-browser-foundation	ak	string_utils_find_string_view	AK/StringUtils.cpp:228	ported
AK::StringUtils::find	luce-browser-foundation	ak	string_utils_find_u8	AK/StringUtils.cpp:213	ported
AK::StringUtils::find_all	luce-browser-foundation	ak	string_utils_find_all	AK/StringUtils.cpp:272	ported
AK::StringUtils::find_any_of	luce-browser-foundation	ak	string_utils_find_any_of	AK/StringUtils.cpp:288	ported
AK::StringUtils::find_last	luce-browser-foundation	ak	string_utils_find_last_string_view	AK/StringUtils.cpp:247	ported
AK::StringUtils::find_last	luce-browser-foundation	ak	string_utils_find_last_u8	AK/StringUtils.cpp:238	ported
AK::StringUtils::find_last_not	luce-browser-foundation	ak	string_utils_find_last_not	AK/StringUtils.cpp:263	ported
AK::StringUtils::is_whitespace	luce-browser-foundation	ak	string_utils_is_whitespace	AK/StringUtils.cpp:174	ported
AK::StringUtils::matches	luce-browser-foundation	ak	string_utils_matches	AK/StringUtils.cpp:25	ported
AK::StringUtils::replace	luce-browser-foundation	ak	string_utils_replace_string	AK/StringUtils.cpp:397	ported
AK::StringUtils::replace	luce-browser-foundation	ak	string_utils_replace_string_view	AK/StringUtils.cpp:383	ported
AK::StringUtils::replace_into_builder	luce-browser-foundation	ak	string_utils_replace_into_builder	AK/StringUtils.cpp:351	ported
AK::StringUtils::starts_with	luce-browser-foundation	ak	string_utils_starts_with	AK/StringUtils.cpp:121	ported
AK::StringUtils::to_snakecase	luce-browser-foundation	ak	string_utils_to_snakecase	AK/StringUtils.cpp:306	ported
AK::StringUtils::to_titlecase	luce-browser-foundation	ak	string_utils_to_titlecase	AK/StringUtils.cpp:332	ported
AK::StringUtils::trim	luce-browser-foundation	ak	string_utils_trim	AK/StringUtils.cpp:179	ported
AK::StringUtils::trim_whitespace	luce-browser-foundation	ak	string_utils_trim_whitespace	AK/StringUtils.cpp:208	ported
AK::StringView	luce-browser-foundation	ak	StringView	AK/StringView.h:23	struct
AK::StringView [default member initializers]	luce-browser-foundation	ak	string_view_init_fields	AK/StringView.h:23	init fields
AK::StringView::ConsiderCarriageReturn	luce-browser-foundation	ak	StringViewConsiderCarriageReturn	AK/StringView.h:228	enum
AK::StringView::StringView	luce-browser-foundation	ak	string_view_construct_byte_buffer	AK/StringView.cpp:40	construct
AK::StringView::StringView	luce-browser-foundation	ak	string_view_construct_byte_string	AK/StringView.cpp:34	construct
AK::StringView::StringView	luce-browser-foundation	ak	string_view_construct_fly_string	AK/StringView.cpp:28	construct
AK::StringView::StringView	luce-browser-foundation	ak	string_view_construct_span_u8	AK/StringView.h:45	construct
AK::StringView::StringView	luce-browser-foundation	ak	string_view_construct_string	AK/StringView.cpp:22	construct
AK::StringView::StringView	luce-browser-foundation	ak	string_view_construct_string_view	AK/StringView.h:357	construct
AK::StringView::StringView	luce-browser-foundation	ak	string_view_construct_u8_usize	AK/StringView.h:27	construct
AK::StringView::StringView	luce-browser-foundation	ak	string_view_construct_u8_usize_2	AK/StringView.h:37	construct
AK::StringView::begin	luce-browser-foundation	ak	string_view_begin	AK/StringView.h:81	ported
AK::StringView::bytes	luce-browser-foundation	ak	string_view_bytes	AK/StringView.h:69	ported
AK::StringView::characters_without_null_termination	luce-browser-foundation	ak	string_view_characters_without_null_termination	AK/StringView.h:66	ported
AK::StringView::compare	luce-browser-foundation	ak	string_view_compare	AK/StringView.h:278	ported
AK::StringView::contains	luce-browser-foundation	ak	string_view_contains_string_view	AK/StringView.cpp:189	ported
AK::StringView::contains	luce-browser-foundation	ak	string_view_contains_u32	AK/StringView.cpp:175	ported
AK::StringView::contains	luce-browser-foundation	ak	string_view_contains_u8	AK/StringView.cpp:166	ported
AK::StringView::copy_characters_to_buffer	luce-browser-foundation	ak	string_view_copy_characters_to_buffer	AK/StringView.cpp:261	ported
AK::StringView::count	luce-browser-foundation	ak	string_view_count_string_view	AK/StringView.h:319	ported
AK::StringView::count	luce-browser-foundation	ak	string_view_count_u8	AK/StringView.h:324	ported
AK::StringView::count_lines	luce-browser-foundation	ak	string_view_count_lines	AK/StringView.cpp:118	ported
AK::StringView::end	luce-browser-foundation	ak	string_view_end	AK/StringView.h:82	ported
AK::StringView::ends_with	luce-browser-foundation	ak	string_view_ends_with_string_view	AK/StringView.cpp:151	ported
AK::StringView::ends_with	luce-browser-foundation	ak	string_view_ends_with_u8	AK/StringView.cpp:144	ported
AK::StringView::equals_ignoring_ascii_case	luce-browser-foundation	ak	string_view_equals_ignoring_ascii_case	AK/StringView.cpp:196	ported
AK::StringView::find	luce-browser-foundation	ak	string_view_find_string_view	AK/StringView.h:111	ported
AK::StringView::find	luce-browser-foundation	ak	string_view_find_u8	AK/StringView.h:110	ported
AK::StringView::find_all	luce-browser-foundation	ak	string_view_find_all	AK/StringView.cpp:285	ported
AK::StringView::find_any_of	luce-browser-foundation	ak	string_view_find_any_of	AK/StringView.h:119	ported
AK::StringView::find_first_split_view	luce-browser-foundation	ak	string_view_find_first_split_view	AK/StringView.h:150	ported
AK::StringView::find_last	luce-browser-foundation	ak	string_view_find_last_string_view	AK/StringView.h:113	ported
AK::StringView::find_last	luce-browser-foundation	ak	string_view_find_last_u8	AK/StringView.h:112	ported
AK::StringView::find_last_not	luce-browser-foundation	ak	string_view_find_last_not	AK/StringView.h:114	ported
AK::StringView::find_last_split_view	luce-browser-foundation	ak	string_view_find_last_split_view	AK/StringView.h:142	ported
AK::StringView::for_each_split_view	luce-browser-foundation	ak	string_view_for_each_split_view_string_view	AK/StringView.h:166	ported
AK::StringView::for_each_split_view	luce-browser-foundation	ak	string_view_for_each_split_view_u8	AK/StringView.h:159	ported
AK::StringView::hash	luce-browser-foundation	ak	string_view_hash	AK/StringView.h:84	ported
AK::StringView::is_ascii	luce-browser-foundation	ak	string_view_is_ascii	AK/StringView.cpp:201	ported
AK::StringView::is_empty	luce-browser-foundation	ak	string_view_is_empty	AK/StringView.h:64	ported
AK::StringView::is_one_of_ignoring_ascii_case	luce-browser-foundation	ak	string_view_is_one_of_ignoring_ascii_case	AK/StringView.h:336	ported
AK::StringView::is_whitespace	luce-browser-foundation	ak	string_view_is_whitespace	AK/StringView.h:312	ported
AK::StringView::length	luce-browser-foundation	ak	string_view_length	AK/StringView.h:67	ported
AK::StringView::lines	luce-browser-foundation	ak	string_view_lines	AK/StringView.cpp:104	ported
AK::StringView::matches	luce-browser-foundation	ak	string_view_matches_case_sensitivity	AK/StringView.cpp:161	ported
AK::StringView::matches	luce-browser-foundation	ak	string_view_matches_vector	AK/StringView.cpp:156	ported
AK::StringView::operator!=	luce-browser-foundation	ak	string_view_ne	AK/StringView.h:300	ported
AK::StringView::operator<	luce-browser-foundation	ak	string_view_lt	AK/StringView.h:305	ported
AK::StringView::operator<=	luce-browser-foundation	ak	string_view_le	AK/StringView.h:306	ported
AK::StringView::operator==	luce-browser-foundation	ak	string_view_eq_byte_string	AK/StringView.cpp:273	ported
AK::StringView::operator==	luce-browser-foundation	ak	string_view_eq_string_view	AK/StringView.h:295	ported
AK::StringView::operator==	luce-browser-foundation	ak	string_view_eq_u8_const	AK/StringView.h:256	ported
AK::StringView::operator==	luce-browser-foundation	ak	string_view_eq_u8_const_2	AK/StringView.h:271	ported
AK::StringView::operator>	luce-browser-foundation	ak	string_view_gt	AK/StringView.h:307	ported
AK::StringView::operator>=	luce-browser-foundation	ak	string_view_ge	AK/StringView.h:308	ported
AK::StringView::operator[]	luce-browser-foundation	ak	string_view_at	AK/StringView.h:71	ported
AK::StringView::replace	luce-browser-foundation	ak	string_view_replace	AK/StringView.cpp:280	ported
AK::StringView::split_view	luce-browser-foundation	ak	string_view_split_view_string_view	AK/StringView.cpp:53	ported
AK::StringView::split_view	luce-browser-foundation	ak	string_view_split_view_u8	AK/StringView.cpp:47	ported
AK::StringView::split_view_if	luce-browser-foundation	ak	string_view_split_view_if	AK/StringView.cpp:290	ported
AK::StringView::starts_with	luce-browser-foundation	ak	string_view_starts_with_string_view	AK/StringView.cpp:139	ported
AK::StringView::starts_with	luce-browser-foundation	ak	string_view_starts_with_u8	AK/StringView.cpp:132	ported
AK::StringView::substring_view	luce-browser-foundation	ak	string_view_substring_view	AK/StringView.h:129	ported
AK::StringView::substring_view	luce-browser-foundation	ak	string_view_substring_view_usize	AK/StringView.h:121	ported
AK::StringView::substring_view_starting_after_substring	luce-browser-foundation	ak	string_view_substring_view_starting_after_substring	AK/StringView.cpp:252	ported
AK::StringView::substring_view_starting_from_substring	luce-browser-foundation	ak	string_view_substring_view_starting_from_substring	AK/StringView.cpp:243	ported
AK::StringView::to_ascii_lowercase_string	luce-browser-foundation	ak	string_view_to_ascii_lowercase_string	AK/StringView.cpp:208	ported
AK::StringView::to_ascii_titlecase_string	luce-browser-foundation	ak	string_view_to_ascii_titlecase_string	AK/StringView.cpp:238	ported
AK::StringView::to_ascii_uppercase_string	luce-browser-foundation	ak	string_view_to_ascii_uppercase_string	AK/StringView.cpp:223	ported
AK::StringView::to_byte_string	luce-browser-foundation	ak	string_view_to_byte_string	AK/StringView.cpp:278	ported
AK::StringView::to_number	luce-browser-foundation	ak	string_view_to_number	AK/StringView.h:348	dropped
AK::StringView::to_number<f32>	luce-browser-foundation	ak	string_view_to_number_f32	AK/StringView.h:348	ported
AK::StringView::to_number<f64>	luce-browser-foundation	ak	string_view_to_number_f64	AK/StringView.h:348	ported
AK::StringView::to_number<i16>	luce-browser-foundation	ak	string_view_to_number_i16	AK/StringView.h:348	ported
AK::StringView::to_number<i32>	luce-browser-foundation	ak	string_view_to_number_i32	AK/StringView.h:348	ported
AK::StringView::to_number<i64>	luce-browser-foundation	ak	string_view_to_number_i64	AK/StringView.h:348	ported
AK::StringView::to_number<i8>	luce-browser-foundation	ak	string_view_to_number_i8	AK/StringView.h:348	ported
AK::StringView::to_number<u16>	luce-browser-foundation	ak	string_view_to_number_u16	AK/StringView.h:348	ported
AK::StringView::to_number<u32>	luce-browser-foundation	ak	string_view_to_number_u32	AK/StringView.h:348	ported
AK::StringView::to_number<u64>	luce-browser-foundation	ak	string_view_to_number_u64	AK/StringView.h:348	ported
AK::StringView::to_number<u8>	luce-browser-foundation	ak	string_view_to_number_u8	AK/StringView.h:348	ported
AK::StringView::trim	luce-browser-foundation	ak	string_view_trim	AK/StringView.h:103	ported
AK::StringView::trim_whitespace	luce-browser-foundation	ak	string_view_trim_whitespace	AK/StringView.h:104	ported
AK::TemporaryChange	luce-browser-foundation	ak	TemporaryChange	AK/TemporaryChange.h:15	generic struct
AK::TemporaryChange::TemporaryChange<T>	luce-browser-foundation	ak	temporary_change_construct	AK/TemporaryChange.h:17	construct
AK::TimeLiterals::operator""_ms	luce-browser-foundation	ak	time_literals_literalms	AK/Time.h:662	stub
AK::TimeLiterals::operator""_ns	luce-browser-foundation	ak	time_literals_literalns	AK/Time.h:660	stub
AK::TimeLiterals::operator""_sec	luce-browser-foundation	ak	time_literals_literalsec	AK/Time.h:663	stub
AK::TimeLiterals::operator""_us	luce-browser-foundation	ak	time_literals_literalus	AK/Time.h:661	stub
AK::TrailingCodePointTransformation	luce-browser-foundation	ak	TrailingCodePointTransformation	AK/StringUtils.h:59	enum
AK::Traits<URL::Origin>	luce-browser-foundation	web_url	OriginTraits	Libraries/LibURL/Origin.h:85	struct
AK::Traits<URL::Origin>::hash	luce-browser-foundation	web_url	origin_traits_hash	Libraries/LibURL/Origin.cpp:137	ported
AK::TriState	luce-browser-foundation	ak	TriState	AK/Types.h:187	enum
AK::Trie	luce-browser-foundation	ak	Trie	AK/Trie.h:288	generic struct
AK::Trie::Trie<ValueType, MetadataT, ValueTraits, BaseT, MapType>	luce-browser-foundation	ak	trie_construct	AK/Trie.h:299	construct
AK::Trie::Trie<ValueType, MetadataT, ValueTraits, BaseT, MapType>	luce-browser-foundation	ak	trie_construct_opaque	AK/Trie.h:293	construct
AK::Trigonometry::acos	luce-browser-foundation	ak	trigonometry_acos	AK/Math.h:696	stub
AK::Trigonometry::asin	luce-browser-foundation	ak	trigonometry_asin	AK/Math.h:667	stub
AK::Trigonometry::atan	luce-browser-foundation	ak	trigonometry_atan	AK/Math.h:645	stub
AK::Trigonometry::atan2	luce-browser-foundation	ak	trigonometry_atan2	AK/Math.h:705	stub
AK::Trigonometry::cos	luce-browser-foundation	ak	trigonometry_cos	AK/Math.h:579	stub
AK::Trigonometry::hypot	luce-browser-foundation	ak	trigonometry_hypot	AK/Math.h:550	stub
AK::Trigonometry::sin	luce-browser-foundation	ak	trigonometry_sin	AK/Math.h:556	stub
AK::Trigonometry::sincos	luce-browser-foundation	ak	trigonometry_sincos	AK/Math.h:602	stub
AK::Trigonometry::tan	luce-browser-foundation	ak	trigonometry_tan	AK/Math.h:621	stub
AK::TrimMode	luce-browser-foundation	ak	TrimMode	AK/StringUtils.h:33	enum
AK::TrimWhitespace	luce-browser-foundation	ak	TrimWhitespace	AK/StringUtils.h:39	enum
AK::TypeErasedFormatParams	luce-browser-foundation	ak	TypeErasedFormatParams	AK/Format.h:330	struct
AK::TypeErasedFormatParams::TypeErasedFormatParams	luce-browser-foundation	ak	type_erased_format_params_construct	AK/Format.h:332	construct
AK::TypeErasedFormatParams::parameters	luce-browser-foundation	ak	type_erased_format_params_parameters	AK/Format.h:337	stub
AK::TypeErasedFormatParams::take_next_index	luce-browser-foundation	ak	type_erased_format_params_take_next_index	AK/Format.h:339	stub
AK::TypeErasedParameter	luce-browser-foundation	ak	TypeErasedParameter	AK/Format.h:63	struct
AK::TypeErasedParameter::(anonymous union)	luce-browser-foundation	ak	TypeErasedParameterUnion	AK/Format.h:184	struct
AK::TypeErasedParameter::CustomType	luce-browser-foundation	ak	TypeErasedParameterCustomType	AK/Format.h:76	struct
AK::TypeErasedParameter::Type	luce-browser-foundation	ak	TypeErasedParameterType	AK/Format.h:64	enum
AK::TypeErasedParameter::TypeErasedParameter	luce-browser-foundation	ak	type_erased_parameter_construct_bool	AK/Format.h:100	construct
AK::TypeErasedParameter::TypeErasedParameter	luce-browser-foundation	ak	type_erased_parameter_construct_f32	AK/Format.h:112	construct
AK::TypeErasedParameter::TypeErasedParameter	luce-browser-foundation	ak	type_erased_parameter_construct_f64	AK/Format.h:118	construct
AK::TypeErasedParameter::TypeErasedParameter	luce-browser-foundation	ak	type_erased_parameter_construct_string_view	AK/Format.h:124	construct
AK::TypeErasedParameter::TypeErasedParameter	luce-browser-foundation	ak	type_erased_parameter_construct_u8	AK/Format.h:106	construct
AK::TypeErasedParameter::TypeErasedParameter	luce-browser-foundation	ak	type_erased_parameter_construct_u8_2	AK/Format.h:130	construct
AK::TypeErasedParameter::TypeErasedParameter	luce-browser-foundation	ak	type_erased_parameter_type_erased_parameter	AK/Format.h:85	stub
AK::TypeErasedParameter::to_size	luce-browser-foundation	ak	type_erased_parameter_to_size	AK/Format.h:169	stub
AK::TypeErasedParameter::visit	luce-browser-foundation	ak	type_erased_parameter_visit	AK/Format.h:144	stub
AK::UnicodeEscapeError	luce-browser-foundation	ak	UnicodeEscapeError	AK/GenericLexer.h:33	enum
AK::UnicodeUtils::AllowLonelySurrogates	luce-browser-foundation	ak	AllowLonelySurrogates	AK/UnicodeUtils.h:88	enum
AK::UnicodeUtils::FIRST_SUPPLEMENTARY_PLANE_CODE_POINT	luce-browser-foundation	ak	unicode_utils_first_supplementary_plane_code_point	AK/UnicodeUtils.h:86	variable
AK::UnicodeUtils::HIGH_SURROGATE_MAX	luce-browser-foundation	ak	unicode_utils_high_surrogate_max	AK/UnicodeUtils.h:82	variable
AK::UnicodeUtils::HIGH_SURROGATE_MIN	luce-browser-foundation	ak	unicode_utils_high_surrogate_min	AK/UnicodeUtils.h:81	variable
AK::UnicodeUtils::LOW_SURROGATE_MAX	luce-browser-foundation	ak	unicode_utils_low_surrogate_max	AK/UnicodeUtils.h:84	variable
AK::UnicodeUtils::LOW_SURROGATE_MIN	luce-browser-foundation	ak	unicode_utils_low_surrogate_min	AK/UnicodeUtils.h:83	variable
AK::UnicodeUtils::REPLACEMENT_CODE_POINT	luce-browser-foundation	ak	unicode_utils_replacement_code_point	AK/UnicodeUtils.h:85	variable
AK::UnicodeUtils::bytes_to_store_code_point_in_utf8	luce-browser-foundation	ak	unicode_utils_bytes_to_store_code_point_in_utf8	AK/UnicodeUtils.h:15	ported
AK::UnicodeUtils::code_point_to_utf16	luce-browser-foundation	ak	unicode_utils_code_point_to_utf16	AK/UnicodeUtils.h:117	ported
AK::UnicodeUtils::code_point_to_utf8	luce-browser-foundation	ak	unicode_utils_code_point_to_utf8	AK/UnicodeUtils.h:29	ported
AK::UnicodeUtils::code_unit_length_for_code_point	luce-browser-foundation	ak	unicode_utils_code_unit_length_for_code_point	AK/UnicodeUtils.h:93	ported
AK::UnicodeUtils::decode_utf16_surrogate_pair	luce-browser-foundation	ak	unicode_utils_decode_utf16_surrogate_pair	AK/UnicodeUtils.h:108	ported
AK::UnicodeUtils::is_utf16_high_surrogate	luce-browser-foundation	ak	unicode_utils_is_utf16_high_surrogate	AK/UnicodeUtils.h:98	ported
AK::UnicodeUtils::is_utf16_low_surrogate	luce-browser-foundation	ak	unicode_utils_is_utf16_low_surrogate	AK/UnicodeUtils.h:103	ported
AK::UnicodeUtils::maximum_utf8_length_from_utf16	luce-browser-foundation	ak	unicode_utils_maximum_utf8_length_from_utf16	AK/UnicodeUtils.h:166	ported
AK::UnicodeUtils::try_code_point_to_utf16	luce-browser-foundation	ak	unicode_utils_try_code_point_to_utf16	AK/UnicodeUtils.h:140	ported
AK::UnicodeUtils::try_code_point_to_utf8	luce-browser-foundation	ak	unicode_utils_try_code_point_to_utf8	AK/UnicodeUtils.h:54	ported
AK::UnixDateTime	luce-browser-foundation	ak	UnixDateTime	AK/Time.h:407	struct
AK::UnixDateTime::LocalTime	luce-browser-foundation	ak	UnixDateTimeLocalTime	AK/Time.h:473	enum
AK::UnixDateTime::UnixDateTime	luce-browser-foundation	ak	unix_date_time_construct	AK/Time.h:409	construct
AK::UnixDateTime::UnixDateTime	luce-browser-foundation	ak	unix_date_time_construct_duration	AK/Time.h:540	construct
AK::UnixDateTime::earliest	luce-browser-foundation	ak	unix_date_time_earliest	AK/Time.h:462	stub
AK::UnixDateTime::epoch	luce-browser-foundation	ak	unix_date_time_epoch	AK/Time.h:414	stub
AK::UnixDateTime::from_iso8601_week	luce-browser-foundation	ak	unix_date_time_from_iso8601_week	AK/Time.cpp:447	stub
AK::UnixDateTime::from_milliseconds_since_epoch	luce-browser-foundation	ak	unix_date_time_from_milliseconds_since_epoch	AK/Time.h:446	stub
AK::UnixDateTime::from_nanoseconds_since_epoch	luce-browser-foundation	ak	unix_date_time_from_nanoseconds_since_epoch	AK/Time.h:451	stub
AK::UnixDateTime::from_ordinal_date	luce-browser-foundation	ak	unix_date_time_from_ordinal_date	AK/Time.cpp:459	stub
AK::UnixDateTime::from_seconds_since_epoch	luce-browser-foundation	ak	unix_date_time_from_seconds_since_epoch	AK/Time.h:441	stub
AK::UnixDateTime::from_unix_time_parts	luce-browser-foundation	ak	unix_date_time_from_unix_time_parts	AK/Time.h:427	stub
AK::UnixDateTime::from_unix_timespec	luce-browser-foundation	ak	unix_date_time_from_unix_timespec	AK/Time.h:456	stub
AK::UnixDateTime::latest	luce-browser-foundation	ak	unix_date_time_latest	AK/Time.h:463	stub
AK::UnixDateTime::milliseconds_since_epoch	luce-browser-foundation	ak	unix_date_time_milliseconds_since_epoch	AK/Time.h:468	stub
AK::UnixDateTime::nanoseconds_since_epoch	luce-browser-foundation	ak	unix_date_time_nanoseconds_since_epoch	AK/Time.h:469	stub
AK::UnixDateTime::now	luce-browser-foundation	ak	unix_date_time_now	AK/Time.cpp:479	stub
AK::UnixDateTime::now_coarse	luce-browser-foundation	ak	unix_date_time_now_coarse	AK/Time.cpp:484	stub
AK::UnixDateTime::offset_to_epoch	luce-browser-foundation	ak	unix_date_time_offset_to_epoch	AK/Time.h:465	stub
AK::UnixDateTime::operator+	luce-browser-foundation	ak	unix_date_time_add	AK/Time.h:513	stub
AK::UnixDateTime::operator+=	luce-browser-foundation	ak	unix_date_time_add_assign	AK/Time.h:514	stub
AK::UnixDateTime::operator-	luce-browser-foundation	ak	unix_date_time_sub_duration	AK/Time.h:520	stub
AK::UnixDateTime::operator-	luce-browser-foundation	ak	unix_date_time_sub_unix_date_time	AK/Time.h:528	stub
AK::UnixDateTime::operator-=	luce-browser-foundation	ak	unix_date_time_sub_assign	AK/Time.h:521	stub
AK::UnixDateTime::operator<=>	luce-browser-foundation	ak	unix_date_time_cmp	AK/Time.h:537	stub
AK::UnixDateTime::operator==	luce-browser-foundation	ak	unix_date_time_eq	AK/Time.h:533	stub
AK::UnixDateTime::parse	luce-browser-foundation	ak	unix_date_time_parse	AK/Time.cpp:670	stub
AK::UnixDateTime::seconds_since_epoch	luce-browser-foundation	ak	unix_date_time_seconds_since_epoch	AK/Time.h:467	stub
AK::UnixDateTime::to_byte_string	luce-browser-foundation	ak	unix_date_time_to_byte_string	AK/Time.cpp:663	stub
AK::UnixDateTime::to_string	luce-browser-foundation	ak	unix_date_time_to_string	AK/Time.cpp:649	stub
AK::UnixDateTime::to_string_impl	luce-browser-foundation	ak	unix_date_time_to_string_impl	AK/Time.cpp:489	stub
AK::UnixDateTime::to_utf16_string	luce-browser-foundation	ak	unix_date_time_to_utf16_string	AK/Time.cpp:656	stub
AK::UnixDateTime::truncated_seconds_since_epoch	luce-browser-foundation	ak	unix_date_time_truncated_seconds_since_epoch	AK/Time.h:471	stub
AK::UseThousandsSeparator	luce-browser-foundation	ak	UseThousandsSeparator	AK/NumberFormat.h:19	enum
AK::Utf16CodePointIterator	luce-browser-foundation	ak	Utf16CodePointIterator	AK/Utf16View.h:37	struct
AK::Utf16CodePointIterator [default member initializers]	luce-browser-foundation	ak	utf16_code_point_iterator_init_fields	AK/Utf16View.h:37	init fields
AK::Utf16CodePointIterator::(anonymous union)	luce-browser-foundation	ak	Utf16CodePointIteratorUnion	AK/Utf16View.h:140	struct
AK::Utf16CodePointIterator::Utf16CodePointIterator	luce-browser-foundation	ak	utf16_code_point_iterator_construct_u16	AK/Utf16View.h:130	construct
AK::Utf16CodePointIterator::Utf16CodePointIterator	luce-browser-foundation	ak	utf16_code_point_iterator_construct_u8	AK/Utf16View.h:124	construct
AK::Utf16CodePointIterator::has_ascii_storage	luce-browser-foundation	ak	utf16_code_point_iterator_has_ascii_storage	AK/Utf16View.h:137	ported
AK::Utf16CodePointIterator::length_in_code_units	luce-browser-foundation	ak	utf16_code_point_iterator_length_in_code_units	AK/Utf16View.h:114	ported
AK::Utf16CodePointIterator::operator*	luce-browser-foundation	ak	utf16_code_point_iterator_deref	AK/Utf16View.h:62	ported
AK::Utf16CodePointIterator::operator++	luce-browser-foundation	ak	utf16_code_point_iterator_inc	AK/Utf16View.h:44	ported
AK::Utf16CodePointIterator::operator==	luce-browser-foundation	ak	utf16_code_point_iterator_eq	AK/Utf16View.h:103	ported
AK::Utf16CodePointIterator::peek	luce-browser-foundation	ak	utf16_code_point_iterator_peek	AK/Utf16View.h:84	ported
AK::Utf16CodePointIterator::remaining_code_units	luce-browser-foundation	ak	utf16_code_point_iterator_remaining_code_units	AK/Utf16View.h:138	ported
AK::Utf16FlyString	luce-browser-foundation	ak	Utf16FlyString	AK/Utf16FlyString.h:16	struct
AK::Utf16FlyString::Utf16FlyString	luce-browser-foundation	ak	utf16_fly_string_construct_utf16_fly_string	AK/Utf16FlyString.h:139	construct
AK::Utf16FlyString::Utf16FlyString	luce-browser-foundation	ak	utf16_fly_string_construct_utf16_string	AK/Utf16FlyString.cpp:75	construct
AK::Utf16FlyString::Utf16FlyString	luce-browser-foundation	ak	utf16_fly_string_construct_utf16_string_base	AK/Utf16FlyString.h:168	construct
AK::Utf16FlyString::code_point_at	luce-browser-foundation	ak	utf16_fly_string_code_point_at	AK/Utf16FlyString.h:134	ported
AK::Utf16FlyString::code_point_offset_of	luce-browser-foundation	ak	utf16_fly_string_code_point_offset_of	AK/Utf16FlyString.h:137	ported
AK::Utf16FlyString::code_unit_at	luce-browser-foundation	ak	utf16_fly_string_code_unit_at	AK/Utf16FlyString.h:133	ported
AK::Utf16FlyString::code_unit_offset_of	luce-browser-foundation	ak	utf16_fly_string_code_unit_offset_of	AK/Utf16FlyString.h:136	ported
AK::Utf16FlyString::create_fly_string_from_cache	luce-browser-foundation	ak	utf16_fly_string_create_fly_string_from_cache	AK/Utf16FlyString.cpp:35	dropped
AK::Utf16FlyString::create_fly_string_from_cache for a	luce-browser-foundation	ak	utf16_fly_string_create_fly_string_from_cache_string_view	AK/Utf16FlyString.cpp:35	ported
AK::Utf16FlyString::create_fly_string_from_cache for a	luce-browser-foundation	ak	utf16_fly_string_create_fly_string_from_cache_utf16_view	AK/Utf16FlyString.cpp:35	ported
AK::Utf16FlyString::equals_ignoring_ascii_case	luce-browser-foundation	ak	utf16_fly_string_equals_ignoring_ascii_case_utf16_fly_string	AK/Utf16FlyString.h:105	ported
AK::Utf16FlyString::equals_ignoring_ascii_case	luce-browser-foundation	ak	utf16_fly_string_equals_ignoring_ascii_case_utf16_view	AK/Utf16FlyString.h:112	ported
AK::Utf16FlyString::from_ascii_short_string_without_validation	luce-browser-foundation	ak	utf16_fly_string_from_ascii_short_string_without_validation_u16	AK/Utf16FlyString.h:158	ported
AK::Utf16FlyString::from_ascii_short_string_without_validation	luce-browser-foundation	ak	utf16_fly_string_from_ascii_short_string_without_validation_u8	AK/Utf16FlyString.h:149	ported
AK::Utf16FlyString::from_utf16	luce-browser-foundation	ak	utf16_fly_string_from_utf16	AK/Utf16FlyString.cpp:68	ported
AK::Utf16FlyString::from_utf8	luce-browser-foundation	ak	utf16_fly_string_from_utf8_fly_string	AK/Utf16FlyString.h:25	ported
AK::Utf16FlyString::from_utf8	luce-browser-foundation	ak	utf16_fly_string_from_utf8_string	AK/Utf16FlyString.h:24	ported
AK::Utf16FlyString::from_utf8	luce-browser-foundation	ak	utf16_fly_string_from_utf8_string_view	AK/Utf16FlyString.cpp:54	ported
AK::Utf16FlyString::from_utf8_but_should_be_ported_to_utf16	luce-browser-foundation	ak	utf16_fly_string_from_utf8_but_should_be_ported_to_utf16	AK/Utf16FlyString.h:27	ported
AK::Utf16FlyString::from_utf8_without_validation	luce-browser-foundation	ak	utf16_fly_string_from_utf8_without_validation	AK/Utf16FlyString.cpp:61	ported
AK::Utf16FlyString::hash	luce-browser-foundation	ak	utf16_fly_string_hash	AK/Utf16FlyString.h:126	ported
AK::Utf16FlyString::is_ascii	luce-browser-foundation	ak	utf16_fly_string_is_ascii	AK/Utf16FlyString.h:128	ported
AK::Utf16FlyString::is_empty	luce-browser-foundation	ak	utf16_fly_string_is_empty	AK/Utf16FlyString.h:127	ported
AK::Utf16FlyString::is_invalid	luce-browser-foundation	ak	utf16_fly_string_is_invalid	AK/Utf16FlyString.h:144	ported
AK::Utf16FlyString::length_in_code_points	luce-browser-foundation	ak	utf16_fly_string_length_in_code_points	AK/Utf16FlyString.h:131	ported
AK::Utf16FlyString::length_in_code_units	luce-browser-foundation	ak	utf16_fly_string_length_in_code_units	AK/Utf16FlyString.h:130	ported
AK::Utf16FlyString::number_of_utf16_fly_strings	luce-browser-foundation	ak	utf16_fly_string_number_of_utf16_fly_strings	AK/Utf16FlyString.cpp:99	ported
AK::Utf16FlyString::operator Utf16String	luce-browser-foundation	ak	utf16_fly_string_to_utf16_string_const	AK/Utf16FlyString.h:39	ported
AK::Utf16FlyString::operator Utf16View	luce-browser-foundation	ak	utf16_fly_string_to_utf16_view	AK/Utf16FlyString.h:41	ported
AK::Utf16FlyString::operator<=>	luce-browser-foundation	ak	utf16_fly_string_cmp_utf16_fly_string	AK/Utf16FlyString.h:102	ported
AK::Utf16FlyString::operator<=>	luce-browser-foundation	ak	utf16_fly_string_cmp_utf16_view	AK/Utf16FlyString.h:103	ported
AK::Utf16FlyString::operator==	luce-browser-foundation	ak	utf16_fly_string_eq_string_view	AK/Utf16FlyString.h:100	ported
AK::Utf16FlyString::operator==	luce-browser-foundation	ak	utf16_fly_string_eq_utf16_fly_string	AK/Utf16FlyString.h:97	ported
AK::Utf16FlyString::operator==	luce-browser-foundation	ak	utf16_fly_string_eq_utf16_string	AK/Utf16FlyString.h:98	ported
AK::Utf16FlyString::operator==	luce-browser-foundation	ak	utf16_fly_string_eq_utf16_view	AK/Utf16FlyString.h:99	ported
AK::Utf16FlyString::to_ascii_lowercase	luce-browser-foundation	ak	utf16_fly_string_to_ascii_lowercase	AK/Utf16FlyString.h:50	ported
AK::Utf16FlyString::to_ascii_titlecase	luce-browser-foundation	ak	utf16_fly_string_to_ascii_titlecase	AK/Utf16FlyString.h:80	ported
AK::Utf16FlyString::to_ascii_uppercase	luce-browser-foundation	ak	utf16_fly_string_to_ascii_uppercase	AK/Utf16FlyString.h:65	ported
AK::Utf16FlyString::to_number	luce-browser-foundation	ak	utf16_fly_string_to_number	AK/Utf16FlyString.h:86	dropped
AK::Utf16FlyString::to_number<f32>	luce-browser-foundation	ak	utf16_fly_string_to_number_f32	AK/Utf16FlyString.h:87	ported
AK::Utf16FlyString::to_number<f64>	luce-browser-foundation	ak	utf16_fly_string_to_number_f64	AK/Utf16FlyString.h:87	ported
AK::Utf16FlyString::to_number<i16>	luce-browser-foundation	ak	utf16_fly_string_to_number_i16	AK/Utf16FlyString.h:87	ported
AK::Utf16FlyString::to_number<i32>	luce-browser-foundation	ak	utf16_fly_string_to_number_i32	AK/Utf16FlyString.h:87	ported
AK::Utf16FlyString::to_number<i64>	luce-browser-foundation	ak	utf16_fly_string_to_number_i64	AK/Utf16FlyString.h:87	ported
AK::Utf16FlyString::to_number<i8>	luce-browser-foundation	ak	utf16_fly_string_to_number_i8	AK/Utf16FlyString.h:87	ported
AK::Utf16FlyString::to_number<u16>	luce-browser-foundation	ak	utf16_fly_string_to_number_u16	AK/Utf16FlyString.h:87	ported
AK::Utf16FlyString::to_number<u32>	luce-browser-foundation	ak	utf16_fly_string_to_number_u32	AK/Utf16FlyString.h:87	ported
AK::Utf16FlyString::to_number<u64>	luce-browser-foundation	ak	utf16_fly_string_to_number_u64	AK/Utf16FlyString.h:87	ported
AK::Utf16FlyString::to_number<u8>	luce-browser-foundation	ak	utf16_fly_string_to_number_u8	AK/Utf16FlyString.h:87	ported
AK::Utf16FlyString::to_utf16_string	luce-browser-foundation	ak	utf16_fly_string_to_utf16_string_const_2	AK/Utf16FlyString.h:44	ported
AK::Utf16FlyString::view	luce-browser-foundation	ak	utf16_fly_string_view	AK/Utf16FlyString.h:37	ported
AK::Utf16FlyStringTableHashTraits	luce-browser-foundation	ak	Utf16FlyStringTableHashTraits	AK/Utf16FlyString.cpp:13	struct
AK::Utf16FlyStringTableHashTraits::equals	luce-browser-foundation	ak	utf16_fly_string_table_hash_traits_equals	AK/Utf16FlyString.cpp:15	ported
AK::Utf16FlyStringTableHashTraits::hash	luce-browser-foundation	ak	utf16_fly_string_table_hash_traits_hash	AK/Utf16FlyString.cpp:14	ported
AK::Utf16FlyStringTableHashTraits::may_have_slow_equality_check	luce-browser-foundation	ak	utf16_fly_string_table_hash_traits_may_have_slow_equality_check	AK/Utf16FlyString.cpp:16	ported
AK::Utf16String	luce-browser-foundation	ak	Utf16String	AK/Utf16String.h:29	struct
AK::Utf16String::Utf16String	luce-browser-foundation	ak	utf16_string_construct_utf16_string	AK/Utf16String.h:237	construct
AK::Utf16String::Utf16String	luce-browser-foundation	ak	utf16_string_construct_utf16_string_base	AK/Utf16String.h:33	construct
AK::Utf16String::Utf16String	luce-browser-foundation	ak	utf16_string_construct_utf16_string_data	AK/Utf16String.h:245	construct
AK::Utf16String::WithBOMHandling	luce-browser-foundation	ak	Utf16StringWithBomHandling	AK/Utf16String.h:54	enum
AK::Utf16String::escape_html_entities	luce-browser-foundation	ak	utf16_string_escape_html_entities	AK/Utf16String.h:232	ported
AK::Utf16String::from_ascii_character	luce-browser-foundation	ak	utf16_string_from_ascii_character	AK/Utf16String.h:78	ported
AK::Utf16String::from_ascii_short_string_without_validation	luce-browser-foundation	ak	utf16_string_from_ascii_short_string_without_validation_u16	AK/Utf16String.h:94	ported
AK::Utf16String::from_ascii_short_string_without_validation	luce-browser-foundation	ak	utf16_string_from_ascii_short_string_without_validation_u8	AK/Utf16String.h:85	ported
AK::Utf16String::from_ascii_without_validation	luce-browser-foundation	ak	utf16_string_from_ascii_without_validation	AK/Utf16String.cpp:40	ported
AK::Utf16String::from_code_point	luce-browser-foundation	ak	utf16_string_from_code_point	AK/Utf16String.h:103	ported
AK::Utf16String::from_ipc_stream	luce-browser-foundation	ak	utf16_string_from_ipc_stream	AK/Utf16String.cpp:122	ported
AK::Utf16String::from_string_builder	luce-browser-foundation	ak	utf16_string_from_string_builder	AK/Utf16String.cpp:105	ported
AK::Utf16String::from_utf16	luce-browser-foundation	ak	utf16_string_from_utf16	AK/Utf16String.cpp:70	ported
AK::Utf16String::from_utf32	luce-browser-foundation	ak	utf16_string_from_utf32	AK/Utf16String.cpp:90	ported
AK::Utf16String::from_utf8	luce-browser-foundation	ak	utf16_string_from_utf8_fly_string	AK/Utf16String.h:49	ported
AK::Utf16String::from_utf8	luce-browser-foundation	ak	utf16_string_from_utf8_string	AK/Utf16String.h:44	ported
AK::Utf16String::from_utf8	luce-browser-foundation	ak	utf16_string_from_utf8_string_view	AK/Utf16String.h:38	ported
AK::Utf16String::from_utf8_with_replacement_character	luce-browser-foundation	ak	utf16_string_from_utf8_with_replacement_character	AK/Utf16String.cpp:18	ported
AK::Utf16String::from_utf8_without_validation	luce-browser-foundation	ak	utf16_string_from_utf8_without_validation	AK/Utf16String.cpp:55	ported
AK::Utf16String::is_invalid	luce-browser-foundation	ak	utf16_string_is_invalid	AK/Utf16String.h:242	ported
AK::Utf16String::join	luce-browser-foundation	ak	utf16_string_join	AK/Utf16String.h:136	dropped
AK::Utf16String::join over StringViews with the default "{}"	luce-browser-foundation	ak	utf16_string_join_string_view	AK/Utf16String.h:150	ported
AK::Utf16String::join over Utf16Views with the default "{}"	luce-browser-foundation	ak	utf16_string_join_utf16_view	AK/Utf16String.h:150	ported
AK::Utf16String::number	luce-browser-foundation	ak	utf16_string_number	AK/Utf16String.h:130	dropped
AK::Utf16String::number	luce-browser-foundation	ak	utf16_string_number_i64	AK/Utf16String.h:141	ported
AK::Utf16String::number	luce-browser-foundation	ak	utf16_string_number_u64	AK/Utf16String.h:141	ported
AK::Utf16String::repeated	luce-browser-foundation	ak	utf16_string_repeated	AK/Utf16String.cpp:140	ported
AK::Utf16String::replace	luce-browser-foundation	ak	utf16_string_replace_u16	AK/Utf16String.h:191	ported
AK::Utf16String::replace	luce-browser-foundation	ak	utf16_string_replace_utf16_view	AK/Utf16String.h:200	ported
AK::Utf16String::to_ascii_lowercase	luce-browser-foundation	ak	utf16_string_to_ascii_lowercase	AK/Utf16String.h:156	ported
AK::Utf16String::to_ascii_titlecase	luce-browser-foundation	ak	utf16_string_to_ascii_titlecase	AK/Utf16String.h:186	ported
AK::Utf16String::to_ascii_uppercase	luce-browser-foundation	ak	utf16_string_to_ascii_uppercase	AK/Utf16String.h:171	ported
AK::Utf16String::to_casefold	luce-browser-foundation	web_unicode	utf16_string_to_casefold	Libraries/LibUnicode/Utf16String.cpp:66	stub
AK::Utf16String::to_fullwidth	luce-browser-foundation	web_unicode	utf16_string_to_fullwidth	Libraries/LibUnicode/Utf16String.cpp:74	stub
AK::Utf16String::to_lowercase	luce-browser-foundation	web_unicode	utf16_string_to_lowercase	Libraries/LibUnicode/Utf16String.cpp:18	stub
AK::Utf16String::to_titlecase	luce-browser-foundation	web_unicode	utf16_string_to_titlecase	Libraries/LibUnicode/Utf16String.cpp:48	stub
AK::Utf16String::to_uppercase	luce-browser-foundation	web_unicode	utf16_string_to_uppercase	Libraries/LibUnicode/Utf16String.cpp:33	stub
AK::Utf16String::to_well_formed	luce-browser-foundation	ak	utf16_string_to_well_formed	AK/Utf16String.cpp:164	ported
AK::Utf16String::to_well_formed_utf8	luce-browser-foundation	ak	utf16_string_to_well_formed_utf8	AK/Utf16String.cpp:171	ported
AK::Utf16String::trim	luce-browser-foundation	ak	utf16_string_trim	AK/Utf16String.h:209	ported
AK::Utf16String::trim_ascii_whitespace	luce-browser-foundation	ak	utf16_string_trim_ascii_whitespace	AK/Utf16String.h:227	ported
AK::Utf16String::try_from_utf8	luce-browser-foundation	ak	utf16_string_try_from_utf8	AK/Utf16String.h:60	ported
AK::Utf16View	luce-browser-foundation	ak	Utf16View	AK/Utf16View.h:150	struct
AK::Utf16View [default member initializers]	luce-browser-foundation	ak	utf16_view_init_fields	AK/Utf16View.h:150	init fields
AK::Utf16View::(anonymous union)	luce-browser-foundation	ak	Utf16ViewUnion	AK/Utf16View.h:674	struct
AK::Utf16View::Utf16View	luce-browser-foundation	ak	utf16_view_construct	AK/Utf16View.h:154	construct
AK::Utf16View::Utf16View	luce-browser-foundation	ak	utf16_view_construct_string_view	AK/Utf16View.h:168	construct
AK::Utf16View::Utf16View	luce-browser-foundation	ak	utf16_view_construct_u16	AK/Utf16View.h:160	construct
AK::Utf16View::Utf16View	luce-browser-foundation	ak	utf16_view_construct_u8	AK/Utf16View.h:666	construct
AK::Utf16View::ascii_span	luce-browser-foundation	ak	utf16_view_ascii_span	AK/Utf16View.h:195	ported
AK::Utf16View::begin	luce-browser-foundation	ak	utf16_view_begin	AK/Utf16View.h:397	ported
AK::Utf16View::bytes	luce-browser-foundation	ak	utf16_view_bytes	AK/Utf16View.h:189	ported
AK::Utf16View::calculate_length_in_code_points	luce-browser-foundation	ak	utf16_view_calculate_length_in_code_points	AK/Utf16View.cpp:337	ported
AK::Utf16View::code_point_at	luce-browser-foundation	ak	utf16_view_code_point_at	AK/Utf16View.h:367	ported
AK::Utf16View::code_point_offset_of	luce-browser-foundation	ak	utf16_view_code_point_offset_of	AK/Utf16View.cpp:195	ported
AK::Utf16View::code_unit_at	luce-browser-foundation	ak	utf16_view_code_unit_at	AK/Utf16View.h:358	ported
AK::Utf16View::code_unit_offset_of	luce-browser-foundation	ak	utf16_view_code_unit_offset_of	AK/Utf16View.cpp:175	ported
AK::Utf16View::contains	luce-browser-foundation	ak	utf16_view_contains_u16	AK/Utf16View.h:542	ported
AK::Utf16View::contains	luce-browser-foundation	ak	utf16_view_contains_utf16_view	AK/Utf16View.h:543	ported
AK::Utf16View::contains_any_of	luce-browser-foundation	ak	utf16_view_contains_any_of	AK/Utf16View.h:545	ported
AK::Utf16View::count	luce-browser-foundation	ak	utf16_view_count	AK/Utf16View.h:555	ported
AK::Utf16View::end	luce-browser-foundation	ak	utf16_view_end	AK/Utf16View.h:404	ported
AK::Utf16View::ends_with	luce-browser-foundation	ak	utf16_view_ends_with_u16	AK/Utf16View.h:587	ported
AK::Utf16View::ends_with	luce-browser-foundation	ak	utf16_view_ends_with_utf16_view	AK/Utf16View.h:594	ported
AK::Utf16View::equals_ignoring_ascii_case	luce-browser-foundation	ak	utf16_view_equals_ignoring_ascii_case	AK/Utf16View.h:297	ported
AK::Utf16View::equals_ignoring_case	luce-browser-foundation	ak	utf16_view_equals_ignoring_case	AK/Utf16View.h:291	ported
AK::Utf16View::escape_html_entities	luce-browser-foundation	ak	utf16_view_escape_html_entities	AK/Utf16View.cpp:128	ported
AK::Utf16View::find_code_unit_offset	luce-browser-foundation	ak	utf16_view_find_code_unit_offset_u16	AK/Utf16View.cpp:246	ported
AK::Utf16View::find_code_unit_offset	luce-browser-foundation	ak	utf16_view_find_code_unit_offset_utf16_view	AK/Utf16View.h:494	ported
AK::Utf16View::find_code_unit_offset_ignoring_case	luce-browser-foundation	ak	utf16_view_find_code_unit_offset_ignoring_case	AK/Utf16View.h:520	ported
AK::Utf16View::find_last_code_point_offset	luce-browser-foundation	ak	utf16_view_find_last_code_point_offset	AK/Utf16View.cpp:267	ported
AK::Utf16View::for_each_split_view	luce-browser-foundation	ak	utf16_view_for_each_split_view_u16	AK/Utf16View.h:609	ported
AK::Utf16View::for_each_split_view	luce-browser-foundation	ak	utf16_view_for_each_split_view_utf16_view	AK/Utf16View.h:616	ported
AK::Utf16View::has_ascii_storage	luce-browser-foundation	ak	utf16_view_has_ascii_storage	AK/Utf16View.h:187	ported
AK::Utf16View::hash	luce-browser-foundation	ak	utf16_view_hash	AK/Utf16View.h:322	ported
AK::Utf16View::is_ascii	luce-browser-foundation	ak	utf16_view_is_ascii	AK/Utf16View.cpp:148	ported
AK::Utf16View::is_ascii_whitespace	luce-browser-foundation	ak	utf16_view_is_ascii_whitespace	AK/Utf16View.h:335	ported
AK::Utf16View::is_code_unit_less_than	luce-browser-foundation	ak	utf16_view_is_code_unit_less_than	AK/Utf16View.h:646	ported
AK::Utf16View::is_empty	luce-browser-foundation	ak	utf16_view_is_empty	AK/Utf16View.h:331	ported
AK::Utf16View::iterator_at_code_unit_offset	luce-browser-foundation	ak	utf16_view_iterator_at_code_unit_offset	AK/Utf16View.h:428	ported
AK::Utf16View::iterator_offset	luce-browser-foundation	ak	utf16_view_iterator_offset	AK/Utf16View.h:411	ported
AK::Utf16View::length_in_code_points	luce-browser-foundation	ak	utf16_view_length_in_code_points	AK/Utf16View.h:348	ported
AK::Utf16View::length_in_code_units	luce-browser-foundation	ak	utf16_view_length_in_code_units	AK/Utf16View.h:346	ported
AK::Utf16View::operator<=>	luce-browser-foundation	ak	utf16_view_cmp	AK/Utf16View.h:254	ported
AK::Utf16View::operator==	luce-browser-foundation	ak	utf16_view_eq_string_view	AK/Utf16View.h:233	ported
AK::Utf16View::operator==	luce-browser-foundation	ak	utf16_view_eq_utf16_view	AK/Utf16View.h:215	ported
AK::Utf16View::previous_code_point_at	luce-browser-foundation	ak	utf16_view_previous_code_point_at	AK/Utf16View.h:384	ported
AK::Utf16View::replace	luce-browser-foundation	ak	utf16_view_replace_u16	AK/Utf16View.cpp:99	ported
AK::Utf16View::replace	luce-browser-foundation	ak	utf16_view_replace_utf16_view	AK/Utf16View.cpp:104	ported
AK::Utf16View::split_view	luce-browser-foundation	ak	utf16_view_split_view_u16	AK/Utf16View.cpp:319	ported
AK::Utf16View::split_view	luce-browser-foundation	ak	utf16_view_split_view_utf16_view	AK/Utf16View.cpp:325	ported
AK::Utf16View::starts_with	luce-browser-foundation	ak	utf16_view_starts_with_u16	AK/Utf16View.h:569	ported
AK::Utf16View::starts_with	luce-browser-foundation	ak	utf16_view_starts_with_utf16_view	AK/Utf16View.h:576	ported
AK::Utf16View::substring_view	luce-browser-foundation	ak	utf16_view_substring_view	AK/Utf16View.h:450	ported
AK::Utf16View::substring_view	luce-browser-foundation	ak	utf16_view_substring_view_usize	AK/Utf16View.h:441	ported
AK::Utf16View::to_ascii_lowercase	luce-browser-foundation	ak	utf16_view_to_ascii_lowercase	AK/Utf16View.cpp:60	ported
AK::Utf16View::to_ascii_titlecase	luce-browser-foundation	ak	utf16_view_to_ascii_titlecase	AK/Utf16View.cpp:80	ported
AK::Utf16View::to_ascii_uppercase	luce-browser-foundation	ak	utf16_view_to_ascii_uppercase	AK/Utf16View.cpp:70	ported
AK::Utf16View::to_byte_string	luce-browser-foundation	ak	utf16_view_to_byte_string	AK/Utf16View.cpp:55	ported
AK::Utf16View::to_number	luce-browser-foundation	ak	utf16_view_to_number	AK/Utf16View.h:208	dropped
AK::Utf16View::to_number<f32>	luce-browser-foundation	ak	utf16_view_to_number_f32	AK/Utf16View.h:208	ported
AK::Utf16View::to_number<f64>	luce-browser-foundation	ak	utf16_view_to_number_f64	AK/Utf16View.h:208	ported
AK::Utf16View::to_number<i16>	luce-browser-foundation	ak	utf16_view_to_number_i16	AK/Utf16View.h:208	ported
AK::Utf16View::to_number<i32>	luce-browser-foundation	ak	utf16_view_to_number_i32	AK/Utf16View.h:208	ported
AK::Utf16View::to_number<i64>	luce-browser-foundation	ak	utf16_view_to_number_i64	AK/Utf16View.h:208	ported
AK::Utf16View::to_number<i8>	luce-browser-foundation	ak	utf16_view_to_number_i8	AK/Utf16View.h:208	ported
AK::Utf16View::to_number<u16>	luce-browser-foundation	ak	utf16_view_to_number_u16	AK/Utf16View.h:208	ported
AK::Utf16View::to_number<u32>	luce-browser-foundation	ak	utf16_view_to_number_u32	AK/Utf16View.h:208	ported
AK::Utf16View::to_number<u64>	luce-browser-foundation	ak	utf16_view_to_number_u64	AK/Utf16View.h:208	ported
AK::Utf16View::to_number<u8>	luce-browser-foundation	ak	utf16_view_to_number_u8	AK/Utf16View.h:208	ported
AK::Utf16View::to_utf8	luce-browser-foundation	ak	utf16_view_to_utf8	AK/Utf16View.cpp:27	ported
AK::Utf16View::to_utf8_but_should_be_ported_to_utf16	luce-browser-foundation	ak	utf16_view_to_utf8_but_should_be_ported_to_utf16	AK/Utf16View.h:178	ported
AK::Utf16View::trim	luce-browser-foundation	ak	utf16_view_trim	AK/Utf16View.h:455	ported
AK::Utf16View::trim_ascii_whitespace	luce-browser-foundation	ak	utf16_view_trim_ascii_whitespace	AK/Utf16View.h:486	ported
AK::Utf16View::unicode_substring_view	luce-browser-foundation	ak	utf16_view_unicode_substring_view	AK/Utf16View.h:453	ported
AK::Utf16View::unicode_substring_view	luce-browser-foundation	ak	utf16_view_unicode_substring_view_usize	AK/Utf16View.cpp:214	ported
AK::Utf16View::utf16_span	luce-browser-foundation	ak	utf16_view_utf16_span	AK/Utf16View.h:201	ported
AK::Utf16View::validate	luce-browser-foundation	ak	utf16_view_validate	AK/Utf16View.cpp:155	ported
AK::Utf16View::validate	luce-browser-foundation	ak	utf16_view_validate_usize	AK/Utf16View.cpp:162	ported
AK::Utf32CodePointIterator	luce-browser-foundation	ak	Utf32CodePointIterator	AK/Utf32View.h:20	struct
AK::Utf32CodePointIterator [default member initializers]	luce-browser-foundation	ak	utf32_code_point_iterator_init_fields	AK/Utf32View.h:20	init fields
AK::Utf32CodePointIterator::Utf32CodePointIterator	luce-browser-foundation	ak	utf32_code_point_iterator_construct	AK/Utf32View.h:55	construct
AK::Utf32CodePointIterator::code_point_length_in_bytes	luce-browser-foundation	ak	utf32_code_point_iterator_code_point_length_in_bytes	AK/Utf32View.h:51	ported
AK::Utf32CodePointIterator::done	luce-browser-foundation	ak	utf32_code_point_iterator_done	AK/Utf32View.h:52	ported
AK::Utf32CodePointIterator::operator*	luce-browser-foundation	ak	utf32_code_point_iterator_deref	AK/Utf32View.h:42	ported
AK::Utf32CodePointIterator::operator++	luce-browser-foundation	ak	utf32_code_point_iterator_inc	AK/Utf32View.h:31	ported
AK::Utf32CodePointIterator::operator-	luce-browser-foundation	ak	utf32_code_point_iterator_sub	AK/Utf32View.h:38	ported
AK::Utf32CodePointIterator::operator==	luce-browser-foundation	ak	utf32_code_point_iterator_eq	AK/Utf32View.h:27	ported
AK::Utf32CodePointIterator::peek	luce-browser-foundation	ak	utf32_code_point_iterator_peek	AK/Utf32View.cpp:12	ported
AK::Utf32View	luce-browser-foundation	ak	Utf32View	AK/Utf32View.h:64	struct
AK::Utf32View::Utf32View	luce-browser-foundation	ak	utf32_view_construct_span_u32	AK/Utf32View.h:76	construct
AK::Utf32View::Utf32View	luce-browser-foundation	ak	utf32_view_construct_u32	AK/Utf32View.h:69	construct
AK::Utf32View::at	luce-browser-foundation	ak	utf32_view_at_const	AK/Utf32View.h:91	ported
AK::Utf32View::begin	luce-browser-foundation	ak	utf32_view_begin	AK/Utf32View.h:81	ported
AK::Utf32View::begin_ptr	luce-browser-foundation	ak	utf32_view_begin_ptr	AK/Utf32View.h:133	ported
AK::Utf32View::code_points	luce-browser-foundation	ak	utf32_view_code_points	AK/Utf32View.h:99	ported
AK::Utf32View::end	luce-browser-foundation	ak	utf32_view_end	AK/Utf32View.h:86	ported
AK::Utf32View::end_ptr	luce-browser-foundation	ak	utf32_view_end_ptr	AK/Utf32View.h:137	ported
AK::Utf32View::is_ascii	luce-browser-foundation	ak	utf32_view_is_ascii	AK/Utf32View.h:104	ported
AK::Utf32View::is_empty	luce-browser-foundation	ak	utf32_view_is_empty	AK/Utf32View.h:100	ported
AK::Utf32View::is_null	luce-browser-foundation	ak	utf32_view_is_null	AK/Utf32View.h:101	ported
AK::Utf32View::iterator_offset	luce-browser-foundation	ak	utf32_view_iterator_offset	AK/Utf32View.h:110	ported
AK::Utf32View::length	luce-browser-foundation	ak	utf32_view_length	AK/Utf32View.h:102	ported
AK::Utf32View::operator==	luce-browser-foundation	ak	utf32_view_eq	AK/Utf32View.cpp:30	ported
AK::Utf32View::operator[]	luce-browser-foundation	ak	utf32_view_at_const_2	AK/Utf32View.h:97	ported
AK::Utf32View::substring_view	luce-browser-foundation	ak	utf32_view_substring_view	AK/Utf32View.h:125	ported
AK::Utf32View::substring_view	luce-browser-foundation	ak	utf32_view_substring_view_usize	AK/Utf32View.h:117	ported
AK::Utf8CodePointIterator	luce-browser-foundation	ak	Utf8CodePointIterator	AK/Utf8View.h:22	struct
AK::Utf8CodePointIterator::Utf8CodePointIterator	luce-browser-foundation	ak	utf8_code_point_iterator_construct	AK/Utf8View.h:54	construct
AK::Utf8CodePointIterator::done	luce-browser-foundation	ak	utf8_code_point_iterator_done	AK/Utf8View.h:51	ported
AK::Utf8CodePointIterator::operator*	luce-browser-foundation	ak	utf8_code_point_iterator_deref	AK/Utf8View.h:284	ported
AK::Utf8CodePointIterator::operator++	luce-browser-foundation	ak	utf8_code_point_iterator_inc	AK/Utf8View.h:238	ported
AK::Utf8CodePointIterator::operator-	luce-browser-foundation	ak	utf8_code_point_iterator_sub	AK/Utf8View.h:37	ported
AK::Utf8CodePointIterator::peek	luce-browser-foundation	ak	utf8_code_point_iterator_peek	AK/Utf8View.cpp:206	ported
AK::Utf8CodePointIterator::ptr	luce-browser-foundation	ak	utf8_code_point_iterator_ptr	AK/Utf8View.h:42	ported
AK::Utf8CodePointIterator::underlying_code_point_bytes	luce-browser-foundation	ak	utf8_code_point_iterator_underlying_code_point_bytes	AK/Utf8View.h:50	ported
AK::Utf8CodePointIterator::underlying_code_point_length_in_bytes	luce-browser-foundation	ak	utf8_code_point_iterator_underlying_code_point_length_in_bytes	AK/Utf8View.h:264	ported
AK::Utf8View	luce-browser-foundation	ak	Utf8View	AK/Utf8View.h:64	struct
AK::Utf8View::LeadingByte	luce-browser-foundation	ak	Utf8ViewLeadingByte	AK/Utf8View.h:209	opaque
AK::Utf8View::Utf8EncodedByteData	luce-browser-foundation	ak	Utf8ViewUtf8EncodedByteData	AK/Utf8View.h:194	struct
AK::Utf8View::Utf8View	luce-browser-foundation	ak	utf8_view_construct_byte_string	AK/Utf8View.h:75	construct
AK::Utf8View::Utf8View	luce-browser-foundation	ak	utf8_view_construct_string_view	AK/Utf8View.h:70	construct
AK::Utf8View::as_string	luce-browser-foundation	ak	utf8_view_as_string	AK/Utf8View.h:83	ported
AK::Utf8View::begin	luce-browser-foundation	ak	utf8_view_begin	AK/Utf8View.h:85	ported
AK::Utf8View::begin_ptr	luce-browser-foundation	ak	utf8_view_begin_ptr	AK/Utf8View.h:190	ported
AK::Utf8View::byte_length	luce-browser-foundation	ak	utf8_view_byte_length	AK/Utf8View.h:92	ported
AK::Utf8View::byte_offset_of	luce-browser-foundation	ak	utf8_view_byte_offset_of_usize	AK/Utf8View.cpp:50	ported
AK::Utf8View::byte_offset_of	luce-browser-foundation	ak	utf8_view_byte_offset_of_utf8_code_point_iterator	AK/Utf8View.h:97	ported
AK::Utf8View::bytes	luce-browser-foundation	ak	utf8_view_bytes	AK/Utf8View.h:91	ported
AK::Utf8View::calculate_length	luce-browser-foundation	ak	utf8_view_calculate_length	AK/Utf8View.cpp:88	ported
AK::Utf8View::code_point_offset_of	luce-browser-foundation	ak	utf8_view_code_point_offset_of	AK/Utf8View.cpp:32	ported
AK::Utf8View::contains	luce-browser-foundation	ak	utf8_view_contains	AK/Utf8View.cpp:126	ported
AK::Utf8View::contains_any_of	luce-browser-foundation	ak	utf8_view_contains_any_of	AK/Utf8View.cpp:144	ported
AK::Utf8View::decode_leading_byte	luce-browser-foundation	ak	utf8_view_decode_leading_byte	AK/Utf8View.h:215	ported
AK::Utf8View::end	luce-browser-foundation	ak	utf8_view_end	AK/Utf8View.h:86	ported
AK::Utf8View::end_ptr	luce-browser-foundation	ak	utf8_view_end_ptr	AK/Utf8View.h:191	ported
AK::Utf8View::for_each_split_view	luce-browser-foundation	ak	utf8_view_for_each_split_view	AK/Utf8View.h:142	ported
AK::Utf8View::is_empty	luce-browser-foundation	ak	utf8_view_is_empty	AK/Utf8View.h:112	ported
AK::Utf8View::iterator_at_byte_offset	luce-browser-foundation	ak	utf8_view_iterator_at_byte_offset	AK/Utf8View.cpp:16	ported
AK::Utf8View::iterator_at_byte_offset_without_validation	luce-browser-foundation	ak	utf8_view_iterator_at_byte_offset_without_validation	AK/Utf8View.cpp:27	ported
AK::Utf8View::iterator_offset	luce-browser-foundation	ak	utf8_view_iterator_offset	AK/Utf8View.h:119	ported
AK::Utf8View::length	luce-browser-foundation	ak	utf8_view_length	AK/Utf8View.h:124	ported
AK::Utf8View::length_in_code_units	luce-browser-foundation	ak	utf8_view_length_in_code_units	AK/Utf8View.h:93	ported
AK::Utf8View::starts_with	luce-browser-foundation	ak	utf8_view_starts_with	AK/Utf8View.cpp:108	ported
AK::Utf8View::substring_view	luce-browser-foundation	ak	utf8_view_substring_view	AK/Utf8View.h:108	ported
AK::Utf8View::substring_view	luce-browser-foundation	ak	utf8_view_substring_view_usize	AK/Utf8View.h:107	ported
AK::Utf8View::trim	luce-browser-foundation	ak	utf8_view_trim	AK/Utf8View.cpp:156	ported
AK::Utf8View::unicode_substring_view	luce-browser-foundation	ak	utf8_view_unicode_substring_view	AK/Utf8View.h:110	ported
AK::Utf8View::unicode_substring_view	luce-browser-foundation	ak	utf8_view_unicode_substring_view_usize	AK/Utf8View.cpp:69	ported
AK::Utf8View::utf8_encoded_byte_data	luce-browser-foundation	ak	utf8_view_utf8_encoded_byte_data	AK/Utf8View.h:202	variable
AK::Utf8View::validate	luce-browser-foundation	ak	utf8_view_validate_allow_lonely_surrogates	AK/Utf8View.h:133	ported
AK::Utf8View::validate	luce-browser-foundation	ak	utf8_view_validate_usize	AK/Utf8View.cpp:188	ported
AK::VariadicFormatParams	luce-browser-foundation	ak	VariadicFormatParams	AK/Format.h:348	generic struct
AK::Variant::Visitor	luce-browser-foundation	ak	Visitor	AK/Variant.h:497	generic struct
AK::Vector::Vector<T, inline_capacity, value-parameter-0-2>	luce-browser-foundation	ak	vector_construct	AK/Vector.h:71	construct
AK::Vector::Vector<T, inline_capacity, value-parameter-0-2>	luce-browser-foundation	ak	vector_construct_opaque	AK/Vector.h:77	construct
AK::Vector::Vector<T, inline_capacity, value-parameter-0-2>	luce-browser-foundation	ak	vector_construct_opaque_2	AK/Vector.h:113	construct
AK::Vector::append	luce-browser-foundation	ak	vector_append_opaque	AK/Vector.h:346	stub
AK::Vector::append	luce-browser-foundation	ak	vector_append_t	AK/Vector.h:332	stub
AK::Vector::append	luce-browser-foundation	ak	vector_append_t_2	AK/Vector.h:340	stub
AK::Vector::at	luce-browser-foundation	ak	vector_at	AK/Vector.h:171	stub
AK::Vector::at	luce-browser-foundation	ak	vector_at_const	AK/Vector.h:162	stub
AK::Vector::begin	luce-browser-foundation	ak	vector_begin	AK/Vector.h:1009	stub
AK::Vector::begin	luce-browser-foundation	ak	vector_begin_const	AK/Vector.h:1008	stub
AK::Vector::capacity	luce-browser-foundation	ak	vector_capacity	AK/Vector.h:146	stub
AK::Vector::clear	luce-browser-foundation	ak	vector_clear	AK/Vector.h:480	stub
AK::Vector::clear_with_capacity	luce-browser-foundation	ak	vector_clear_with_capacity	AK/Vector.h:490	stub
AK::Vector::contains	luce-browser-foundation	ak	vector_contains	AK/Vector.h:291	stub
AK::Vector::contains_in_range	luce-browser-foundation	ak	vector_contains_in_range	AK/Vector.h:297	stub
AK::Vector::contains_slow	luce-browser-foundation	ak	vector_contains_slow	AK/Vector.h:281	stub
AK::Vector::data	luce-browser-foundation	ak	vector_data	AK/Vector.h:148	stub
AK::Vector::data	luce-browser-foundation	ak	vector_data_const	AK/Vector.h:155	stub
AK::Vector::end	luce-browser-foundation	ak	vector_end	AK/Vector.h:1014	stub
AK::Vector::end	luce-browser-foundation	ak	vector_end_const	AK/Vector.h:1013	stub
AK::Vector::ensure_capacity	luce-browser-foundation	ak	vector_ensure_capacity	AK/Vector.h:923	stub
AK::Vector::extend	luce-browser-foundation	ak	vector_extend	AK/Vector.h:322	stub
AK::Vector::extend	luce-browser-foundation	ak	vector_extend_2	AK/Vector.h:327	stub
AK::Vector::fill	luce-browser-foundation	ak	vector_fill	AK/Vector.h:985	stub
AK::Vector::find	luce-browser-foundation	ak	vector_find	AK/Vector.h:1045	stub
AK::Vector::find	luce-browser-foundation	ak	vector_find_const	AK/Vector.h:1040	stub
AK::Vector::find_first_index	luce-browser-foundation	ak	vector_find_first_index	AK/Vector.h:1050	stub
AK::Vector::find_first_index_if	luce-browser-foundation	ak	vector_find_first_index_if	AK/Vector.h:1060	stub
AK::Vector::find_if	luce-browser-foundation	ak	vector_find_if	AK/Vector.h:1035	stub
AK::Vector::find_if	luce-browser-foundation	ak	vector_find_if_const	AK/Vector.h:1029	stub
AK::Vector::first	luce-browser-foundation	ak	vector_first	AK/Vector.h:198	stub
AK::Vector::first	luce-browser-foundation	ak	vector_first_const	AK/Vector.h:197	stub
AK::Vector::first_matching	luce-browser-foundation	ak	vector_first_matching	AK/Vector.h:237	stub
AK::Vector::first_matching	luce-browser-foundation	ak	vector_first_matching_const	AK/Vector.h:249	stub
AK::Vector::get	luce-browser-foundation	ak	vector_get	AK/Vector.h:183	stub
AK::Vector::get	luce-browser-foundation	ak	vector_get_const	AK/Vector.h:190	stub
AK::Vector::grow_capacity	luce-browser-foundation	ak	vector_grow_capacity	AK/Vector.h:918	stub
AK::Vector::in_reverse	luce-browser-foundation	ak	vector_in_reverse	AK/Vector.h:1018	stub
AK::Vector::in_reverse	luce-browser-foundation	ak	vector_in_reverse_const	AK/Vector.h:1023	stub
AK::Vector::inline_buffer	luce-browser-foundation	ak	vector_inline_buffer	AK/Vector.h:1088	stub
AK::Vector::inline_buffer	luce-browser-foundation	ak	vector_inline_buffer_const	AK/Vector.h:1093	stub
AK::Vector::insert	luce-browser-foundation	ak	vector_insert	AK/Vector.h:309	stub
AK::Vector::insert_before_matching	luce-browser-foundation	ak	vector_insert_before_matching	AK/Vector.h:316	stub
AK::Vector::is_empty	luce-browser-foundation	ak	vector_is_empty	AK/Vector.h:144	stub
AK::Vector::last	luce-browser-foundation	ak	vector_last	AK/Vector.h:212	stub
AK::Vector::last	luce-browser-foundation	ak	vector_last_const	AK/Vector.h:200	stub
AK::Vector::last_matching	luce-browser-foundation	ak	vector_last_matching	AK/Vector.h:261	stub
AK::Vector::operator Span<__Conditional<contains_reference, _RawPtr<__RemoveReference<type-parameter-0-0>::Type>::Type, type-parameter-0-0>::Type>	luce-browser-foundation	ak	vector_to_span_conditional_contains_reference_raw_ptr_remove_reference_t_type_type_t_type	AK/Vector.h:141	stub
AK::Vector::operator Span<const __Conditional<contains_reference, _RawPtr<__RemoveReference<type-parameter-0-0>::Type>::Type, type-parameter-0-0>::Type>	luce-browser-foundation	ak	vector_to_span_const_conditional_contains_reference_raw_ptr_remove_reference_t_type_type_t_type	AK/Vector.h:142	stub
AK::Vector::operator==	luce-browser-foundation	ak	vector_eq	AK/Vector.h:273	stub
AK::Vector::operator[]	luce-browser-foundation	ak	vector_at_2	AK/Vector.h:181	stub
AK::Vector::operator[]	luce-browser-foundation	ak	vector_at_const_2	AK/Vector.h:180	stub
AK::Vector::padded_capacity	luce-browser-foundation	ak	vector_padded_capacity	AK/Vector.h:1080	stub
AK::Vector::prepend	luce-browser-foundation	ak	vector_prepend_opaque	AK/Vector.h:426	stub
AK::Vector::prepend	luce-browser-foundation	ak	vector_prepend_u	AK/Vector.h:415	stub
AK::Vector::prepend	luce-browser-foundation	ak	vector_prepend_vector	AK/Vector.h:421	stub
AK::Vector::raw_at	luce-browser-foundation	ak	vector_raw_at	AK/Vector.h:1101	stub
AK::Vector::raw_first	luce-browser-foundation	ak	vector_raw_first	AK/Vector.h:1100	stub
AK::Vector::raw_last	luce-browser-foundation	ak	vector_raw_last	AK/Vector.h:1099	stub
AK::Vector::rbegin	luce-browser-foundation	ak	vector_rbegin	AK/Vector.h:1010	stub
AK::Vector::rbegin	luce-browser-foundation	ak	vector_rbegin_const	AK/Vector.h:1011	stub
AK::Vector::remove	luce-browser-foundation	ak	vector_remove	AK/Vector.h:501	stub
AK::Vector::remove	luce-browser-foundation	ak	vector_remove_usize	AK/Vector.h:519	stub
AK::Vector::remove_all	luce-browser-foundation	ak	vector_remove_all_t_is	AK/Vector.h:574	stub
AK::Vector::remove_all	luce-browser-foundation	ak	vector_remove_all_t_it	AK/Vector.h:543	stub
AK::Vector::remove_all_matching	luce-browser-foundation	ak	vector_remove_all_matching	AK/Vector.h:592	stub
AK::Vector::remove_first_matching	luce-browser-foundation	ak	vector_remove_first_matching	AK/Vector.h:580	stub
AK::Vector::rend	luce-browser-foundation	ak	vector_rend	AK/Vector.h:1015	stub
AK::Vector::rend	luce-browser-foundation	ak	vector_rend_const	AK/Vector.h:1016	stub
AK::Vector::reset_capacity	luce-browser-foundation	ak	vector_reset_capacity	AK/Vector.h:1075	stub
AK::Vector::resize	luce-browser-foundation	ak	vector_resize	AK/Vector.h:961	stub
AK::Vector::resize_and_keep_capacity	luce-browser-foundation	ak	vector_resize_and_keep_capacity	AK/Vector.h:967	stub
AK::Vector::resize_with_default_value	luce-browser-foundation	ak	vector_resize_with_default_value	AK/Vector.h:979	stub
AK::Vector::resize_with_default_value_and_keep_capacity	luce-browser-foundation	ak	vector_resize_with_default_value_and_keep_capacity	AK/Vector.h:973	stub
AK::Vector::reverse	luce-browser-foundation	ak	vector_reverse	AK/Vector.h:1068	stub
AK::Vector::shrink	luce-browser-foundation	ak	vector_shrink	AK/Vector.h:928	stub
AK::Vector::shrink_to_fit	luce-browser-foundation	ak	vector_shrink_to_fit	AK/Vector.h:991	stub
AK::Vector::size	luce-browser-foundation	ak	vector_size	AK/Vector.h:145	stub
AK::Vector::slot	luce-browser-foundation	ak	vector_slot	AK/Vector.h:1085	stub
AK::Vector::slot	luce-browser-foundation	ak	vector_slot_const	AK/Vector.h:1086	stub
AK::Vector::span	luce-browser-foundation	ak	vector_span	AK/Vector.h:138	stub
AK::Vector::span	luce-browser-foundation	ak	vector_span_const	AK/Vector.h:139	stub
AK::Vector::storage_alignment	luce-browser-foundation	ak	vector_storage_alignment	AK/Vector.h:1122	stub
AK::Vector::storage_size	luce-browser-foundation	ak	vector_storage_size	AK/Vector.h:1114	stub
AK::Vector::take	luce-browser-foundation	ak	vector_take	AK/Vector.h:671	stub
AK::Vector::take_first	luce-browser-foundation	ak	vector_take_first	AK/Vector.h:660	stub
AK::Vector::take_last	luce-browser-foundation	ak	vector_take_last	AK/Vector.h:615	stub
AK::Vector::try_append	luce-browser-foundation	ak	vector_try_append_opaque	AK/Vector.h:774	stub
AK::Vector::try_append	luce-browser-foundation	ak	vector_try_append_t	AK/Vector.h:756	stub
AK::Vector::try_append	luce-browser-foundation	ak	vector_try_append_t_2	AK/Vector.h:768	stub
AK::Vector::try_ensure_capacity	luce-browser-foundation	ak	vector_try_ensure_capacity	AK/Vector.h:847	stub
AK::Vector::try_extend	luce-browser-foundation	ak	vector_try_extend	AK/Vector.h:732	stub
AK::Vector::try_extend	luce-browser-foundation	ak	vector_try_extend_2	AK/Vector.h:747	stub
AK::Vector::try_grow_capacity	luce-browser-foundation	ak	vector_try_grow_capacity	AK/Vector.h:840	stub
AK::Vector::try_insert	luce-browser-foundation	ak	vector_try_insert	AK/Vector.h:689	stub
AK::Vector::try_insert_before_matching	luce-browser-foundation	ak	vector_try_insert_before_matching	AK/Vector.h:715	stub
AK::Vector::try_prepend	luce-browser-foundation	ak	vector_try_prepend_opaque	AK/Vector.h:828	stub
AK::Vector::try_prepend	luce-browser-foundation	ak	vector_try_prepend_u	AK/Vector.h:797	stub
AK::Vector::try_prepend	luce-browser-foundation	ak	vector_try_prepend_vector	AK/Vector.h:803	stub
AK::Vector::try_resize	luce-browser-foundation	ak	vector_try_resize	AK/Vector.h:872	stub
AK::Vector::try_resize_and_keep_capacity	luce-browser-foundation	ak	vector_try_resize_and_keep_capacity	AK/Vector.h:912	stub
AK::Vector::try_resize_with_default_value	luce-browser-foundation	ak	vector_try_resize_with_default_value	AK/Vector.h:895	stub
AK::Vector::unchecked_append	luce-browser-foundation	ak	vector_unchecked_append_opaque	AK/Vector.h:376	stub
AK::Vector::unchecked_append	luce-browser-foundation	ak	vector_unchecked_append_u	AK/Vector.h:352	stub
AK::Vector::unsafe_last	luce-browser-foundation	ak	vector_unsafe_last	AK/Vector.h:230	stub
AK::Vector::unsafe_last	luce-browser-foundation	ak	vector_unsafe_last_const	AK/Vector.h:225	stub
AK::Vector::unsafe_shrink	luce-browser-foundation	ak	vector_unsafe_shrink	AK/Vector.h:950	stub
AK::Vector::unsafe_take_last	luce-browser-foundation	ak	vector_unsafe_take_last	AK/Vector.h:645	stub
AK::Vector::unstable_take	luce-browser-foundation	ak	vector_unstable_take	AK/Vector.h:681	stub
AK::Vector::update_metadata	luce-browser-foundation	ak	vector_update_metadata	AK/Vector.h:1104	stub
AK::WeakLink	luce-browser-foundation	ak	WeakLink	AK/Weakable.h:19	struct
AK::WeakLink::WeakLink	luce-browser-foundation	ak	weak_link_weak_link	AK/Weakable.h:45	stub
AK::WeakLink::is_null	luce-browser-foundation	ak	weak_link_is_null	AK/Weakable.h:39	stub
AK::WeakLink::revoke	luce-browser-foundation	ak	weak_link_revoke	AK/Weakable.h:41	stub
AK::WeakLink::strong_ref	luce-browser-foundation	ak	weak_link_strong_ref	AK/Weakable.h:27	stub
AK::WeakLink::unsafe_ptr	luce-browser-foundation	ak	weak_link_unsafe_ptr	AK/Weakable.h:34	stub
AK::WeakPtr	luce-browser-foundation	ak	WeakPtr	AK/WeakPtr.h:15	struct
AK::WeakPtr::WeakPtr	luce-browser-foundation	ak	weak_ptr_from_object	AK/WeakPtr.h:77	ported
AK::WeakPtr::clear	luce-browser-foundation	ak	weak_ptr_clear	AK/WeakPtr.h:164	ported
AK::WeakPtr::has_value	luce-browser-foundation	ak	weak_ptr_has_value	AK/WeakPtr.h:162	ported
AK::WeakPtr::is_null	luce-browser-foundation	ak	weak_ptr_is_null	AK/WeakPtr.h:161	ported
AK::WeakPtr::operator bool	luce-browser-foundation	ak	weak_ptr_to_bool	AK/WeakPtr.h:159	ported
AK::WeakPtr::ptr	luce-browser-foundation	ak	weak_ptr_ptr	AK/WeakPtr.h:142	ported
AK::WeakPtr::strong_ref	luce-browser-foundation	ak	weak_ptr_strong_ref	AK/WeakPtr.h:137	ported
AK::WeakPtr::take_link	luce-browser-foundation	ak	weak_ptr_take_link	AK/WeakPtr.h:166	ported
AK::WeakPtr::unsafe_ptr	luce-browser-foundation	ak	weak_ptr_unsafe_ptr	AK/WeakPtr.h:146	ported
AK::WeakPtr::value	luce-browser-foundation	ak	weak_ptr_value	AK/WeakPtr.h:153	ported
AK::Weakable	luce-browser-foundation	ak	Weakable	AK/Weakable.h:54	generic struct
AK::Weakable::make_weak_ptr	luce-browser-foundation	ak	weakable_make_weak_ptr	AK/Weakable.h:60	ported
AK::Weakable::revoke_weak_ptrs	luce-browser-foundation	ak	weakable_revoke_weak_ptrs	AK/Weakable.h:76	stub
AK::XorShift128PlusRNG	luce-browser-foundation	ak	XorShift128PlusRng	AK/Random.h:37	struct
AK::XorShift128PlusRNG::XorShift128PlusRNG	luce-browser-foundation	ak	xor_shift128_plus_rng_construct	AK/Random.cpp:139	construct
AK::XorShift128PlusRNG::advance	luce-browser-foundation	ak	xor_shift128_plus_rng_advance	AK/Random.cpp:163	stub
AK::XorShift128PlusRNG::get	luce-browser-foundation	ak	xor_shift128_plus_rng_get	AK/Random.cpp:148	stub
AK::XorShift128PlusRNG::splitmix64	luce-browser-foundation	ak	xor_shift128_plus_rng_splitmix64	AK/Random.cpp:154	stub
AK::__FormatIfSupported	luce-browser-foundation	ak	FormatIfSupported2	AK/Format.h:762	generic struct
AK::__FormatIfSupported::format	luce-browser-foundation	ak	format_if_supported2_format	AK/Format.h:763	stub
AK::__format_value	luce-browser-foundation	ak	format_value	AK/Format.h:55	stub
AK::abs	luce-browser-foundation	ak	abs_f32	AK/StdLibExtras.h:162	stub
AK::abs	luce-browser-foundation	ak	abs_f64	AK/StdLibExtras.h:163	stub
AK::abs	luce-browser-foundation	ak	abs_f64_2	AK/StdLibExtras.h:164	stub
AK::abs	luce-browser-foundation	ak	abs_i32	AK/StdLibExtras.h:159	stub
AK::abs	luce-browser-foundation	ak	abs_i64	AK/StdLibExtras.h:160	stub
AK::abs	luce-browser-foundation	ak	abs_i64_2	AK/StdLibExtras.h:161	stub
AK::adopt_nonnull_own_or_enomem	luce-browser-foundation	ak	adopt_nonnull_own_or_enomem	AK/NonnullOwnPtr.h:153	stub
AK::adopt_nonnull_ref_or_enomem	luce-browser-foundation	ak	adopt_nonnull_ref_or_enomem	AK/NonnullRefPtr.h:230	stub
AK::adopt_own	luce-browser-foundation	ak	adopt_own	AK/NonnullOwnPtr.h:140	stub
AK::adopt_own_if_nonnull	luce-browser-foundation	ak	adopt_own_if_nonnull	AK/OwnPtr.h:188	stub
AK::adopt_ref	luce-browser-foundation	ak	adopt_ref	AK/NonnullRefPtr.h:223	stub
AK::adopt_ref_if_nonnull	luce-browser-foundation	ak	adopt_ref_if_nonnull	AK/RefPtr.h:342	stub
AK::align_down_to	luce-browser-foundation	ak	align_down_to	AK/Types.h:182	stub
AK::align_up_to	luce-browser-foundation	ak	align_up_to	AK/Types.h:177	stub
AK::all_fly_strings	luce-browser-foundation	ak	all_fly_strings	AK/FlyString.cpp:23	ported
AK::all_of	luce-browser-foundation	ak	all_of_t_container	AK/AllOf.h:28	stub
AK::all_of	luce-browser-foundation	ak	all_of_tt_iterator	AK/AllOf.h:16	stub
AK::all_utf16_fly_strings	luce-browser-foundation	ak	all_utf16_fly_strings	AK/Utf16FlyString.cpp:19	ported
AK::allocation_size_for_stringimpl	luce-browser-foundation	ak	allocation_size_for_stringimpl	AK/ByteStringImpl.h:97	ported
AK::any_of	luce-browser-foundation	ak	any_of_t_container	AK/AnyOf.h:25	stub
AK::any_of	luce-browser-foundation	ak	any_of_tt_iterator	AK/AnyOf.h:16	stub
AK::as	luce-browser-foundation	ak	as_	AK/TypeCasts.h:58	stub
AK::as	luce-browser-foundation	ak	as__2	AK/TypeCasts.h:66	stub
AK::as_if	luce-browser-foundation	ak	as_if	AK/TypeCasts.h:39	stub
AK::as_if	luce-browser-foundation	ak	as_if_2	AK/TypeCasts.h:50	stub
AK::atomic_compare_exchange_strong	luce-browser-foundation	ak	atomic_compare_exchange_strong_t	AK/Atomic.h:50	stub
AK::atomic_compare_exchange_strong	luce-browser-foundation	ak	atomic_compare_exchange_strong_v_v	AK/Atomic.h:58	stub
AK::atomic_compare_exchange_strong	luce-browser-foundation	ak	atomic_compare_exchange_strong_v_void	AK/Atomic.h:66	stub
AK::atomic_exchange	luce-browser-foundation	ak	atomic_exchange_t	AK/Atomic.h:32	stub
AK::atomic_exchange	luce-browser-foundation	ak	atomic_exchange_v	AK/Atomic.h:38	stub
AK::atomic_exchange	luce-browser-foundation	ak	atomic_exchange_void	AK/Atomic.h:44	stub
AK::atomic_fetch_add	luce-browser-foundation	ak	atomic_fetch_add	AK/Atomic.h:74	stub
AK::atomic_fetch_and	luce-browser-foundation	ak	atomic_fetch_and	AK/Atomic.h:86	stub
AK::atomic_fetch_or	luce-browser-foundation	ak	atomic_fetch_or	AK/Atomic.h:92	stub
AK::atomic_fetch_sub	luce-browser-foundation	ak	atomic_fetch_sub	AK/Atomic.h:80	stub
AK::atomic_fetch_xor	luce-browser-foundation	ak	atomic_fetch_xor	AK/Atomic.h:98	stub
AK::atomic_is_lock_free	luce-browser-foundation	ak	atomic_is_lock_free	AK/Atomic.h:143	stub
AK::atomic_load	luce-browser-foundation	ak	atomic_load	AK/Atomic.h:104	stub
AK::atomic_load	luce-browser-foundation	ak	atomic_load_2	AK/Atomic.h:110	stub
AK::atomic_pause	luce-browser-foundation	ak	atomic_pause	AK/Atomic.h:115	stub
AK::atomic_signal_fence	luce-browser-foundation	ak	atomic_signal_fence	AK/Atomic.h:15	stub
AK::atomic_store	luce-browser-foundation	ak	atomic_store_t	AK/Atomic.h:125	stub
AK::atomic_store	luce-browser-foundation	ak	atomic_store_v	AK/Atomic.h:131	stub
AK::atomic_store	luce-browser-foundation	ak	atomic_store_void	AK/Atomic.h:137	stub
AK::atomic_thread_fence	luce-browser-foundation	ak	atomic_thread_fence	AK/Atomic.h:20	stub
AK::binary_search	luce-browser-foundation	ak	binary_search	AK/BinarySearch.h:29	stub
AK::bit_cast	luce-browser-foundation	ak	bit_cast	AK/BitCast.h:14	stub
AK::bitmask_first_byte	luce-browser-foundation	ak	bitmask_first_byte	AK/BitmapView.h:17	variable
AK::bitmask_last_byte	luce-browser-foundation	ak	bitmask_last_byte	AK/BitmapView.h:18	variable
AK::bitswap	luce-browser-foundation	ak	bitswap	AK/Endian.h:116	stub
AK::bridge_cast	luce-browser-foundation	ak	bridge_cast	AK/TypeCasts.h:76	stub
AK::build_casefold_string	luce-browser-foundation	web_unicode	build_casefold_string	Libraries/LibUnicode/String.cpp:105	stub
AK::case_insensitive_string_hash	luce-browser-foundation	ak	case_insensitive_string_hash	AK/StringHash.h:33	stub
AK::cbrt	luce-browser-foundation	ak	cbrt	AK/Math.h:508	stub
AK::ceil_div	luce-browser-foundation	ak	ceil_div	AK/StdLibExtras.h:88	stub
AK::ceil_log2	luce-browser-foundation	ak	ceil_log2	AK/IntegralMath.h:28	stub
AK::clamp	luce-browser-foundation	ak	clamp	AK/StdLibExtras.h:71	stub
AK::clamp_to	luce-browser-foundation	ak	clamp_to	AK/Math.h:1022	stub
AK::clone	luce-browser-foundation	ak	clone	AK/JsonValue.cpp:17	stub
AK::convert_between_host_and_big_endian	luce-browser-foundation	ak	convert_between_host_and_big_endian	AK/Endian.h:43	stub
AK::convert_between_host_and_little_endian	luce-browser-foundation	ak	convert_between_host_and_little_endian	AK/Endian.h:28	stub
AK::convert_between_host_and_network_endian	luce-browser-foundation	ak	convert_between_host_and_network_endian	AK/Endian.h:58	stub
AK::convert_to_decimal_exponential_form	luce-browser-foundation	ak	convert_to_decimal_exponential_form	AK/StringConversions.cpp:158	dropped
AK::convert_to_decimal_exponential_form<double>: the	luce-browser-foundation	ak	convert_to_decimal_exponential_form_f64	AK/StringConversions.cpp:155	ported
AK::convert_to_decimal_exponential_form<float>	luce-browser-foundation	ak	convert_to_decimal_exponential_form_f32	AK/StringConversions.cpp:155	ported
AK::create_string_from_number	luce-browser-foundation	ak	create_string_from_number	AK/StringNumber.h:12	dropped
AK::create_string_from_number: the digits of the magnitude	luce-browser-foundation	ak	create_string_from_number_digits	AK/StringNumber.h:12	ported
AK::create_string_from_number<String, T> for signed T	luce-browser-foundation	ak	create_string_from_number_string_i64	AK/StringNumber.h:12	ported
AK::create_string_from_number<String, T> for unsigned T	luce-browser-foundation	ak	create_string_from_number_string_u64	AK/StringNumber.h:12	ported
AK::create_string_from_number<Utf16String, T> for signed T	luce-browser-foundation	ak	create_string_from_number_utf16_string_i64	AK/StringNumber.h:12	ported
AK::create_string_from_number<Utf16String, T> for unsigned T	luce-browser-foundation	ak	create_string_from_number_utf16_string_u64	AK/StringNumber.h:12	ported
AK::current_process_id	luce-browser-foundation	ak	current_process_id	AK/Format.cpp:1308	stub
AK::current_thread_id	luce-browser-foundation	ak	current_thread_id	AK/Format.cpp:1317	stub
AK::day_of_week	luce-browser-foundation	ak	day_of_week	AK/Time.cpp:37	stub
AK::day_of_year	luce-browser-foundation	ak	day_of_year	AK/Time.h:61	stub
AK::days_in_month	luce-browser-foundation	ak	days_in_month	AK/Time.cpp:27	stub
AK::days_in_year	luce-browser-foundation	ak	days_in_year	AK/Time.h:82	stub
AK::days_since_epoch	luce-browser-foundation	ak	days_since_epoch	AK/Time.h:137	stub
AK::dbgln	luce-browser-foundation	ak	dbgln	AK/Format.h:743	stub
AK::decode_base64	luce-browser-foundation	ak	decode_base64	AK/Base64.cpp:101	ported
AK::decode_base64_impl	luce-browser-foundation	ak	decode_base64_impl	AK/Base64.cpp:72	ported
AK::decode_base64_into	luce-browser-foundation	ak	decode_base64_into	AK/Base64.cpp:111	ported
AK::decode_base64_into_impl	luce-browser-foundation	ak	decode_base64_into_impl	AK/Base64.cpp:33	ported
AK::decode_base64url	luce-browser-foundation	ak	decode_base64url	AK/Base64.cpp:106	ported
AK::decode_base64url_into	luce-browser-foundation	ak	decode_base64url_into	AK/Base64.cpp:116	ported
AK::decode_hex	luce-browser-foundation	ak	decode_hex	AK/Hex.cpp:14	ported
AK::decode_hex_digit	luce-browser-foundation	ak	decode_hex_digit	AK/Hex.h:16	ported
AK::dual_pivot_quick_sort	luce-browser-foundation	ak	dual_pivot_quick_sort	AK/QuickSort.h:29	stub
AK::encode_base64	luce-browser-foundation	ak	encode_base64	AK/Base64.cpp:121	ported
AK::encode_base64_impl	luce-browser-foundation	ak	encode_base64_impl	AK/Base64.cpp:83	ported
AK::encode_base64url	luce-browser-foundation	ak	encode_base64url	AK/Base64.cpp:130	ported
AK::encode_hex	luce-browser-foundation	ak	encode_hex	AK/Hex.cpp:36	ported
AK::enumerate	luce-browser-foundation	ak	enumerate	AK/Enumerate.h:50	stub
AK::escape_html_entities	luce-browser-foundation	ak	escape_html_entities	AK/ByteString.cpp:222	ported
AK::exceeded_max_nesting_depth_error	luce-browser-foundation	ak	exceeded_max_nesting_depth_error	AK/JsonParser.cpp:22	variable
AK::exchange	luce-browser-foundation	ak	exchange	AK/StdLibExtras.h:108	stub
AK::exp2	luce-browser-foundation	ak	exp2	AK/IntegralMath.h:16	stub
AK::explode_byte	luce-browser-foundation	ak	explode_byte	AK/Types.h:163	stub
AK::fabs	luce-browser-foundation	ak	fabs	AK/Math.h:96	stub
AK::fill_with_random	luce-browser-foundation	ak	fill_with_random	AK/Random.cpp:56	stub
AK::find	luce-browser-foundation	ak	find	AK/Find.h:28	stub
AK::find_if	luce-browser-foundation	ak	find_if	AK/Find.h:17	stub
AK::find_index	luce-browser-foundation	ak	find_index	AK/Find.h:34	stub
AK::find_value	luce-browser-foundation	ak	find_value	AK/Find.h:41	stub
AK::fixme_launder_const_through_pointer_cast	luce-browser-foundation	ak	fixme_launder_const_through_pointer_cast	AK/RefPtr.h:317	stub
AK::fixme_launder_const_through_pointer_cast	luce-browser-foundation	ak	fixme_launder_const_through_pointer_cast_2	AK/RefPtr.h:323	stub
AK::fixme_launder_const_through_pointer_cast	luce-browser-foundation	ak	fixme_launder_const_through_pointer_cast_3	AK/RefPtr.h:329	stub
AK::for_each_line	luce-browser-foundation	ak	for_each_line	AK/StringView.cpp:63	ported
AK::from_chars	luce-browser-foundation	ak	from_chars	AK/StringConversions.cpp:37	dropped
AK::from_chars for ValueType double	luce-browser-foundation	ak	from_chars_f64	AK/StringConversions.cpp:40	ported
AK::from_chars for ValueType float	luce-browser-foundation	ak	from_chars_f32	AK/StringConversions.cpp:40	ported
AK::from_chars for an integral ValueType	luce-browser-foundation	ak	from_chars_integer	AK/StringConversions.cpp:40	ported
AK::full_memory_barrier	luce-browser-foundation	ak	full_memory_barrier	AK/Atomic.h:25	stub
AK::gcd	luce-browser-foundation	ak	gcd	AK/IntegralMath.h:89	stub
AK::generate_random_uuid	luce-browser-foundation	ak	generate_random_uuid	AK/Random.cpp:94	stub
AK::get_random	luce-browser-foundation	ak	get_random	AK/Random.h:24	stub
AK::get_random_uniform	luce-browser-foundation	ak	get_random_uniform	AK/Random.cpp:61	stub
AK::get_random_uniform_64	luce-browser-foundation	ak	get_random_uniform_64	AK/Random.cpp:81	stub
AK::has_any_flag	luce-browser-foundation	ak	has_any_flag	AK/StringUtils.h:57	ported
AK::has_flag	luce-browser-foundation	ak	has_flag	AK/StringUtils.h:57	ported
AK::human_readable_digital_time	luce-browser-foundation	ak	human_readable_digital_time	AK/NumberFormat.cpp:153	stub
AK::human_readable_quantity	luce-browser-foundation	ak	human_readable_quantity	AK/NumberFormat.cpp:28	stub
AK::human_readable_short_time	luce-browser-foundation	ak	human_readable_short_time	AK/NumberFormat.cpp:108	stub
AK::human_readable_size	luce-browser-foundation	ak	human_readable_size	AK/NumberFormat.cpp:56	stub
AK::human_readable_size_long	luce-browser-foundation	ak	human_readable_size_long	AK/NumberFormat.cpp:61	stub
AK::human_readable_time	luce-browser-foundation	ak	human_readable_time	AK/NumberFormat.cpp:77	stub
AK::insertion_sort	luce-browser-foundation	ak	insertion_sort	AK/InsertionSort.h:35	stub
AK::insertion_sort	luce-browser-foundation	ak	insertion_sort_isize	AK/InsertionSort.h:16	stub
AK::insertion_sort	luce-browser-foundation	ak	insertion_sort_t_comparator	AK/InsertionSort.h:26	stub
AK::is	luce-browser-foundation	ak	is	AK/TypeCasts.h:17	stub
AK::is	luce-browser-foundation	ak	is_2	AK/TypeCasts.h:27	stub
AK::is	luce-browser-foundation	ak	is_3	AK/TypeCasts.h:33	stub
AK::is_any_of	luce-browser-foundation	ak	is_any_of	AK/GenericLexer.h:20	ported
AK::is_ascii	luce-browser-foundation	ak	is_ascii	AK/CharacterTypes.h:18	ported
AK::is_ascii_alpha	luce-browser-foundation	ak	is_ascii_alpha	AK/CharacterTypes.h:38	ported
AK::is_ascii_alphanumeric	luce-browser-foundation	ak	is_ascii_alphanumeric	AK/CharacterTypes.h:43	ported
AK::is_ascii_base36_digit	luce-browser-foundation	ak	is_ascii_base36_digit	AK/CharacterTypes.h:48	ported
AK::is_ascii_binary_digit	luce-browser-foundation	ak	is_ascii_binary_digit	AK/CharacterTypes.h:53	ported
AK::is_ascii_blank	luce-browser-foundation	ak	is_ascii_blank	AK/CharacterTypes.h:73	ported
AK::is_ascii_c0_control	luce-browser-foundation	ak	is_ascii_c0_control	AK/CharacterTypes.h:98	ported
AK::is_ascii_c0_control_or_space	luce-browser-foundation	ak	is_ascii_c0_control_or_space	AK/CharacterTypes.h:104	ported
AK::is_ascii_control	luce-browser-foundation	ak	is_ascii_control	AK/CharacterTypes.h:109	ported
AK::is_ascii_digit	luce-browser-foundation	ak	is_ascii_digit	AK/CharacterTypes.h:23	ported
AK::is_ascii_graphical	luce-browser-foundation	ak	is_ascii_graphical	AK/CharacterTypes.h:88	ported
AK::is_ascii_hex_digit	luce-browser-foundation	ak	is_ascii_hex_digit	AK/CharacterTypes.h:68	ported
AK::is_ascii_lower_alpha	luce-browser-foundation	ak	is_ascii_lower_alpha	AK/CharacterTypes.h:33	ported
AK::is_ascii_octal_digit	luce-browser-foundation	ak	is_ascii_octal_digit	AK/CharacterTypes.h:58	ported
AK::is_ascii_printable	luce-browser-foundation	ak	is_ascii_printable	AK/CharacterTypes.h:93	ported
AK::is_ascii_punctuation	luce-browser-foundation	ak	is_ascii_punctuation	AK/CharacterTypes.h:83	ported
AK::is_ascii_space	luce-browser-foundation	ak	is_ascii_space	AK/CharacterTypes.h:78	ported
AK::is_ascii_upper_alpha	luce-browser-foundation	ak	is_ascii_upper_alpha	AK/CharacterTypes.h:28	ported
AK::is_ascii_uppercase_hex_digit	luce-browser-foundation	ak	is_ascii_uppercase_hex_digit	AK/CharacterTypes.h:63	ported
AK::is_debug_enabled	luce-browser-foundation	ak	is_debug_enabled	AK/Format.cpp:1285	variable
AK::is_debug_only_formatter	luce-browser-foundation	ak	is_debug_only_formatter	AK/Format.h:41	stub
AK::is_leap_year	luce-browser-foundation	ak	is_leap_year	AK/Time.h:45	stub
AK::is_not_any_of	luce-browser-foundation	ak	is_not_any_of	AK/GenericLexer.h:25	ported
AK::is_path_separator	luce-browser-foundation	ak	is_path_separator	AK/GenericLexer.h:30	variable
AK::is_power_of_two	luce-browser-foundation	ak	is_power_of_two	AK/StdLibExtras.h:26	stub
AK::is_quote	luce-browser-foundation	ak	is_quote	AK/GenericLexer.h:31	variable
AK::is_rich_debug_enabled	luce-browser-foundation	ak	is_rich_debug_enabled	AK/Format.cpp:1293	variable
AK::is_space	luce-browser-foundation	ak	is_space	AK/JsonParser.cpp:17	stub
AK::is_unicode	luce-browser-foundation	ak	is_unicode	AK/CharacterTypes.h:114	ported
AK::is_unicode_control	luce-browser-foundation	ak	is_unicode_control	AK/CharacterTypes.h:119	ported
AK::is_unicode_noncharacter	luce-browser-foundation	ak	is_unicode_noncharacter	AK/CharacterTypes.h:134	ported
AK::is_unicode_scalar_value	luce-browser-foundation	ak	is_unicode_scalar_value	AK/CharacterTypes.h:129	ported
AK::is_unicode_surrogate	luce-browser-foundation	ak	is_unicode_surrogate	AK/CharacterTypes.h:124	ported
AK::is_within_range	luce-browser-foundation	ak	is_within_range	AK/Checked.h:108	stub
AK::iso8061_weeks_in_year	luce-browser-foundation	ak	iso8061_weeks_in_year	AK/Time.h:87	stub
AK::lcm	luce-browser-foundation	ak	lcm	AK/IntegralMath.h:132	stub
AK::log2	luce-browser-foundation	ak	log2	AK/IntegralMath.h:22	stub
AK::make_checked	luce-browser-foundation	ak	make_checked	AK/Checked.h:466	stub
AK::max	luce-browser-foundation	ak	max	AK/StdLibExtras.h:65	stub
AK::max_format_arguments	luce-browser-foundation	ak	max_format_arguments	AK/Format.h:52	variable
AK::memmem	luce-browser-foundation	ak	memmem_kmp	AK/MemMem.h:46	ported
AK::memmem_optional: the offset of `needle` in `haystack`	luce-browser-foundation	ak	memmem_optional	AK/MemMem.h:108	ported
AK::min	luce-browser-foundation	ak	min	AK/StdLibExtras.h:59	stub
AK::mix	luce-browser-foundation	ak	mix	AK/StdLibExtras.h:82	stub
AK::ms_per_day	luce-browser-foundation	ak	ms_per_day	AK/Time.h:32	variable
AK::number_string_with_one_decimal	luce-browser-foundation	ak	number_string_with_one_decimal	AK/NumberFormat.cpp:15	stub
AK::operator!=	luce-browser-foundation	ak	ne_checked	AK/Checked.h:424	stub
AK::operator!=	luce-browser-foundation	ak	ne_t	AK/Checked.h:460	stub
AK::operator%	luce-browser-foundation	ak	rem	AK/Checked.h:386	stub
AK::operator&	luce-browser-foundation	ak	bit_and	AK/StringUtils.h:57	ported
AK::operator&=	luce-browser-foundation	ak	and_assign	AK/StringUtils.h:57	ported
AK::operator*	luce-browser-foundation	ak	mul	AK/Checked.h:370	stub
AK::operator+	luce-browser-foundation	ak	add	AK/Checked.h:354	stub
AK::operator-	luce-browser-foundation	ak	sub	AK/Checked.h:362	stub
AK::operator/	luce-browser-foundation	ak	div	AK/Checked.h:378	stub
AK::operator<	luce-browser-foundation	ak	lt_checked	AK/Checked.h:394	stub
AK::operator<	luce-browser-foundation	ak	lt_t	AK/Checked.h:430	stub
AK::operator<=	luce-browser-foundation	ak	le_checked	AK/Checked.h:412	stub
AK::operator<=	luce-browser-foundation	ak	le_t	AK/Checked.h:448	stub
AK::operator==	luce-browser-foundation	ak	eq_checked	AK/Checked.h:418	stub
AK::operator==	luce-browser-foundation	ak	eq_opaque_opaque	AK/Optional.h:634	stub
AK::operator==	luce-browser-foundation	ak	eq_opaque_optional_none	AK/Optional.h:647	stub
AK::operator==	luce-browser-foundation	ak	eq_opaque_tt2	AK/Optional.h:641	stub
AK::operator==	luce-browser-foundation	ak	eq_t	AK/Checked.h:454	stub
AK::operator>	luce-browser-foundation	ak	gt_checked	AK/Checked.h:400	stub
AK::operator>	luce-browser-foundation	ak	gt_t	AK/Checked.h:436	stub
AK::operator>=	luce-browser-foundation	ak	ge_checked	AK/Checked.h:406	stub
AK::operator>=	luce-browser-foundation	ak	ge_t	AK/Checked.h:442	stub
AK::operator^	luce-browser-foundation	ak	bit_xor	AK/StringUtils.h:57	ported
AK::operator^=	luce-browser-foundation	ak	xor_assign	AK/StringUtils.h:57	ported
AK::operator|	luce-browser-foundation	ak	bit_or	AK/StringUtils.h:57	ported
AK::operator|=	luce-browser-foundation	ak	or_assign	AK/StringUtils.h:57	ported
AK::operator~	luce-browser-foundation	ak	bit_not	AK/StringUtils.h:57	ported
AK::outln	luce-browser-foundation	ak	outln	AK/Format.h:648	stub
AK::outln	luce-browser-foundation	ak	outln_s_file	AK/Format.h:636	stub
AK::parse_ascii_base36_digit	luce-browser-foundation	ak	parse_ascii_base36_digit	AK/CharacterTypes.h:171	ported
AK::parse_ascii_digit	luce-browser-foundation	ak	parse_ascii_digit	AK/CharacterTypes.h:153	ported
AK::parse_ascii_hex_digit	luce-browser-foundation	ak	parse_ascii_hex_digit	AK/CharacterTypes.h:160	ported
AK::parse_first_number	luce-browser-foundation	ak	parse_first_number_string_view	AK/StringConversions.cpp:63	dropped
AK::parse_first_number	luce-browser-foundation	ak	parse_first_number_utf16_view	AK/StringConversions.cpp:72	dropped
AK::parse_first_number<f32>	luce-browser-foundation	ak	parse_first_number_string_view_f32	AK/StringConversions.cpp:70	ported
AK::parse_first_number<f32>	luce-browser-foundation	ak	parse_first_number_utf16_view_f32	AK/StringConversions.cpp:79	ported
AK::parse_first_number<f64>	luce-browser-foundation	ak	parse_first_number_string_view_f64	AK/StringConversions.cpp:70	ported
AK::parse_first_number<f64>	luce-browser-foundation	ak	parse_first_number_utf16_view_f64	AK/StringConversions.cpp:79	ported
AK::parse_first_number<i16>	luce-browser-foundation	ak	parse_first_number_string_view_i16	AK/StringConversions.cpp:70	ported
AK::parse_first_number<i16>	luce-browser-foundation	ak	parse_first_number_utf16_view_i16	AK/StringConversions.cpp:79	ported
AK::parse_first_number<i32>	luce-browser-foundation	ak	parse_first_number_string_view_i32	AK/StringConversions.cpp:70	ported
AK::parse_first_number<i32>	luce-browser-foundation	ak	parse_first_number_utf16_view_i32	AK/StringConversions.cpp:79	ported
AK::parse_first_number<i64>	luce-browser-foundation	ak	parse_first_number_string_view_i64	AK/StringConversions.cpp:70	ported
AK::parse_first_number<i64>	luce-browser-foundation	ak	parse_first_number_utf16_view_i64	AK/StringConversions.cpp:79	ported
AK::parse_first_number<i8>	luce-browser-foundation	ak	parse_first_number_string_view_i8	AK/StringConversions.cpp:70	ported
AK::parse_first_number<i8>	luce-browser-foundation	ak	parse_first_number_utf16_view_i8	AK/StringConversions.cpp:79	ported
AK::parse_first_number<u16>	luce-browser-foundation	ak	parse_first_number_string_view_u16	AK/StringConversions.cpp:70	ported
AK::parse_first_number<u16>	luce-browser-foundation	ak	parse_first_number_utf16_view_u16	AK/StringConversions.cpp:79	ported
AK::parse_first_number<u32>	luce-browser-foundation	ak	parse_first_number_string_view_u32	AK/StringConversions.cpp:70	ported
AK::parse_first_number<u32>	luce-browser-foundation	ak	parse_first_number_utf16_view_u32	AK/StringConversions.cpp:79	ported
AK::parse_first_number<u64>	luce-browser-foundation	ak	parse_first_number_string_view_u64	AK/StringConversions.cpp:70	ported
AK::parse_first_number<u64>	luce-browser-foundation	ak	parse_first_number_utf16_view_u64	AK/StringConversions.cpp:79	ported
AK::parse_first_number<u8>	luce-browser-foundation	ak	parse_first_number_string_view_u8	AK/StringConversions.cpp:70	ported
AK::parse_first_number<u8>	luce-browser-foundation	ak	parse_first_number_utf16_view_u8	AK/StringConversions.cpp:79	ported
AK::parse_hexadecimal_number	luce-browser-foundation	ak	parse_hexadecimal_number_string_view	AK/StringConversions.cpp:136	dropped
AK::parse_hexadecimal_number	luce-browser-foundation	ak	parse_hexadecimal_number_utf16_view	AK/StringConversions.cpp:142	dropped
AK::parse_hexadecimal_number<i16>	luce-browser-foundation	ak	parse_hexadecimal_number_string_view_i16	AK/StringConversions.cpp:143	ported
AK::parse_hexadecimal_number<i16>	luce-browser-foundation	ak	parse_hexadecimal_number_utf16_view_i16	AK/StringConversions.cpp:149	ported
AK::parse_hexadecimal_number<i32>	luce-browser-foundation	ak	parse_hexadecimal_number_string_view_i32	AK/StringConversions.cpp:143	ported
AK::parse_hexadecimal_number<i32>	luce-browser-foundation	ak	parse_hexadecimal_number_utf16_view_i32	AK/StringConversions.cpp:149	ported
AK::parse_hexadecimal_number<i64>	luce-browser-foundation	ak	parse_hexadecimal_number_string_view_i64	AK/StringConversions.cpp:143	ported
AK::parse_hexadecimal_number<i64>	luce-browser-foundation	ak	parse_hexadecimal_number_utf16_view_i64	AK/StringConversions.cpp:149	ported
AK::parse_hexadecimal_number<i8>	luce-browser-foundation	ak	parse_hexadecimal_number_string_view_i8	AK/StringConversions.cpp:143	ported
AK::parse_hexadecimal_number<i8>	luce-browser-foundation	ak	parse_hexadecimal_number_utf16_view_i8	AK/StringConversions.cpp:149	ported
AK::parse_hexadecimal_number<u16>	luce-browser-foundation	ak	parse_hexadecimal_number_string_view_u16	AK/StringConversions.cpp:143	ported
AK::parse_hexadecimal_number<u16>	luce-browser-foundation	ak	parse_hexadecimal_number_utf16_view_u16	AK/StringConversions.cpp:149	ported
AK::parse_hexadecimal_number<u32>	luce-browser-foundation	ak	parse_hexadecimal_number_string_view_u32	AK/StringConversions.cpp:143	ported
AK::parse_hexadecimal_number<u32>	luce-browser-foundation	ak	parse_hexadecimal_number_utf16_view_u32	AK/StringConversions.cpp:149	ported
AK::parse_hexadecimal_number<u64>	luce-browser-foundation	ak	parse_hexadecimal_number_string_view_u64	AK/StringConversions.cpp:143	ported
AK::parse_hexadecimal_number<u64>	luce-browser-foundation	ak	parse_hexadecimal_number_utf16_view_u64	AK/StringConversions.cpp:149	ported
AK::parse_hexadecimal_number<u8>	luce-browser-foundation	ak	parse_hexadecimal_number_string_view_u8	AK/StringConversions.cpp:143	ported
AK::parse_hexadecimal_number<u8>	luce-browser-foundation	ak	parse_hexadecimal_number_utf16_view_u8	AK/StringConversions.cpp:149	ported
AK::parse_number	luce-browser-foundation	ak	parse_number_string_view	AK/StringConversions.cpp:92	dropped
AK::parse_number	luce-browser-foundation	ak	parse_number_utf16_view	AK/StringConversions.cpp:108	dropped
AK::parse_number<f32>	luce-browser-foundation	ak	parse_number_string_view_f32	AK/StringConversions.cpp:98	ported
AK::parse_number<f32>	luce-browser-foundation	ak	parse_number_utf16_view_f32	AK/StringConversions.cpp:114	ported
AK::parse_number<f64>	luce-browser-foundation	ak	parse_number_string_view_f64	AK/StringConversions.cpp:98	ported
AK::parse_number<f64>	luce-browser-foundation	ak	parse_number_utf16_view_f64	AK/StringConversions.cpp:114	ported
AK::parse_number<i16>	luce-browser-foundation	ak	parse_number_string_view_i16	AK/StringConversions.cpp:98	ported
AK::parse_number<i16>	luce-browser-foundation	ak	parse_number_utf16_view_i16	AK/StringConversions.cpp:114	ported
AK::parse_number<i32>	luce-browser-foundation	ak	parse_number_string_view_i32	AK/StringConversions.cpp:98	ported
AK::parse_number<i32>	luce-browser-foundation	ak	parse_number_utf16_view_i32	AK/StringConversions.cpp:114	ported
AK::parse_number<i64>	luce-browser-foundation	ak	parse_number_string_view_i64	AK/StringConversions.cpp:98	ported
AK::parse_number<i64>	luce-browser-foundation	ak	parse_number_utf16_view_i64	AK/StringConversions.cpp:114	ported
AK::parse_number<i8>	luce-browser-foundation	ak	parse_number_string_view_i8	AK/StringConversions.cpp:98	ported
AK::parse_number<i8>	luce-browser-foundation	ak	parse_number_utf16_view_i8	AK/StringConversions.cpp:114	ported
AK::parse_number<u16>	luce-browser-foundation	ak	parse_number_string_view_u16	AK/StringConversions.cpp:98	ported
AK::parse_number<u16>	luce-browser-foundation	ak	parse_number_utf16_view_u16	AK/StringConversions.cpp:114	ported
AK::parse_number<u32>	luce-browser-foundation	ak	parse_number_string_view_u32	AK/StringConversions.cpp:98	ported
AK::parse_number<u32>	luce-browser-foundation	ak	parse_number_utf16_view_u32	AK/StringConversions.cpp:114	ported
AK::parse_number<u64>	luce-browser-foundation	ak	parse_number_string_view_u64	AK/StringConversions.cpp:98	ported
AK::parse_number<u64>	luce-browser-foundation	ak	parse_number_utf16_view_u64	AK/StringConversions.cpp:114	ported
AK::parse_number<u8>	luce-browser-foundation	ak	parse_number_string_view_u8	AK/StringConversions.cpp:98	ported
AK::parse_number<u8>	luce-browser-foundation	ak	parse_number_utf16_view_u8	AK/StringConversions.cpp:114	ported
AK::pow	luce-browser-foundation	ak	pow	AK/Math.h:996	stub
AK::process_name_for_logging	luce-browser-foundation	ak	process_name_for_logging	AK/Format.cpp:1269	stub
AK::process_name_helper	luce-browser-foundation	ak	process_name_helper	AK/Format.cpp:1246	stub
AK::quick_sort	luce-browser-foundation	ak	quick_sort_t_collection	AK/QuickSort.h:160	stub
AK::quick_sort	luce-browser-foundation	ak	quick_sort_t_collection_t_less_than	AK/QuickSort.h:154	stub
AK::quick_sort	luce-browser-foundation	ak	quick_sort_t_iterator_t_iterator	AK/QuickSort.h:142	stub
AK::quick_sort	luce-browser-foundation	ak	quick_sort_t_iterator_t_iterator_t_less_than	AK/QuickSort.h:148	stub
AK::ref_if_not_null	luce-browser-foundation	ak	ref_if_not_null	AK/NonnullRefPtr.h:22	stub
AK::reinterpret_as_octal	luce-browser-foundation	ak	reinterpret_as_octal	AK/IntegralMath.h:77	stub
AK::resolve_locale	luce-browser-foundation	web_unicode	resolve_locale	Libraries/LibUnicode/String.cpp:26	stub
AK::round_up_digits	luce-browser-foundation	ak	round_up_digits	AK/Format.cpp:464	stub
AK::round_up_to_power_of_two	luce-browser-foundation	ak	round_up_to_power_of_two	AK/StdLibExtras.h:19	stub
AK::s_main_thread_id	luce-browser-foundation	ak	s_main_thread_id	AK/Format.cpp:1334	variable
AK::s_single_dot	luce-browser-foundation	ak	s_single_dot	AK/LexicalPath.cpp:15	variable
AK::s_the_empty_stringimpl	luce-browser-foundation	ak	s_the_empty_stringimpl	AK/ByteStringImpl.cpp:33	variable
AK::saturating_add	luce-browser-foundation	ak	saturating_add	AK/SaturatingMath.h:16	stub
AK::saturating_mul	luce-browser-foundation	ak	saturating_mul	AK/SaturatingMath.h:58	stub
AK::saturating_sub	luce-browser-foundation	ak	saturating_sub	AK/SaturatingMath.h:37	stub
AK::seconds_per_day	luce-browser-foundation	ak	seconds_per_day	AK/Time.h:33	variable
AK::seconds_per_hour	luce-browser-foundation	ak	seconds_per_hour	AK/Time.h:35	variable
AK::seconds_per_minute	luce-browser-foundation	ak	seconds_per_minute	AK/Time.h:36	variable
AK::seconds_per_year	luce-browser-foundation	ak	seconds_per_year	AK/Time.h:34	variable
AK::seconds_since_epoch_to_year	luce-browser-foundation	ak	seconds_since_epoch_to_year	AK/Time.h:142	stub
AK::secure_zero	luce-browser-foundation	ak	secure_zero	AK/Memory.h:15	stub
AK::set_debug_enabled	luce-browser-foundation	ak	set_debug_enabled	AK/Format.cpp:1287	stub
AK::set_rich_debug_enabled	luce-browser-foundation	ak	set_rich_debug_enabled	AK/Format.cpp:1300	stub
AK::shuffle	luce-browser-foundation	ak	shuffle	AK/Random.h:50	stub
AK::single_pivot_quick_sort	luce-browser-foundation	ak	single_pivot_quick_sort	AK/QuickSort.h:108	stub
AK::size_required_to_decode_base64	luce-browser-foundation	ak	size_required_to_decode_base64	AK/Base64.cpp:14	ported
AK::sqrt	luce-browser-foundation	ak	sqrt	AK/Math.h:476	stub
AK::static_ptr_cast	luce-browser-foundation	ak	static_ptr_cast	AK/RefPtr.h:305	stub
AK::static_ptr_cast	luce-browser-foundation	ak	static_ptr_cast_2	AK/RefPtr.h:311	stub
AK::string_builder_prefix_size	luce-browser-foundation	ak	string_builder_prefix_size	AK/StringBuilder.cpp:26	ported
AK::string_hash	luce-browser-foundation	ak	string_hash	AK/StringHash.h:19	stub
AK::swap	luce-browser-foundation	ak	swap	AK/NonnullOwnPtr.h:176	stub
AK::swap	luce-browser-foundation	ak	swap_2	AK/NonnullRefPtr.h:262	stub
AK::swap	luce-browser-foundation	ak	swap_3	AK/OwnPtr.h:182	stub
AK::swap	luce-browser-foundation	ak	swap_4	AK/RefPtr.h:336	stub
AK::swap	luce-browser-foundation	ak	swap_5	AK/StdLibExtras.h:98	stub
AK::taint_for_optimizer	luce-browser-foundation	ak	taint_for_optimizer	AK/StdLibExtras.h:126	stub
AK::timespec_add	luce-browser-foundation	ak	timespec_add	AK/Time.h:622	stub
AK::timespec_add_timeval	luce-browser-foundation	ak	timespec_add_timeval	AK/Time.h:633	stub
AK::timespec_sub	luce-browser-foundation	ak	timespec_sub	AK/Time.h:611	stub
AK::timespec_to_timeval	luce-browser-foundation	ak	timespec_to_timeval	AK/Time.h:651	stub
AK::timeval_add	luce-browser-foundation	ak	timeval_add	AK/Time.h:600	stub
AK::timeval_sub	luce-browser-foundation	ak	timeval_sub	AK/Time.h:589	stub
AK::timeval_to_timespec	luce-browser-foundation	ak	timeval_to_timespec	AK/Time.h:644	stub
AK::timing_safe_compare	luce-browser-foundation	ak	timing_safe_compare	AK/Memory.h:29	stub
AK::to_ascii_base36_digit	luce-browser-foundation	ak	to_ascii_base36_digit	AK/CharacterTypes.h:182	ported
AK::to_ascii_lowercase	luce-browser-foundation	ak	to_ascii_lowercase	AK/CharacterTypes.h:139	ported
AK::to_ascii_uppercase	luce-browser-foundation	ak	to_ascii_uppercase	AK/CharacterTypes.h:146	ported
AK::to_bytes	luce-browser-foundation	ak	to_bytes	AK/Span.h:409	stub
AK::to_degrees	luce-browser-foundation	ak	to_degrees	AK/Math.h:62	stub
AK::to_radians	luce-browser-foundation	ak	to_radians	AK/Math.h:56	stub
AK::to_readonly_bytes	luce-browser-foundation	ak	to_readonly_bytes	AK/Span.h:402	stub
AK::to_simdutf_last_chunk_handling	luce-browser-foundation	ak	to_simdutf_last_chunk_handling	AK/Base64.cpp:19	ported
AK::to_underlying	luce-browser-foundation	ak	to_underlying	AK/StdLibExtras.h:119	stub
AK::unref_if_not_null	luce-browser-foundation	ak	unref_if_not_null	AK/NonnullRefPtr.h:29	stub
AK::validate_utf16_be	luce-browser-foundation	ak	validate_utf16_be	AK/Utf16View.cpp:22	ported
AK::validate_utf16_le	luce-browser-foundation	ak	validate_utf16_le	AK/Utf16View.cpp:17	ported
AK::vdbg	luce-browser-foundation	ak	vdbg	AK/Format.cpp:1372	stub
AK::vformat	luce-browser-foundation	ak	vformat	AK/Format.cpp:817	stub
AK::vout	luce-browser-foundation	ak	vout	AK/Format.cpp:1141	stub
AK::warnln	luce-browser-foundation	ak	warnln	AK/Format.h:659	stub
AK::weak_callback	luce-browser-foundation	ak	weak_callback	AK/WeakPtr.h:178	stub
AK::years_to_days_since_epoch	luce-browser-foundation	ak	years_to_days_since_epoch	AK/Time.h:114	stub
Block_size	luce-browser-foundation	ak	block_size	AK/Function.h:44	stub
Core::ElapsedTimer	luce-browser-foundation	gc	CoreElapsedTimer	Libraries/LibCore/ElapsedTimer.h:19	opaque
Core::Resource	luce-browser-foundation	ak	CoreResource	Libraries/LibCore/Resource.h:22	opaque
EiB	luce-browser-foundation	ak	ei_b	AK/Types.h:151	variable
GC::BASE_TAG	luce-browser-foundation	gc	base_tag	Libraries/LibGC/NanBoxedValue.h:40	variable
GC::BlockAllocator	luce-browser-foundation	gc	BlockAllocator	Libraries/LibGC/BlockAllocator.h:14	struct
GC::BlockAllocator::allocate_block	luce-browser-foundation	gc	block_allocator_allocate_block	Libraries/LibGC/BlockAllocator.cpp:51	stub
GC::BlockAllocator::blocks	luce-browser-foundation	gc	block_allocator_blocks	Libraries/LibGC/BlockAllocator.h:22	stub
GC::BlockAllocator::deallocate_block	luce-browser-foundation	gc	block_allocator_deallocate_block	Libraries/LibGC/BlockAllocator.cpp:96	stub
GC::BlockAllocator::~BlockAllocator	luce-browser-foundation	gc	block_allocator_destroy	Libraries/LibGC/BlockAllocator.cpp:32	destructor
GC::CANON_NAN_BITS	luce-browser-foundation	gc	canon_nan_bits	Libraries/LibGC/NanBoxedValue.h:21	variable
GC::Cell	luce-browser-foundation	gc	Cell	Libraries/LibGC/Cell.h:41	struct
GC::Cell::OVERRIDES_FINALIZE	luce-browser-foundation	gc	cell_overrides_finalize	Libraries/LibGC/Cell.h:47	variable
GC::Cell::OVERRIDES_MUST_SURVIVE_GARBAGE_COLLECTION	luce-browser-foundation	gc	cell_overrides_must_survive_garbage_collection	Libraries/LibGC/Cell.h:46	variable
GC::Cell::State	luce-browser-foundation	gc	CellState	Libraries/LibGC/Cell.h:54	enum
GC::Cell::Visitor	luce-browser-foundation	gc	CellVisitor	Libraries/LibGC/Cell.h:64	struct
GC::Cell::Visitor::ignore	luce-browser-foundation	gc	cell_visitor_ignore	Libraries/LibGC/Cell.h:190	stub
GC::Cell::Visitor::visit	luce-browser-foundation	gc	cell_visitor_visit_cell	Libraries/LibGC/Cell.h:66	stub
GC::Cell::Visitor::visit	luce-browser-foundation	gc	cell_visitor_visit_cell_2	Libraries/LibGC/Cell.h:72	stub
GC::Cell::Visitor::visit	luce-browser-foundation	gc	cell_visitor_visit_cell_3	Libraries/LibGC/Cell.h:77	stub
GC::Cell::Visitor::visit	luce-browser-foundation	gc	cell_visitor_visit_cell_4	Libraries/LibGC/Cell.h:82	stub
GC::Cell::Visitor::visit	luce-browser-foundation	gc	cell_visitor_visit_hash_map	Libraries/LibGC/Cell.h:157	stub
GC::Cell::Visitor::visit	luce-browser-foundation	gc	cell_visitor_visit_hash_map_keys	Libraries/LibGC/Cell.h:157	ported
GC::Cell::Visitor::visit	luce-browser-foundation	gc	cell_visitor_visit_hash_map_keys_and_values	Libraries/LibGC/Cell.h:157	ported
GC::Cell::Visitor::visit	luce-browser-foundation	gc	cell_visitor_visit_hash_table	Libraries/LibGC/Cell.h:143	stub
GC::Cell::Visitor::visit	luce-browser-foundation	gc	cell_visitor_visit_hash_table_nullable	Libraries/LibGC/Cell.h:143	ported
GC::Cell::Visitor::visit	luce-browser-foundation	gc	cell_visitor_visit_nan_boxed_value	Libraries/LibGC/Cell.cpp:12	stub
GC::Cell::Visitor::visit	luce-browser-foundation	gc	cell_visitor_visit_opaque	Libraries/LibGC/Cell.h:101	stub
GC::Cell::Visitor::visit	luce-browser-foundation	gc	cell_visitor_visit_opaque_2	Libraries/LibGC/Cell.h:150	stub
GC::Cell::Visitor::visit	luce-browser-foundation	gc	cell_visitor_visit_opaque_3	Libraries/LibGC/Cell.h:168	stub
GC::Cell::Visitor::visit	luce-browser-foundation	gc	cell_visitor_visit_opaque_4	Libraries/LibGC/Cell.h:179	stub
GC::Cell::Visitor::visit	luce-browser-foundation	gc	cell_visitor_visit_span	Libraries/LibGC/Cell.h:115	stub
GC::Cell::Visitor::visit	luce-browser-foundation	gc	cell_visitor_visit_span_nan_boxed_value	Libraries/LibGC/Cell.h:108	ported
GC::Cell::Visitor::visit	luce-browser-foundation	gc	cell_visitor_visit_t	Libraries/LibGC/Cell.h:88	stub
GC::Cell::Visitor::visit	luce-browser-foundation	gc	cell_visitor_visit_t_2	Libraries/LibGC/Cell.h:95	stub
GC::Cell::Visitor::visit	luce-browser-foundation	gc	cell_visitor_visit_vector	Libraries/LibGC/Cell.h:129	ported
GC::Cell::Visitor::visit	luce-browser-foundation	gc	cell_visitor_visit_vector_nan_boxed_value	Libraries/LibGC/Cell.h:136	ported
GC::Cell::Visitor::visit	luce-browser-foundation	gc	cell_visitor_visit_vector_nullable	Libraries/LibGC/Cell.h:129	ported
GC::Cell::Visitor::visit_impl	luce-browser-foundation	gc	cell_visitor_visit_impl_cell_impl	Libraries/LibGC/Cell.h:197	impl
GC::Cell::Visitor::visit_impl	luce-browser-foundation	gc	cell_visitor_visit_impl_span_nan_boxed_value_impl	Libraries/LibGC/Cell.h:198	impl
GC::Cell::Visitor::visit_impl [dispatch]	luce-browser-foundation	gc	cell_visitor_visit_impl_cell	Libraries/LibGC/Cell.h:64	dispatcher
GC::Cell::Visitor::visit_impl [dispatch]	luce-browser-foundation	gc	cell_visitor_visit_impl_span_nan_boxed_value	Libraries/LibGC/Cell.h:64	dispatcher
GC::Cell::Visitor::visit_possible_values	luce-browser-foundation	gc	cell_visitor_visit_possible_values_impl	Libraries/LibGC/Cell.h:194	impl
GC::Cell::Visitor::visit_possible_values [dispatch]	luce-browser-foundation	gc	cell_visitor_visit_possible_values	Libraries/LibGC/Cell.h:64	dispatcher
GC::Cell::class_name	luce-browser-foundation	gc	cell_class_name_impl	Libraries/LibGC/Cell.h:62	impl
GC::Cell::class_name [dispatch]	luce-browser-foundation	gc	cell_class_name	Libraries/LibGC/Cell.h:41	dispatcher
GC::Cell::finalize	luce-browser-foundation	gc	cell_finalize_impl	Libraries/LibGC/Cell.h:205	impl
GC::Cell::finalize [dispatch]	luce-browser-foundation	gc	cell_finalize	Libraries/LibGC/Cell.h:41	dispatcher
GC::Cell::heap	luce-browser-foundation	gc	cell_heap	Libraries/LibGC/Cell.h:212	stub
GC::Cell::is_marked	luce-browser-foundation	gc	cell_is_marked	Libraries/LibGC/Cell.h:51	stub
GC::Cell::must_survive_garbage_collection	luce-browser-foundation	gc	cell_must_survive_garbage_collection_impl	Libraries/LibGC/Cell.h:210	impl
GC::Cell::must_survive_garbage_collection [dispatch]	luce-browser-foundation	gc	cell_must_survive_garbage_collection	Libraries/LibGC/Cell.h:41	dispatcher
GC::Cell::set_marked	luce-browser-foundation	gc	cell_set_marked	Libraries/LibGC/Cell.h:52	stub
GC::Cell::set_state	luce-browser-foundation	gc	cell_set_state	Libraries/LibGC/Cell.h:60	stub
GC::Cell::state	luce-browser-foundation	gc	cell_state	Libraries/LibGC/Cell.h:59	stub
GC::Cell::visit_edges	luce-browser-foundation	gc	cell_visit_edges_impl	Libraries/LibGC/Cell.h:202	impl
GC::Cell::visit_edges [dispatch]	luce-browser-foundation	gc	cell_visit_edges	Libraries/LibGC/Cell.h:41	dispatcher
GC::CellAllocator	luce-browser-foundation	gc	CellAllocator	Libraries/LibGC/CellAllocator.h:32	struct
GC::CellAllocator [default member initializers]	luce-browser-foundation	gc	cell_allocator_init_fields	Libraries/LibGC/CellAllocator.h:32	init fields
GC::CellAllocator::CellAllocator	luce-browser-foundation	gc	cell_allocator_construct	Libraries/LibGC/CellAllocator.cpp:15	construct
GC::CellAllocator::allocate_cell	luce-browser-foundation	gc	cell_allocator_allocate_cell	Libraries/LibGC/CellAllocator.cpp:23	stub
GC::CellAllocator::block_allocator	luce-browser-foundation	gc	cell_allocator_block_allocator	Libraries/LibGC/CellAllocator.h:62	stub
GC::CellAllocator::block_did_become_empty	luce-browser-foundation	gc	cell_allocator_block_did_become_empty	Libraries/LibGC/CellAllocator.cpp:46	stub
GC::CellAllocator::block_did_become_usable	luce-browser-foundation	gc	cell_allocator_block_did_become_usable	Libraries/LibGC/CellAllocator.cpp:54	stub
GC::CellAllocator::cell_size	luce-browser-foundation	gc	cell_allocator_cell_size	Libraries/LibGC/CellAllocator.h:38	stub
GC::CellAllocator::class_name	luce-browser-foundation	gc	cell_allocator_class_name	Libraries/LibGC/CellAllocator.h:37	stub
GC::CellAllocator::for_each_block	luce-browser-foundation	gc	cell_allocator_for_each_block	Libraries/LibGC/CellAllocator.h:43	stub
GC::CellAllocator::max_block_address	luce-browser-foundation	gc	cell_allocator_max_block_address	Libraries/LibGC/CellAllocator.h:64	stub
GC::CellAllocator::min_block_address	luce-browser-foundation	gc	cell_allocator_min_block_address	Libraries/LibGC/CellAllocator.h:63	stub
GC::ConservativeVectorBase	luce-browser-foundation	gc	ConservativeVectorBase	Libraries/LibGC/ConservativeVector.h:15	struct
GC::ConservativeVectorBase::ConservativeVectorBase	luce-browser-foundation	gc	conservative_vector_base_construct	Libraries/LibGC/ConservativeVector.cpp:12	construct
GC::ConservativeVectorBase::possible_values	luce-browser-foundation	gc	conservative_vector_base_possible_values_impl	Libraries/LibGC/ConservativeVector.h:19	impl
GC::ConservativeVectorBase::possible_values [dispatch]	luce-browser-foundation	gc	conservative_vector_base_possible_values	Libraries/LibGC/ConservativeVector.h:15	dispatcher
GC::ConservativeVectorBase::~ConservativeVectorBase	luce-browser-foundation	gc	conservative_vector_base_destroy	Libraries/LibGC/ConservativeVector.cpp:18	destructor
GC::DeferGC	luce-browser-foundation	gc	DeferGc	Libraries/LibGC/DeferGC.h:13	struct
GC::DeferGC::DeferGC	luce-browser-foundation	gc	defer_gc_construct	Libraries/LibGC/DeferGC.h:15	construct
GC::DeferGC::~DeferGC	luce-browser-foundation	gc	defer_gc_destroy	Libraries/LibGC/DeferGC.h:21	destructor
GC::GraphConstructorVisitor	luce-browser-foundation	gc	GraphConstructorVisitor	Libraries/LibGC/Heap.cpp:129	struct
GC::GraphConstructorVisitor::GraphConstructorVisitor	luce-browser-foundation	gc	graph_constructor_visitor_construct	Libraries/LibGC/Heap.cpp:131	construct
GC::GraphConstructorVisitor::GraphNode	luce-browser-foundation	gc	GraphConstructorVisitorGraphNode	Libraries/LibGC/Heap.cpp:256	opaque
GC::GraphConstructorVisitor::dump	luce-browser-foundation	gc	graph_constructor_visitor_dump	Libraries/LibGC/Heap.cpp:199	stub
GC::GraphConstructorVisitor::visit_all_cells	luce-browser-foundation	gc	graph_constructor_visitor_visit_all_cells	Libraries/LibGC/Heap.cpp:188	stub
GC::GraphConstructorVisitor::visit_impl	luce-browser-foundation	gc	graph_constructor_visitor_visit_impl_cell_impl	Libraries/LibGC/Heap.cpp:150	impl
GC::GraphConstructorVisitor::visit_impl	luce-browser-foundation	gc	graph_constructor_visitor_visit_impl_span_nan_boxed_value_impl	Libraries/LibGC/Heap.cpp:161	impl
GC::GraphConstructorVisitor::visit_possible_values	luce-browser-foundation	gc	graph_constructor_visitor_visit_possible_values_impl	Libraries/LibGC/Heap.cpp:167	impl
GC::Heap	luce-browser-foundation	gc	Heap	Libraries/LibGC/Heap.h:36	struct
GC::Heap (Allocator view for atomic blobs)	luce-browser-foundation	gc	heap_atomic_allocator	-	addition
GC::Heap (blob allocation)	luce-browser-foundation	gc	heap_allocate_blob	-	addition
GC::Heap (blob resize)	luce-browser-foundation	gc	heap_resize_blob	-	addition
GC::Heap [default member initializers]	luce-browser-foundation	gc	heap_init_fields	Libraries/LibGC/Heap.h:36	init fields
GC::Heap::CollectionType	luce-browser-foundation	gc	HeapCollectionType	Libraries/LibGC/Heap.h:56	enum
GC::Heap::GC_MIN_BYTES_THRESHOLD	luce-browser-foundation	gc	heap_gc_min_bytes_threshold	Libraries/LibGC/Heap.h:158	variable
GC::Heap::Heap	luce-browser-foundation	gc	heap_construct	Libraries/LibGC/Heap.cpp:48	construct
GC::Heap::allocate_cell	luce-browser-foundation	gc	heap_allocate_cell	Libraries/LibGC/Heap.h:113	stub
GC::Heap::allocate_cell	luce-browser-foundation	gc	heap_allocate_cell_of_size	Libraries/LibGC/Heap.h:113	addition
GC::Heap::allocator_for_size	luce-browser-foundation	gc	heap_allocator_for_size	Libraries/LibGC/Heap.h:138	stub
GC::Heap::collect_garbage	luce-browser-foundation	gc	heap_collect_garbage	Libraries/LibGC/Heap.cpp:296	stub
GC::Heap::create_weak_impl	luce-browser-foundation	gc	heap_create_weak_impl	Libraries/LibGC/Heap.cpp:825	stub
GC::Heap::defer_gc	luce-browser-foundation	gc	heap_defer_gc	Libraries/LibGC/Heap.cpp:803	stub
GC::Heap::did_create_conservative_vector	luce-browser-foundation	gc	heap_did_create_conservative_vector	Libraries/LibGC/Heap.h:225	stub
GC::Heap::did_create_root	luce-browser-foundation	gc	heap_did_create_root	Libraries/LibGC/Heap.h:189	stub
GC::Heap::did_create_root_hash_map	luce-browser-foundation	gc	heap_did_create_root_hash_map	Libraries/LibGC/Heap.h:213	stub
GC::Heap::did_create_root_vector	luce-browser-foundation	gc	heap_did_create_root_vector	Libraries/LibGC/Heap.h:201	stub
GC::Heap::did_create_weak_container	luce-browser-foundation	gc	heap_did_create_weak_container	Libraries/LibGC/Heap.h:237	stub
GC::Heap::did_destroy_conservative_vector	luce-browser-foundation	gc	heap_did_destroy_conservative_vector	Libraries/LibGC/Heap.h:231	stub
GC::Heap::did_destroy_root	luce-browser-foundation	gc	heap_did_destroy_root	Libraries/LibGC/Heap.h:195	stub
GC::Heap::did_destroy_root_hash_map	luce-browser-foundation	gc	heap_did_destroy_root_hash_map	Libraries/LibGC/Heap.h:219	stub
GC::Heap::did_destroy_root_vector	luce-browser-foundation	gc	heap_did_destroy_root_vector	Libraries/LibGC/Heap.h:207	stub
GC::Heap::did_destroy_weak_container	luce-browser-foundation	gc	heap_did_destroy_weak_container	Libraries/LibGC/Heap.h:243	stub
GC::Heap::dump_allocators	luce-browser-foundation	gc	heap_dump_allocators	Libraries/LibGC/Heap.cpp:335	stub
GC::Heap::dump_graph	luce-browser-foundation	gc	heap_dump_graph	Libraries/LibGC/Heap.cpp:272	stub
GC::Heap::enqueue_post_gc_task	luce-browser-foundation	gc	heap_enqueue_post_gc_task	Libraries/LibGC/Heap.cpp:403	stub
GC::Heap::finalize_unmarked_cells	luce-browser-foundation	gc	heap_finalize_unmarked_cells	Libraries/LibGC/Heap.cpp:696	stub
GC::Heap::find_min_and_max_block_addresses	luce-browser-foundation	gc	heap_find_min_and_max_block_addresses	Libraries/LibGC/Heap.cpp:104	stub
GC::Heap::for_each_block	luce-browser-foundation	gc	heap_for_each_block	Libraries/LibGC/Heap.h:150	stub
GC::Heap::gather_asan_fake_stack_roots	luce-browser-foundation	gc	heap_gather_asan_fake_stack_roots	Libraries/LibGC/Heap.cpp:472	stub
GC::Heap::gather_conservative_roots	luce-browser-foundation	gc	heap_gather_conservative_roots	Libraries/LibGC/Heap.cpp:477	stub
GC::Heap::gather_roots	luce-browser-foundation	gc	heap_gather_roots	Libraries/LibGC/Heap.cpp:413	stub
GC::Heap::has_own_gc_allocator_marker	luce-browser-foundation	gc	heap_has_own_gc_allocator_marker	Libraries/LibGC/Heap.h:105	dropped
GC::Heap::is_gc_deferred	luce-browser-foundation	gc	heap_is_gc_deferred	Libraries/LibGC/Heap.h:88	stub
GC::Heap::mark_live_cells	luce-browser-foundation	gc	heap_mark_live_cells	Libraries/LibGC/Heap.cpp:683	stub
GC::Heap::register_cell_allocator	luce-browser-foundation	gc	heap_register_cell_allocator	Libraries/LibGC/Heap.h:249	stub
GC::Heap::register_sweep_callback	luce-browser-foundation	gc	heap_register_sweep_callback	Libraries/LibGC/Heap.cpp:408	stub
GC::Heap::run_post_gc_tasks	luce-browser-foundation	gc	heap_run_post_gc_tasks	Libraries/LibGC/Heap.cpp:328	stub
GC::Heap::set_should_collect_on_every_allocation	luce-browser-foundation	gc	heap_set_should_collect_on_every_allocation	Libraries/LibGC/Heap.h:65	stub
GC::Heap::should_collect_on_every_allocation	luce-browser-foundation	gc	heap_should_collect_on_every_allocation	Libraries/LibGC/Heap.h:64	stub
GC::Heap::sweep_dead_cells	luce-browser-foundation	gc	heap_sweep_dead_cells	Libraries/LibGC/Heap.cpp:725	stub
GC::Heap::sweep_weak_blocks	luce-browser-foundation	gc	heap_sweep_weak_blocks	Libraries/LibGC/Heap.cpp:709	stub
GC::Heap::the	luce-browser-foundation	gc	heap_the	Libraries/LibGC/Heap.cpp:43	stub
GC::Heap::undefer_gc	luce-browser-foundation	gc	heap_undefer_gc	Libraries/LibGC/Heap.cpp:808	stub
GC::Heap::uproot_cell	luce-browser-foundation	gc	heap_uproot_cell	Libraries/LibGC/Heap.cpp:820	stub
GC::Heap::will_allocate	luce-browser-foundation	gc	heap_will_allocate	Libraries/LibGC/Heap.cpp:67	stub
GC::Heap::~Heap	luce-browser-foundation	gc	heap_destroy	Libraries/LibGC/Heap.cpp:62	destructor
GC::HeapBlock	luce-browser-foundation	gc	HeapBlock	Libraries/LibGC/HeapBlock.h:23	struct
GC::HeapBlock::FreelistEntry	luce-browser-foundation	gc	HeapBlockFreelistEntry	Libraries/LibGC/HeapBlock.h:103	opaque
GC::HeapBlock::HeapBlock	luce-browser-foundation	gc	heap_block_construct	Libraries/LibGC/HeapBlock.cpp:28	construct
GC::HeapBlock::allocate	luce-browser-foundation	gc	heap_block_allocate	Libraries/LibGC/HeapBlock.h:35	stub
GC::HeapBlock::cell	luce-browser-foundation	gc	heap_block_cell	Libraries/LibGC/HeapBlock.h:109	stub
GC::HeapBlock::cell_allocator	luce-browser-foundation	gc	heap_block_cell_allocator	Libraries/LibGC/HeapBlock.h:93	stub
GC::HeapBlock::cell_count	luce-browser-foundation	gc	heap_block_cell_count	Libraries/LibGC/HeapBlock.h:32	stub
GC::HeapBlock::cell_from_possible_pointer	luce-browser-foundation	gc	heap_block_cell_from_possible_pointer	Libraries/LibGC/HeapBlock.h:75	stub
GC::HeapBlock::cell_size	luce-browser-foundation	gc	heap_block_cell_size	Libraries/LibGC/HeapBlock.h:31	stub
GC::HeapBlock::create_with_cell_size	luce-browser-foundation	gc	heap_block_create_with_cell_size	Libraries/LibGC/HeapBlock.cpp:20	stub
GC::HeapBlock::deallocate	luce-browser-foundation	gc	heap_block_deallocate	Libraries/LibGC/HeapBlock.cpp:39	stub
GC::HeapBlock::for_each_cell	luce-browser-foundation	gc	heap_block_for_each_cell	Libraries/LibGC/HeapBlock.h:54	stub
GC::HeapBlock::from_cell	luce-browser-foundation	gc	heap_block_from_cell	Libraries/LibGC/HeapBlock.h:70	stub
GC::HeapBlock::has_lazy_freelist	luce-browser-foundation	gc	heap_block_has_lazy_freelist	Libraries/LibGC/HeapBlock.h:101	stub
GC::HeapBlock::is_full	luce-browser-foundation	gc	heap_block_is_full	Libraries/LibGC/HeapBlock.h:33	stub
GC::HeapBlock::is_valid_cell_pointer	luce-browser-foundation	gc	heap_block_is_valid_cell_pointer	Libraries/LibGC/HeapBlock.h:86	stub
GC::HeapBlock::m_storage	luce-browser-foundation	gc	heap_block_storage	Libraries/LibGC/HeapBlock.h:120	ported
GC::HeapBlock::min_possible_cell_size	luce-browser-foundation	gc	heap_block_min_possible_cell_size	Libraries/LibGC/HeapBlock.h:125	variable
GC::HeapBlock::overrides_finalize	luce-browser-foundation	gc	heap_block_overrides_finalize	Libraries/LibGC/HeapBlock.h:96	stub
GC::HeapBlock::overrides_must_survive_garbage_collection	luce-browser-foundation	gc	heap_block_overrides_must_survive_garbage_collection	Libraries/LibGC/HeapBlock.h:95	stub
GC::HeapBlockBase	luce-browser-foundation	gc	HeapBlockBase	Libraries/LibGC/Internals.h:16	struct
GC::HeapBlockBase::BLOCK_SIZE	luce-browser-foundation	gc	heap_block_base_block_size	Libraries/LibGC/Internals.h:21	variable
GC::HeapBlockBase::HeapBlockBase	luce-browser-foundation	gc	heap_block_base_construct	Libraries/LibGC/Internals.h:30	construct
GC::HeapBlockBase::from_cell	luce-browser-foundation	gc	heap_block_base_from_cell	Libraries/LibGC/Internals.h:22	stub
GC::HeapBlockBase::heap	luce-browser-foundation	gc	heap_block_base_heap	Libraries/LibGC/Internals.h:27	stub
GC::HeapRoot	luce-browser-foundation	gc	HeapRoot	Libraries/LibGC/HeapRoot.h:15	struct
GC::HeapRoot::Type	luce-browser-foundation	gc	HeapRootType	Libraries/LibGC/HeapRoot.h:16	enum
GC::IS_CELL_BIT	luce-browser-foundation	gc	is_cell_bit	Libraries/LibGC/NanBoxedValue.h:46	variable
GC::IS_CELL_PATTERN	luce-browser-foundation	gc	is_cell_pattern	Libraries/LibGC/NanBoxedValue.h:53	variable
GC::MarkingVisitor	luce-browser-foundation	gc	MarkingVisitor	Libraries/LibGC/Heap.cpp:611	struct
GC::MarkingVisitor::MarkingVisitor	luce-browser-foundation	gc	marking_visitor_construct	Libraries/LibGC/Heap.cpp:613	construct
GC::MarkingVisitor::mark_all_live_cells	luce-browser-foundation	gc	marking_visitor_mark_all_live_cells	Libraries/LibGC/Heap.cpp:668	stub
GC::MarkingVisitor::visit_impl	luce-browser-foundation	gc	marking_visitor_visit_impl_cell_impl	Libraries/LibGC/Heap.cpp:623	impl
GC::MarkingVisitor::visit_impl	luce-browser-foundation	gc	marking_visitor_visit_impl_span_nan_boxed_value_impl	Libraries/LibGC/Heap.cpp:633	impl
GC::MarkingVisitor::visit_possible_values	luce-browser-foundation	gc	marking_visitor_visit_possible_values_impl	Libraries/LibGC/Heap.cpp:650	impl
GC::NEGATIVE_INFINITY_BITS	luce-browser-foundation	gc	negative_infinity_bits	Libraries/LibGC/NanBoxedValue.h:29	variable
GC::NanBoxedValue	luce-browser-foundation	gc	NanBoxedValue	Libraries/LibGC/NanBoxedValue.h:58	struct
GC::NanBoxedValue [default member initializers]	luce-browser-foundation	gc	nan_boxed_value_init_fields	Libraries/LibGC/NanBoxedValue.h:58	init fields
GC::NanBoxedValue::(anonymous union)	luce-browser-foundation	gc	NanBoxedValueUnion	Libraries/LibGC/NanBoxedValue.h:108	struct
GC::NanBoxedValue::(anonymous union)::(anonymous struct)	luce-browser-foundation	gc	NanBoxedValueUnionStruct	Libraries/LibGC/NanBoxedValue.h:110	struct
GC::NanBoxedValue::as_cell	luce-browser-foundation	gc	nan_boxed_value_as_cell	Libraries/LibGC/NanBoxedValue.h:90	stub
GC::NanBoxedValue::as_cell	luce-browser-foundation	gc	nan_boxed_value_as_cell_const	Libraries/LibGC/NanBoxedValue.h:96	stub
GC::NanBoxedValue::extract_pointer	luce-browser-foundation	gc	nan_boxed_value_extract_pointer	Libraries/LibGC/NanBoxedValue.h:84	stub
GC::NanBoxedValue::extract_pointer_bits	luce-browser-foundation	gc	nan_boxed_value_extract_pointer_bits	Libraries/LibGC/NanBoxedValue.h:62	stub
GC::NanBoxedValue::is_cell	luce-browser-foundation	gc	nan_boxed_value_is_cell	Libraries/LibGC/NanBoxedValue.h:60	stub
GC::NanBoxedValue::is_nan	luce-browser-foundation	gc	nan_boxed_value_is_nan	Libraries/LibGC/NanBoxedValue.h:102	stub
GC::POSITIVE_INFINITY_BITS	luce-browser-foundation	gc	positive_infinity_bits	Libraries/LibGC/NanBoxedValue.h:28	variable
GC::Root	luce-browser-foundation	gc	Root	Libraries/LibGC/Root.h:47	generic struct
GC::Root::cell	luce-browser-foundation	gc	root_cell	Libraries/LibGC/Root.h:79	ported
GC::Root::create	luce-browser-foundation	gc	root_create	Libraries/LibGC/Root.h:52	ported
GC::Root::is_null	luce-browser-foundation	gc	root_is_null	Libraries/LibGC/Root.h:91	ported
GC::Root::ptr	luce-browser-foundation	gc	root_ptr	Libraries/LibGC/Root.h:86	ported
GC::Root::~Root	luce-browser-foundation	gc	root_release	Libraries/LibGC/Root.h:47	destructor
GC::RootHashMapBase	luce-browser-foundation	gc	RootHashMapBase	Libraries/LibGC/RootHashMap.h:17	struct
GC::RootHashMapBase::RootHashMapBase	luce-browser-foundation	gc	root_hash_map_base_construct	Libraries/LibGC/RootHashMap.cpp:12	construct
GC::RootHashMapBase::assign_heap	luce-browser-foundation	gc	root_hash_map_base_assign_heap	Libraries/LibGC/RootHashMap.cpp:23	stub
GC::RootHashMapBase::gather_roots	luce-browser-foundation	gc	root_hash_map_base_gather_roots_impl	Libraries/LibGC/RootHashMap.h:19	impl
GC::RootHashMapBase::gather_roots [dispatch]	luce-browser-foundation	gc	root_hash_map_base_gather_roots	Libraries/LibGC/RootHashMap.h:17	dispatcher
GC::RootHashMapBase::~RootHashMapBase	luce-browser-foundation	gc	root_hash_map_base_destroy	Libraries/LibGC/RootHashMap.cpp:18	destructor
GC::RootImpl	luce-browser-foundation	gc	RootImpl	Libraries/LibGC/Root.h:19	struct
GC::RootImpl::RootImpl	luce-browser-foundation	gc	root_impl_construct	Libraries/LibGC/Root.cpp:13	construct
GC::RootImpl::cell	luce-browser-foundation	gc	root_impl_cell	Libraries/LibGC/Root.h:26	stub
GC::RootImpl::cell	luce-browser-foundation	gc	root_impl_cell_const	Libraries/LibGC/Root.h:27	stub
GC::RootImpl::source_location	luce-browser-foundation	gc	root_impl_source_location	Libraries/LibGC/Root.h:29	stub
GC::RootImpl::~RootImpl	luce-browser-foundation	gc	root_impl_destroy	Libraries/LibGC/Root.cpp:19	destructor
GC::RootVectorBase	luce-browser-foundation	gc	RootVectorBase	Libraries/LibGC/RootVector.h:19	struct
GC::RootVectorBase::RootVectorBase	luce-browser-foundation	gc	root_vector_base_construct	Libraries/LibGC/RootVector.cpp:13	construct
GC::RootVectorBase::assign_heap	luce-browser-foundation	gc	root_vector_base_assign_heap	Libraries/LibGC/RootVector.cpp:24	stub
GC::RootVectorBase::gather_roots	luce-browser-foundation	gc	root_vector_base_gather_roots_impl	Libraries/LibGC/RootVector.h:21	impl
GC::RootVectorBase::gather_roots [dispatch]	luce-browser-foundation	gc	root_vector_base_gather_roots	Libraries/LibGC/RootVector.h:19	dispatcher
GC::RootVectorBase::~RootVectorBase	luce-browser-foundation	gc	root_vector_base_destroy	Libraries/LibGC/RootVector.cpp:19	destructor
GC::SHIFTED_IS_CELL_PATTERN	luce-browser-foundation	gc	shifted_is_cell_pattern	Libraries/LibGC/NanBoxedValue.h:56	variable
GC::StackFrameInfo	luce-browser-foundation	gc	StackFrameInfo	Libraries/LibGC/Heap.h:31	struct
GC::TAG_EXTRACTION	luce-browser-foundation	gc	tag_extraction	Libraries/LibGC/NanBoxedValue.h:55	variable
GC::TAG_SHIFT	luce-browser-foundation	gc	tag_shift	Libraries/LibGC/NanBoxedValue.h:54	variable
GC::TypeIsolatingCellAllocator	luce-browser-foundation	gc	TypeIsolatingCellAllocator	Libraries/LibGC/CellAllocator.h:82	generic struct
GC::TypeIsolatingCellAllocator::TypeIsolatingCellAllocator<T>	luce-browser-foundation	gc	type_isolating_cell_allocator_construct	Libraries/LibGC/CellAllocator.h:86	construct
GC::Weak::Weak	luce-browser-foundation	gc	make_weak	Libraries/LibGC/WeakInlines.h:15	ported
GC::Weak::Weak	luce-browser-foundation	gc	weak_construct	Libraries/LibGC/WeakInlines.h:15	construct
GC::Weak::impl	luce-browser-foundation	gc	weak_impl	Libraries/LibGC/Weak.h:131	ported
GC::Weak::operator=	luce-browser-foundation	gc	weak_assign	Libraries/LibGC/WeakInlines.h:96	ported
GC::Weak::ptr	luce-browser-foundation	gc	weak_ptr	Libraries/LibGC/Weak.h:118	ported
GC::WeakBlock	luce-browser-foundation	gc	WeakBlock	Libraries/LibGC/WeakBlock.h:15	struct
GC::WeakBlock::BLOCK_SIZE	luce-browser-foundation	gc	weak_block_block_size	Libraries/LibGC/WeakBlock.h:17	variable
GC::WeakBlock::IMPL_COUNT	luce-browser-foundation	gc	weak_block_impl_count	Libraries/LibGC/WeakBlock.h:39	variable
GC::WeakBlock::WeakBlock	luce-browser-foundation	gc	weak_block_construct	Libraries/LibGC/WeakBlock.cpp:32	construct
GC::WeakBlock::allocate	luce-browser-foundation	gc	weak_block_allocate	Libraries/LibGC/WeakBlock.cpp:43	stub
GC::WeakBlock::can_allocate	luce-browser-foundation	gc	weak_block_can_allocate	Libraries/LibGC/WeakBlock.h:24	stub
GC::WeakBlock::create	luce-browser-foundation	gc	weak_block_create	Libraries/LibGC/WeakBlock.cpp:20	stub
GC::WeakBlock::deallocate	luce-browser-foundation	gc	weak_block_deallocate	Libraries/LibGC/WeakBlock.cpp:55	stub
GC::WeakBlock::sweep	luce-browser-foundation	gc	weak_block_sweep	Libraries/LibGC/WeakBlock.cpp:63	stub
GC::WeakContainer	luce-browser-foundation	gc	WeakContainer	Libraries/LibGC/WeakContainer.h:14	struct
GC::WeakContainer [default member initializers]	luce-browser-foundation	gc	weak_container_init_fields	Libraries/LibGC/WeakContainer.h:14	init fields
GC::WeakContainer::WeakContainer	luce-browser-foundation	gc	weak_container_construct	Libraries/LibGC/WeakContainer.cpp:12	construct
GC::WeakContainer::deregister	luce-browser-foundation	gc	weak_container_deregister	Libraries/LibGC/WeakContainer.cpp:23	stub
GC::WeakContainer::remove_dead_cells	luce-browser-foundation	gc	weak_container_remove_dead_cells_impl	Libraries/LibGC/WeakContainer.h:19	impl
GC::WeakContainer::remove_dead_cells [dispatch]	luce-browser-foundation	gc	weak_container_remove_dead_cells	Libraries/LibGC/WeakContainer.h:14	dispatcher
GC::WeakContainer::~WeakContainer	luce-browser-foundation	gc	weak_container_destroy	Libraries/LibGC/WeakContainer.cpp:18	destructor
GC::WeakHashSet	luce-browser-foundation	gc	WeakHashSet	Libraries/LibGC/WeakHashSet.h:15	generic struct
GC::WeakHashSet::ConstIterator	luce-browser-foundation	gc	ConstIterator	Libraries/LibGC/WeakHashSet.h:98	opaque
GC::WeakHashSet::InternalTraits	luce-browser-foundation	gc	WeakHashSetInternalTraits	Libraries/LibGC/WeakHashSet.h:16	generic struct
GC::WeakHashSet::Iterator	luce-browser-foundation	gc	Iterator	Libraries/LibGC/WeakHashSet.h:61	opaque
GC::WeakHashSet::Iterator	luce-browser-foundation	gc	WeakHashSetIterator	Libraries/LibGC/WeakHashSet.h:61	generic struct
GC::WeakHashSet::begin	luce-browser-foundation	gc	weak_hash_set_begin	Libraries/LibGC/WeakHashSet.h:135	stub
GC::WeakHashSet::begin	luce-browser-foundation	gc	weak_hash_set_begin_const	Libraries/LibGC/WeakHashSet.h:138	stub
GC::WeakHashSet::begin/end	luce-browser-foundation	gc	WeakHashSetValues	Libraries/LibGC/WeakHashSet.h:135	generic struct
GC::WeakHashSet::clear	luce-browser-foundation	gc	weak_hash_set_clear	Libraries/LibGC/WeakHashSet.h:59	stub
GC::WeakHashSet::contains	luce-browser-foundation	gc	weak_hash_set_contains	Libraries/LibGC/WeakHashSet.h:44	stub
GC::WeakHashSet::end	luce-browser-foundation	gc	weak_hash_set_end	Libraries/LibGC/WeakHashSet.h:136	dropped
GC::WeakHashSet::end	luce-browser-foundation	gc	weak_hash_set_end_const	Libraries/LibGC/WeakHashSet.h:139	dropped
GC::WeakHashSet::is_empty	luce-browser-foundation	gc	weak_hash_set_is_empty	Libraries/LibGC/WeakHashSet.h:50	stub
GC::WeakHashSet::maybe_prune	luce-browser-foundation	gc	weak_hash_set_maybe_prune	Libraries/LibGC/WeakHashSet.h:142	stub
GC::WeakHashSet::remove	luce-browser-foundation	gc	weak_hash_set_remove	Libraries/LibGC/WeakHashSet.h:34	stub
GC::WeakHashSet::set	luce-browser-foundation	gc	weak_hash_set_set	Libraries/LibGC/WeakHashSet.h:28	stub
GC::WeakImpl	luce-browser-foundation	gc	WeakImpl	Libraries/LibGC/Weak.h:18	struct
GC::WeakImpl::State	luce-browser-foundation	gc	WeakImplState	Libraries/LibGC/Weak.h:44	enum
GC::WeakImpl::WeakImpl	luce-browser-foundation	gc	weak_impl_construct	Libraries/LibGC/Weak.h:24	construct
GC::WeakImpl::operator!=	luce-browser-foundation	gc	weak_impl_ne	Libraries/LibGC/Weak.h:33	stub
GC::WeakImpl::operator==	luce-browser-foundation	gc	weak_impl_eq	Libraries/LibGC/Weak.h:32	stub
GC::WeakImpl::ptr	luce-browser-foundation	gc	weak_impl_ptr	Libraries/LibGC/Weak.h:29	stub
GC::WeakImpl::ref	luce-browser-foundation	gc	weak_impl_ref	Libraries/LibGC/Weak.h:35	dropped
GC::WeakImpl::ref_count	luce-browser-foundation	gc	weak_impl_ref_count	Libraries/LibGC/Weak.h:42	dropped
GC::WeakImpl::set_ptr	luce-browser-foundation	gc	weak_impl_set_ptr	Libraries/LibGC/Weak.h:30	stub
GC::WeakImpl::set_state	luce-browser-foundation	gc	weak_impl_set_state	Libraries/LibGC/Weak.h:49	stub
GC::WeakImpl::state	luce-browser-foundation	gc	weak_impl_state	Libraries/LibGC/Weak.h:50	stub
GC::WeakImpl::the_null_weak_impl	luce-browser-foundation	gc	weak_impl_the_null_weak_impl	Libraries/LibGC/Weak.h:21	variable
GC::WeakImpl::unref	luce-browser-foundation	gc	weak_impl_unref	Libraries/LibGC/Weak.h:36	dropped
GC::add_possible_value	luce-browser-foundation	gc	add_possible_value	Libraries/LibGC/Heap.cpp:80	stub
GC::create_function	luce-browser-foundation	gc	create_function0	Libraries/LibGC/Function.h:46	ported
GC::create_function	luce-browser-foundation	gc	create_function1	Libraries/LibGC/Function.h:46	ported
GC::create_function	luce-browser-foundation	gc	create_function2	Libraries/LibGC/Function.h:46	ported
GC::create_function	luce-browser-foundation	gc	create_function3	Libraries/LibGC/Function.h:46	ported
GC::create_function	luce-browser-foundation	gc	create_function4	Libraries/LibGC/Function.h:46	ported
GC::create_function	luce-browser-foundation	gc	create_function5	Libraries/LibGC/Function.h:46	ported
GC::create_function	luce-browser-foundation	gc	create_function6	Libraries/LibGC/Function.h:46	ported
GC::create_function	luce-browser-foundation	gc	create_function7	Libraries/LibGC/Function.h:46	ported
GC::create_function	luce-browser-foundation	gc	create_function8	Libraries/LibGC/Function.h:46	ported
GC::for_each_cell_among_possible_pointers	luce-browser-foundation	gc	for_each_cell_among_possible_pointers	Libraries/LibGC/Heap.cpp:115	stub
GC::make_root	luce-browser-foundation	gc	make_root	Libraries/LibGC/Root.h:136	stub
GC::make_root	luce-browser-foundation	gc	make_root_2	Libraries/LibGC/Root.h:144	stub
GC::make_root	luce-browser-foundation	gc	make_root_3	Libraries/LibGC/Root.h:150	stub
GC::make_root	luce-browser-foundation	gc	make_root_4	Libraries/LibGC/Root.h:158	stub
GC::operator!=	luce-browser-foundation	gc	ne	Libraries/LibGC/Root.h:130	stub
GC::operator==	luce-browser-foundation	gc	eq_t_t	Libraries/LibGC/Root.h:124	stub
GC::operator==	luce-browser-foundation	gc	eq_t_u	Libraries/LibGC/Ptr.h:208	stub
GC::operator==	luce-browser-foundation	gc	eq_t_u_2	Libraries/LibGC/Ptr.h:214	stub
GC::operator==	luce-browser-foundation	gc	eq_t_u_3	Libraries/LibGC/Ptr.h:220	stub
GC::operator==	luce-browser-foundation	gc	eq_t_u_4	Libraries/LibGC/Ptr.h:226	stub
GC::operator==	luce-browser-foundation	gc	eq_weak_u	Libraries/LibGC/Weak.h:163	stub
GC::operator==	luce-browser-foundation	gc	eq_weak_u_2	Libraries/LibGC/Weak.h:169	stub
GC::s_the	luce-browser-foundation	gc	s_the	Libraries/LibGC/Heap.cpp:41	variable
GC::weak_callback	luce-browser-foundation	gc	weak_callback	Libraries/LibGC/Weak.h:154	stub
GC::weak_callback::(lambda)	luce-browser-foundation	gc	WeakCallback	Libraries/LibGC/Weak.h:154	struct
GC::weak_callback::(lambda)::operator()	luce-browser-foundation	gc	weak_callback_call	Libraries/LibGC/Weak.h:154	ported
GiB	luce-browser-foundation	ak	gi_b	AK/Types.h:148	variable
KiB	luce-browser-foundation	ak	ki_b	AK/Types.h:146	variable
MiB	luce-browser-foundation	ak	mi_b	AK/Types.h:147	variable
PiB	luce-browser-foundation	ak	pi_b	AK/Types.h:150	variable
ResolvedPropertyKind	luce-browser-foundation	web_unicode	ResolvedPropertyKind	Libraries/LibUnicode/CharacterTypes.cpp:641	enum
TODO	luce-browser-foundation	ak	todo	AK/Assertions.h:22	variable
TextCodec::(anonymous)::s_big5_decoder	luce-browser-foundation	text_codec	s_big5_decoder	Libraries/LibTextCodec/Decoder.cpp:32	variable
TextCodec::(anonymous)::s_big5_encoder	luce-browser-foundation	text_codec	s_big5_encoder	Libraries/LibTextCodec/Encoder.cpp:21	variable
TextCodec::(anonymous)::s_centraleurope_decoder	luce-browser-foundation	text_codec	s_centraleurope_decoder	Libraries/LibTextCodec/Decoder.cpp:54	variable
TextCodec::(anonymous)::s_centraleurope_encoder	luce-browser-foundation	text_codec	s_centraleurope_encoder	Libraries/LibTextCodec/Encoder.cpp:42	variable
TextCodec::(anonymous)::s_cyrillic_decoder	luce-browser-foundation	text_codec	s_cyrillic_decoder	Libraries/LibTextCodec/Decoder.cpp:55	variable
TextCodec::(anonymous)::s_cyrillic_encoder	luce-browser-foundation	text_codec	s_cyrillic_encoder	Libraries/LibTextCodec/Encoder.cpp:43	variable
TextCodec::(anonymous)::s_euc_jp_decoder	luce-browser-foundation	text_codec	s_euc_jp_decoder	Libraries/LibTextCodec/Decoder.cpp:33	variable
TextCodec::(anonymous)::s_euc_jp_encoder	luce-browser-foundation	text_codec	s_euc_jp_encoder	Libraries/LibTextCodec/Encoder.cpp:22	variable
TextCodec::(anonymous)::s_euc_kr_decoder	luce-browser-foundation	text_codec	s_euc_kr_decoder	Libraries/LibTextCodec/Decoder.cpp:36	variable
TextCodec::(anonymous)::s_euc_kr_encoder	luce-browser-foundation	text_codec	s_euc_kr_encoder	Libraries/LibTextCodec/Encoder.cpp:25	variable
TextCodec::(anonymous)::s_gb18030_decoder	luce-browser-foundation	text_codec	s_gb18030_decoder	Libraries/LibTextCodec/Decoder.cpp:31	variable
TextCodec::(anonymous)::s_gb18030_encoder	luce-browser-foundation	text_codec	s_gb18030_encoder	Libraries/LibTextCodec/Encoder.cpp:19	variable
TextCodec::(anonymous)::s_gbk_encoder	luce-browser-foundation	text_codec	s_gbk_encoder	Libraries/LibTextCodec/Encoder.cpp:20	variable
TextCodec::(anonymous)::s_hebrew_decoder	luce-browser-foundation	text_codec	s_hebrew_decoder	Libraries/LibTextCodec/Decoder.cpp:56	variable
TextCodec::(anonymous)::s_hebrew_encoder	luce-browser-foundation	text_codec	s_hebrew_encoder	Libraries/LibTextCodec/Encoder.cpp:44	variable
TextCodec::(anonymous)::s_ibm866_decoder	luce-browser-foundation	text_codec	s_ibm866_decoder	Libraries/LibTextCodec/Decoder.cpp:41	variable
TextCodec::(anonymous)::s_ibm866_encoder	luce-browser-foundation	text_codec	s_ibm866_encoder	Libraries/LibTextCodec/Encoder.cpp:29	variable
TextCodec::(anonymous)::s_iso_2022_jp_decoder	luce-browser-foundation	text_codec	s_iso_2022_jp_decoder	Libraries/LibTextCodec/Decoder.cpp:34	variable
TextCodec::(anonymous)::s_iso_2022_jp_encoder	luce-browser-foundation	text_codec	s_iso_2022_jp_encoder	Libraries/LibTextCodec/Encoder.cpp:23	variable
TextCodec::(anonymous)::s_koi8r_decoder	luce-browser-foundation	text_codec	s_koi8r_decoder	Libraries/LibTextCodec/Decoder.cpp:57	variable
TextCodec::(anonymous)::s_koi8r_encoder	luce-browser-foundation	text_codec	s_koi8r_encoder	Libraries/LibTextCodec/Encoder.cpp:45	variable
TextCodec::(anonymous)::s_koi8u_decoder	luce-browser-foundation	text_codec	s_koi8u_decoder	Libraries/LibTextCodec/Decoder.cpp:58	variable
TextCodec::(anonymous)::s_koi8u_encoder	luce-browser-foundation	text_codec	s_koi8u_encoder	Libraries/LibTextCodec/Encoder.cpp:46	variable
TextCodec::(anonymous)::s_latin10_decoder	luce-browser-foundation	text_codec	s_latin10_decoder	Libraries/LibTextCodec/Decoder.cpp:53	variable
TextCodec::(anonymous)::s_latin10_encoder	luce-browser-foundation	text_codec	s_latin10_encoder	Libraries/LibTextCodec/Encoder.cpp:41	variable
TextCodec::(anonymous)::s_latin1_decoder	luce-browser-foundation	text_codec	s_latin1_decoder	Libraries/LibTextCodec/Decoder.cpp:25	variable
TextCodec::(anonymous)::s_latin2_decoder	luce-browser-foundation	text_codec	s_latin2_decoder	Libraries/LibTextCodec/Decoder.cpp:42	variable
TextCodec::(anonymous)::s_latin2_encoder	luce-browser-foundation	text_codec	s_latin2_encoder	Libraries/LibTextCodec/Encoder.cpp:30	variable
TextCodec::(anonymous)::s_latin3_decoder	luce-browser-foundation	text_codec	s_latin3_decoder	Libraries/LibTextCodec/Decoder.cpp:43	variable
TextCodec::(anonymous)::s_latin3_encoder	luce-browser-foundation	text_codec	s_latin3_encoder	Libraries/LibTextCodec/Encoder.cpp:31	variable
TextCodec::(anonymous)::s_latin4_decoder	luce-browser-foundation	text_codec	s_latin4_decoder	Libraries/LibTextCodec/Decoder.cpp:44	variable
TextCodec::(anonymous)::s_latin4_encoder	luce-browser-foundation	text_codec	s_latin4_encoder	Libraries/LibTextCodec/Encoder.cpp:32	variable
TextCodec::(anonymous)::s_latin6_decoder	luce-browser-foundation	text_codec	s_latin6_decoder	Libraries/LibTextCodec/Decoder.cpp:49	variable
TextCodec::(anonymous)::s_latin6_encoder	luce-browser-foundation	text_codec	s_latin6_encoder	Libraries/LibTextCodec/Encoder.cpp:37	variable
TextCodec::(anonymous)::s_latin7_decoder	luce-browser-foundation	text_codec	s_latin7_decoder	Libraries/LibTextCodec/Decoder.cpp:50	variable
TextCodec::(anonymous)::s_latin7_encoder	luce-browser-foundation	text_codec	s_latin7_encoder	Libraries/LibTextCodec/Encoder.cpp:38	variable
TextCodec::(anonymous)::s_latin8_decoder	luce-browser-foundation	text_codec	s_latin8_decoder	Libraries/LibTextCodec/Decoder.cpp:51	variable
TextCodec::(anonymous)::s_latin8_encoder	luce-browser-foundation	text_codec	s_latin8_encoder	Libraries/LibTextCodec/Encoder.cpp:39	variable
TextCodec::(anonymous)::s_latin9_decoder	luce-browser-foundation	text_codec	s_latin9_decoder	Libraries/LibTextCodec/Decoder.cpp:52	variable
TextCodec::(anonymous)::s_latin9_encoder	luce-browser-foundation	text_codec	s_latin9_encoder	Libraries/LibTextCodec/Encoder.cpp:40	variable
TextCodec::(anonymous)::s_latin_arabic_decoder	luce-browser-foundation	text_codec	s_latin_arabic_decoder	Libraries/LibTextCodec/Decoder.cpp:46	variable
TextCodec::(anonymous)::s_latin_arabic_encoder	luce-browser-foundation	text_codec	s_latin_arabic_encoder	Libraries/LibTextCodec/Encoder.cpp:34	variable
TextCodec::(anonymous)::s_latin_cyrillic_decoder	luce-browser-foundation	text_codec	s_latin_cyrillic_decoder	Libraries/LibTextCodec/Decoder.cpp:45	variable
TextCodec::(anonymous)::s_latin_cyrillic_encoder	luce-browser-foundation	text_codec	s_latin_cyrillic_encoder	Libraries/LibTextCodec/Encoder.cpp:33	variable
TextCodec::(anonymous)::s_latin_greek_decoder	luce-browser-foundation	text_codec	s_latin_greek_decoder	Libraries/LibTextCodec/Decoder.cpp:47	variable
TextCodec::(anonymous)::s_latin_greek_encoder	luce-browser-foundation	text_codec	s_latin_greek_encoder	Libraries/LibTextCodec/Encoder.cpp:35	variable
TextCodec::(anonymous)::s_latin_hebrew_decoder	luce-browser-foundation	text_codec	s_latin_hebrew_decoder	Libraries/LibTextCodec/Decoder.cpp:48	variable
TextCodec::(anonymous)::s_latin_hebrew_encoder	luce-browser-foundation	text_codec	s_latin_hebrew_encoder	Libraries/LibTextCodec/Encoder.cpp:36	variable
TextCodec::(anonymous)::s_mac_cyrillic_decoder	luce-browser-foundation	text_codec	s_mac_cyrillic_decoder	Libraries/LibTextCodec/Decoder.cpp:67	variable
TextCodec::(anonymous)::s_mac_cyrillic_encoder	luce-browser-foundation	text_codec	s_mac_cyrillic_encoder	Libraries/LibTextCodec/Encoder.cpp:55	variable
TextCodec::(anonymous)::s_mac_roman_decoder	luce-browser-foundation	text_codec	s_mac_roman_decoder	Libraries/LibTextCodec/Decoder.cpp:59	variable
TextCodec::(anonymous)::s_mac_roman_encoder	luce-browser-foundation	text_codec	s_mac_roman_encoder	Libraries/LibTextCodec/Encoder.cpp:47	variable
TextCodec::(anonymous)::s_pdf_doc_encoding_decoder	luce-browser-foundation	text_codec	s_pdf_doc_encoding_decoder	Libraries/LibTextCodec/Decoder.cpp:29	variable
TextCodec::(anonymous)::s_replacement_decoder	luce-browser-foundation	text_codec	s_replacement_decoder	Libraries/LibTextCodec/Decoder.cpp:37	variable
TextCodec::(anonymous)::s_shift_jis_decoder	luce-browser-foundation	text_codec	s_shift_jis_decoder	Libraries/LibTextCodec/Decoder.cpp:35	variable
TextCodec::(anonymous)::s_shift_jis_encoder	luce-browser-foundation	text_codec	s_shift_jis_encoder	Libraries/LibTextCodec/Encoder.cpp:24	variable
TextCodec::(anonymous)::s_turkish_decoder	luce-browser-foundation	text_codec	s_turkish_decoder	Libraries/LibTextCodec/Decoder.cpp:63	variable
TextCodec::(anonymous)::s_turkish_encoder	luce-browser-foundation	text_codec	s_turkish_encoder	Libraries/LibTextCodec/Encoder.cpp:51	variable
TextCodec::(anonymous)::s_utf16be_decoder	luce-browser-foundation	text_codec	s_utf16be_decoder	Libraries/LibTextCodec/Decoder.cpp:27	variable
TextCodec::(anonymous)::s_utf16le_decoder	luce-browser-foundation	text_codec	s_utf16le_decoder	Libraries/LibTextCodec/Decoder.cpp:28	variable
TextCodec::(anonymous)::s_utf8_decoder	luce-browser-foundation	text_codec	s_utf8_decoder	Libraries/LibTextCodec/Decoder.cpp:26	variable
TextCodec::(anonymous)::s_utf8_encoder	luce-browser-foundation	text_codec	s_utf8_encoder	Libraries/LibTextCodec/Encoder.cpp:18	variable
TextCodec::(anonymous)::s_windows1252_decoder	luce-browser-foundation	text_codec	s_windows1252_decoder	Libraries/LibTextCodec/Decoder.cpp:61	variable
TextCodec::(anonymous)::s_windows1252_encoder	luce-browser-foundation	text_codec	s_windows1252_encoder	Libraries/LibTextCodec/Encoder.cpp:49	variable
TextCodec::(anonymous)::s_windows1253_decoder	luce-browser-foundation	text_codec	s_windows1253_decoder	Libraries/LibTextCodec/Decoder.cpp:62	variable
TextCodec::(anonymous)::s_windows1253_encoder	luce-browser-foundation	text_codec	s_windows1253_encoder	Libraries/LibTextCodec/Encoder.cpp:50	variable
TextCodec::(anonymous)::s_windows1256_decoder	luce-browser-foundation	text_codec	s_windows1256_decoder	Libraries/LibTextCodec/Decoder.cpp:64	variable
TextCodec::(anonymous)::s_windows1256_encoder	luce-browser-foundation	text_codec	s_windows1256_encoder	Libraries/LibTextCodec/Encoder.cpp:52	variable
TextCodec::(anonymous)::s_windows1257_decoder	luce-browser-foundation	text_codec	s_windows1257_decoder	Libraries/LibTextCodec/Decoder.cpp:65	variable
TextCodec::(anonymous)::s_windows1257_encoder	luce-browser-foundation	text_codec	s_windows1257_encoder	Libraries/LibTextCodec/Encoder.cpp:53	variable
TextCodec::(anonymous)::s_windows1258_decoder	luce-browser-foundation	text_codec	s_windows1258_decoder	Libraries/LibTextCodec/Decoder.cpp:66	variable
TextCodec::(anonymous)::s_windows1258_encoder	luce-browser-foundation	text_codec	s_windows1258_encoder	Libraries/LibTextCodec/Encoder.cpp:54	variable
TextCodec::(anonymous)::s_windows874_decoder	luce-browser-foundation	text_codec	s_windows874_decoder	Libraries/LibTextCodec/Decoder.cpp:60	variable
TextCodec::(anonymous)::s_windows874_encoder	luce-browser-foundation	text_codec	s_windows874_encoder	Libraries/LibTextCodec/Encoder.cpp:48	variable
TextCodec::(anonymous)::s_x_user_defined_decoder	luce-browser-foundation	text_codec	s_x_user_defined_decoder	Libraries/LibTextCodec/Decoder.cpp:30	variable
TextCodec::Big5Decoder	luce-browser-foundation	text_codec	Big5Decoder	Libraries/LibTextCodec/Decoder.h:101	struct
TextCodec::Big5Decoder::incomplete_tail_length	luce-browser-foundation	text_codec	big5_decoder_incomplete_tail_length_impl	Libraries/LibTextCodec/Decoder.cpp:495	impl
TextCodec::Big5Decoder::process	luce-browser-foundation	text_codec	big5_decoder_process_impl	Libraries/LibTextCodec/Decoder.cpp:1047	impl
TextCodec::Big5Encoder	luce-browser-foundation	text_codec	Big5Encoder	Libraries/LibTextCodec/Encoder.h:58	struct
TextCodec::Big5Encoder::process	luce-browser-foundation	text_codec	big5_encoder_process_impl	Libraries/LibTextCodec/Encoder.cpp:491	impl
TextCodec::Decoder	luce-browser-foundation	text_codec	Decoder	Libraries/LibTextCodec/Decoder.h:21	struct
TextCodec::Decoder::incomplete_tail_length	luce-browser-foundation	text_codec	decoder_incomplete_tail_length_impl	Libraries/LibTextCodec/Decoder.h:28	impl
TextCodec::Decoder::incomplete_tail_length [dispatch]	luce-browser-foundation	text_codec	decoder_incomplete_tail_length	Libraries/LibTextCodec/Decoder.h:21	dispatcher
TextCodec::Decoder::process	luce-browser-foundation	text_codec	decoder_process_impl	Libraries/LibTextCodec/Decoder.h:32	impl
TextCodec::Decoder::process [dispatch]	luce-browser-foundation	text_codec	decoder_process	Libraries/LibTextCodec/Decoder.h:21	dispatcher
TextCodec::Decoder::to_utf8	luce-browser-foundation	text_codec	decoder_to_utf8_impl	Libraries/LibTextCodec/Decoder.cpp:350	impl
TextCodec::Decoder::to_utf8 [dispatch]	luce-browser-foundation	text_codec	decoder_to_utf8	Libraries/LibTextCodec/Decoder.h:21	dispatcher
TextCodec::Decoder::validate	luce-browser-foundation	text_codec	decoder_validate_impl	Libraries/LibTextCodec/Decoder.cpp:339	impl
TextCodec::Decoder::validate [dispatch]	luce-browser-foundation	text_codec	decoder_validate	Libraries/LibTextCodec/Decoder.h:21	dispatcher
TextCodec::EUCJPDecoder	luce-browser-foundation	text_codec	EucjpDecoder	Libraries/LibTextCodec/Decoder.h:107	struct
TextCodec::EUCJPDecoder::incomplete_tail_length	luce-browser-foundation	text_codec	eucjp_decoder_incomplete_tail_length_impl	Libraries/LibTextCodec/Decoder.cpp:531	impl
TextCodec::EUCJPDecoder::process	luce-browser-foundation	text_codec	eucjp_decoder_process_impl	Libraries/LibTextCodec/Decoder.cpp:1139	impl
TextCodec::EUCJPEncoder	luce-browser-foundation	text_codec	EucjpEncoder	Libraries/LibTextCodec/Encoder.h:29	struct
TextCodec::EUCJPEncoder::process	luce-browser-foundation	text_codec	eucjp_encoder_process_impl	Libraries/LibTextCodec/Encoder.cpp:151	impl
TextCodec::EUCKRDecoder	luce-browser-foundation	text_codec	EuckrDecoder	Libraries/LibTextCodec/Decoder.h:125	struct
TextCodec::EUCKRDecoder::incomplete_tail_length	luce-browser-foundation	text_codec	euckr_decoder_incomplete_tail_length_impl	Libraries/LibTextCodec/Decoder.cpp:627	impl
TextCodec::EUCKRDecoder::process	luce-browser-foundation	text_codec	euckr_decoder_process_impl	Libraries/LibTextCodec/Decoder.cpp:1559	impl
TextCodec::EUCKREncoder	luce-browser-foundation	text_codec	EuckrEncoder	Libraries/LibTextCodec/Encoder.h:53	struct
TextCodec::EUCKREncoder::process	luce-browser-foundation	text_codec	euckr_encoder_process_impl	Libraries/LibTextCodec/Encoder.cpp:430	impl
TextCodec::Encoder	luce-browser-foundation	text_codec	Encoder	Libraries/LibTextCodec/Encoder.h:16	struct
TextCodec::Encoder::process	luce-browser-foundation	text_codec	encoder_process_impl	Libraries/LibTextCodec/Encoder.h:18	impl
TextCodec::Encoder::process [dispatch]	luce-browser-foundation	text_codec	encoder_process	Libraries/LibTextCodec/Encoder.h:16	dispatcher
TextCodec::GB18030Decoder	luce-browser-foundation	text_codec	Gb18030Decoder	Libraries/LibTextCodec/Decoder.h:95	struct
TextCodec::GB18030Decoder::incomplete_tail_length	luce-browser-foundation	text_codec	gb18030_decoder_incomplete_tail_length_impl	Libraries/LibTextCodec/Decoder.cpp:436	impl
TextCodec::GB18030Decoder::process	luce-browser-foundation	text_codec	gb18030_decoder_process_impl	Libraries/LibTextCodec/Decoder.cpp:909	impl
TextCodec::GB18030Encoder	luce-browser-foundation	text_codec	Gb18030Encoder	Libraries/LibTextCodec/Encoder.h:63	struct
TextCodec::GB18030Encoder [default member initializers]	luce-browser-foundation	text_codec	gb18030_encoder_init_fields	Libraries/LibTextCodec/Encoder.h:63	init fields
TextCodec::GB18030Encoder::GB18030Encoder	luce-browser-foundation	text_codec	gb18030_encoder_construct	Libraries/LibTextCodec/Encoder.cpp:550	construct
TextCodec::GB18030Encoder::IsGBK	luce-browser-foundation	text_codec	Gb18030EncoderIsGbk	Libraries/LibTextCodec/Encoder.h:65	enum
TextCodec::GB18030Encoder::process	luce-browser-foundation	text_codec	gb18030_encoder_process_impl	Libraries/LibTextCodec/Encoder.cpp:556	impl
TextCodec::Gb18030RangeEntry	luce-browser-foundation	text_codec	Gb18030RangeEntry	Build/Libraries/LibTextCodec/LookupTables.h:8	struct
TextCodec::ISO2022JPDecoder	luce-browser-foundation	text_codec	Iso2022JpDecoder	Libraries/LibTextCodec/Decoder.h:113	struct
TextCodec::ISO2022JPDecoder::incomplete_tail_length	luce-browser-foundation	text_codec	iso2022_jp_decoder_incomplete_tail_length_impl	Libraries/LibTextCodec/Decoder.cpp:653	impl
TextCodec::ISO2022JPDecoder::process	luce-browser-foundation	text_codec	iso2022_jp_decoder_process_impl	Libraries/LibTextCodec/Decoder.cpp:1235	impl
TextCodec::ISO2022JPEncoder	luce-browser-foundation	text_codec	Iso2022JpEncoder	Libraries/LibTextCodec/Encoder.h:34	struct
TextCodec::ISO2022JPEncoder::State	luce-browser-foundation	text_codec	Iso2022JpEncoderState	Libraries/LibTextCodec/Encoder.h:39	enum
TextCodec::ISO2022JPEncoder::process	luce-browser-foundation	text_codec	iso2022_jp_encoder_process_impl	Libraries/LibTextCodec/Encoder.cpp:315	impl
TextCodec::ISO2022JPEncoder::process_item	luce-browser-foundation	text_codec	iso2022_jp_encoder_process_item	Libraries/LibTextCodec/Encoder.cpp:209	stub
TextCodec::ISO2022JPState	luce-browser-foundation	text_codec	Iso2022JpState	Libraries/LibTextCodec/Decoder.cpp:1224	enum
TextCodec::Latin1Decoder	luce-browser-foundation	text_codec	Latin1Decoder	Libraries/LibTextCodec/Decoder.h:77	struct
TextCodec::Latin1Decoder::process	luce-browser-foundation	text_codec	latin1_decoder_process_impl	Libraries/LibTextCodec/Decoder.cpp:738	impl
TextCodec::Latin1Decoder::validate	luce-browser-foundation	text_codec	latin1_decoder_validate_impl	Libraries/LibTextCodec/Decoder.h:80	impl
TextCodec::PDFDocEncodingDecoder	luce-browser-foundation	text_codec	PdfDocEncodingDecoder	Libraries/LibTextCodec/Decoder.h:83	struct
TextCodec::PDFDocEncodingDecoder::process	luce-browser-foundation	text_codec	pdf_doc_encoding_decoder_process_impl	Libraries/LibTextCodec/Decoder.cpp:748	impl
TextCodec::PDFDocEncodingDecoder::validate	luce-browser-foundation	text_codec	pdf_doc_encoding_decoder_validate_impl	Libraries/LibTextCodec/Decoder.h:86	impl
TextCodec::ReplacementDecoder	luce-browser-foundation	text_codec	ReplacementDecoder	Libraries/LibTextCodec/Decoder.h:131	struct
TextCodec::ReplacementDecoder::process	luce-browser-foundation	text_codec	replacement_decoder_process_impl	Libraries/LibTextCodec/Decoder.cpp:1626	impl
TextCodec::ReplacementDecoder::validate	luce-browser-foundation	text_codec	replacement_decoder_validate_impl	Libraries/LibTextCodec/Decoder.h:134	impl
TextCodec::ShiftJISDecoder	luce-browser-foundation	text_codec	ShiftJisDecoder	Libraries/LibTextCodec/Decoder.h:119	struct
TextCodec::ShiftJISDecoder::incomplete_tail_length	luce-browser-foundation	text_codec	shift_jis_decoder_incomplete_tail_length_impl	Libraries/LibTextCodec/Decoder.cpp:591	impl
TextCodec::ShiftJISDecoder::process	luce-browser-foundation	text_codec	shift_jis_decoder_process_impl	Libraries/LibTextCodec/Decoder.cpp:1474	impl
TextCodec::ShiftJISEncoder	luce-browser-foundation	text_codec	ShiftJisEncoder	Libraries/LibTextCodec/Encoder.h:48	struct
TextCodec::ShiftJISEncoder::process	luce-browser-foundation	text_codec	shift_jis_encoder_process_impl	Libraries/LibTextCodec/Encoder.cpp:363	impl
TextCodec::SingleByteDecoder	luce-browser-foundation	text_codec	SingleByteDecoder	Libraries/LibTextCodec/Decoder.h:64	generic struct
TextCodec::SingleByteDecoder::SingleByteDecoder<ArrayType>	luce-browser-foundation	text_codec	single_byte_decoder_construct	Libraries/LibTextCodec/Decoder.h:66	construct
TextCodec::SingleByteDecoder::process	luce-browser-foundation	text_codec	single_byte_decoder_process	Libraries/LibTextCodec/Decoder.cpp:821	stub
TextCodec::SingleByteEncoder	luce-browser-foundation	text_codec	SingleByteEncoder	Libraries/LibTextCodec/Encoder.h:78	generic struct
TextCodec::SingleByteEncoder::SingleByteEncoder<ArrayType>	luce-browser-foundation	text_codec	single_byte_encoder_construct	Libraries/LibTextCodec/Encoder.h:80	construct
TextCodec::SingleByteEncoder::process	luce-browser-foundation	text_codec	single_byte_encoder_process	Libraries/LibTextCodec/Encoder.cpp:642	stub
TextCodec::StreamingDecoder	luce-browser-foundation	text_codec	StreamingDecoder	Libraries/LibTextCodec/Decoder.h:138	struct
TextCodec::StreamingDecoder::StreamingDecoder	luce-browser-foundation	text_codec	streaming_decoder_construct	Libraries/LibTextCodec/Decoder.h:140	construct
TextCodec::StreamingDecoder::finish	luce-browser-foundation	text_codec	streaming_decoder_finish	Libraries/LibTextCodec/Decoder.cpp:685	stub
TextCodec::StreamingDecoder::to_utf8	luce-browser-foundation	text_codec	streaming_decoder_to_utf8	Libraries/LibTextCodec/Decoder.cpp:665	stub
TextCodec::UTF16BEDecoder	luce-browser-foundation	text_codec	Utf16BeDecoder	Libraries/LibTextCodec/Decoder.h:43	struct
TextCodec::UTF16BEDecoder::incomplete_tail_length	luce-browser-foundation	text_codec	utf16_be_decoder_incomplete_tail_length_impl	Libraries/LibTextCodec/Decoder.cpp:416	impl
TextCodec::UTF16BEDecoder::process	luce-browser-foundation	text_codec	utf16_be_decoder_process_impl	Libraries/LibTextCodec/Decoder.h:50	impl
TextCodec::UTF16BEDecoder::to_utf8	luce-browser-foundation	text_codec	utf16_be_decoder_to_utf8_impl	Libraries/LibTextCodec/Decoder.cpp:715	impl
TextCodec::UTF16BEDecoder::validate	luce-browser-foundation	text_codec	utf16_be_decoder_validate_impl	Libraries/LibTextCodec/Decoder.cpp:710	impl
TextCodec::UTF16LEDecoder	luce-browser-foundation	text_codec	Utf16LeDecoder	Libraries/LibTextCodec/Decoder.h:53	struct
TextCodec::UTF16LEDecoder::incomplete_tail_length	luce-browser-foundation	text_codec	utf16_le_decoder_incomplete_tail_length_impl	Libraries/LibTextCodec/Decoder.cpp:421	impl
TextCodec::UTF16LEDecoder::process	luce-browser-foundation	text_codec	utf16_le_decoder_process_impl	Libraries/LibTextCodec/Decoder.h:60	impl
TextCodec::UTF16LEDecoder::to_utf8	luce-browser-foundation	text_codec	utf16_le_decoder_to_utf8_impl	Libraries/LibTextCodec/Decoder.cpp:729	impl
TextCodec::UTF16LEDecoder::validate	luce-browser-foundation	text_codec	utf16_le_decoder_validate_impl	Libraries/LibTextCodec/Decoder.cpp:724	impl
TextCodec::UTF8Decoder	luce-browser-foundation	text_codec	Utf8Decoder	Libraries/LibTextCodec/Decoder.h:35	struct
TextCodec::UTF8Decoder::incomplete_tail_length	luce-browser-foundation	text_codec	utf8_decoder_incomplete_tail_length_impl	Libraries/LibTextCodec/Decoder.cpp:380	impl
TextCodec::UTF8Decoder::process	luce-browser-foundation	text_codec	utf8_decoder_process_impl	Libraries/LibTextCodec/Decoder.cpp:692	impl
TextCodec::UTF8Decoder::to_utf8	luce-browser-foundation	text_codec	utf8_decoder_to_utf8_impl	Libraries/LibTextCodec/Decoder.cpp:705	impl
TextCodec::UTF8Decoder::validate	luce-browser-foundation	text_codec	utf8_decoder_validate_impl	Libraries/LibTextCodec/Decoder.cpp:700	impl
TextCodec::UTF8Encoder	luce-browser-foundation	text_codec	Utf8Encoder	Libraries/LibTextCodec/Encoder.h:24	struct
TextCodec::UTF8Encoder::process	luce-browser-foundation	text_codec	utf8_encoder_process_impl	Libraries/LibTextCodec/Encoder.cpp:142	impl
TextCodec::XUserDefinedDecoder	luce-browser-foundation	text_codec	XUserDefinedDecoder	Libraries/LibTextCodec/Decoder.h:89	struct
TextCodec::XUserDefinedDecoder::process	luce-browser-foundation	text_codec	x_user_defined_decoder_process_impl	Libraries/LibTextCodec/Decoder.cpp:796	impl
TextCodec::XUserDefinedDecoder::validate	luce-browser-foundation	text_codec	x_user_defined_decoder_validate_impl	Libraries/LibTextCodec/Decoder.h:92	impl
TextCodec::bom_sniff_to_decoder	luce-browser-foundation	text_codec	bom_sniff_to_decoder	Libraries/LibTextCodec/Decoder.cpp:263	stub
TextCodec::code_point_big5_index	luce-browser-foundation	text_codec	code_point_big5_index	Build/Libraries/LibTextCodec/LookupTables.h:2907	stub
TextCodec::code_point_euc_kr_index	luce-browser-foundation	text_codec	code_point_euc_kr_index	Build/Libraries/LibTextCodec/LookupTables.h:5546	stub
TextCodec::code_point_gb18030_index	luce-browser-foundation	text_codec	code_point_gb18030_index	Build/Libraries/LibTextCodec/LookupTables.h:1723	stub
TextCodec::code_point_ibm866_index	luce-browser-foundation	text_codec	code_point_ibm866_index	Build/Libraries/LibTextCodec/LookupTables.h:5559	stub
TextCodec::code_point_iso_2022_jp_katakana_index	luce-browser-foundation	text_codec	code_point_iso_2022_jp_katakana_index	Build/Libraries/LibTextCodec/LookupTables.h:5568	stub
TextCodec::code_point_iso_8859_10_index	luce-browser-foundation	text_codec	code_point_iso_8859_10_index	Build/Libraries/LibTextCodec/LookupTables.h:5672	stub
TextCodec::code_point_iso_8859_13_index	luce-browser-foundation	text_codec	code_point_iso_8859_13_index	Build/Libraries/LibTextCodec/LookupTables.h:5685	stub
TextCodec::code_point_iso_8859_14_index	luce-browser-foundation	text_codec	code_point_iso_8859_14_index	Build/Libraries/LibTextCodec/LookupTables.h:5698	stub
TextCodec::code_point_iso_8859_15_index	luce-browser-foundation	text_codec	code_point_iso_8859_15_index	Build/Libraries/LibTextCodec/LookupTables.h:5711	stub
TextCodec::code_point_iso_8859_16_index	luce-browser-foundation	text_codec	code_point_iso_8859_16_index	Build/Libraries/LibTextCodec/LookupTables.h:5724	stub
TextCodec::code_point_iso_8859_2_index	luce-browser-foundation	text_codec	code_point_iso_8859_2_index	Build/Libraries/LibTextCodec/LookupTables.h:5581	stub
TextCodec::code_point_iso_8859_3_index	luce-browser-foundation	text_codec	code_point_iso_8859_3_index	Build/Libraries/LibTextCodec/LookupTables.h:5594	stub
TextCodec::code_point_iso_8859_4_index	luce-browser-foundation	text_codec	code_point_iso_8859_4_index	Build/Libraries/LibTextCodec/LookupTables.h:5607	stub
TextCodec::code_point_iso_8859_5_index	luce-browser-foundation	text_codec	code_point_iso_8859_5_index	Build/Libraries/LibTextCodec/LookupTables.h:5620	stub
TextCodec::code_point_iso_8859_6_index	luce-browser-foundation	text_codec	code_point_iso_8859_6_index	Build/Libraries/LibTextCodec/LookupTables.h:5633	stub
TextCodec::code_point_iso_8859_7_index	luce-browser-foundation	text_codec	code_point_iso_8859_7_index	Build/Libraries/LibTextCodec/LookupTables.h:5646	stub
TextCodec::code_point_iso_8859_8_index	luce-browser-foundation	text_codec	code_point_iso_8859_8_index	Build/Libraries/LibTextCodec/LookupTables.h:5659	stub
TextCodec::code_point_jis0208_index	luce-browser-foundation	text_codec	code_point_jis0208_index	Build/Libraries/LibTextCodec/LookupTables.h:3606	stub
TextCodec::code_point_jis0208_index_skipping_range	luce-browser-foundation	text_codec	code_point_jis0208_index_skipping_range	Libraries/LibTextCodec/Encoder.cpp:338	stub
TextCodec::code_point_jis0212_index	luce-browser-foundation	text_codec	code_point_jis0212_index	Build/Libraries/LibTextCodec/LookupTables.h:4056	stub
TextCodec::code_point_koi8_r_index	luce-browser-foundation	text_codec	code_point_koi8_r_index	Build/Libraries/LibTextCodec/LookupTables.h:5737	stub
TextCodec::code_point_koi8_u_index	luce-browser-foundation	text_codec	code_point_koi8_u_index	Build/Libraries/LibTextCodec/LookupTables.h:5750	stub
TextCodec::code_point_macintosh_index	luce-browser-foundation	text_codec	code_point_macintosh_index	Build/Libraries/LibTextCodec/LookupTables.h:5763	stub
TextCodec::code_point_windows_1250_index	luce-browser-foundation	text_codec	code_point_windows_1250_index	Build/Libraries/LibTextCodec/LookupTables.h:5789	stub
TextCodec::code_point_windows_1251_index	luce-browser-foundation	text_codec	code_point_windows_1251_index	Build/Libraries/LibTextCodec/LookupTables.h:5802	stub
TextCodec::code_point_windows_1252_index	luce-browser-foundation	text_codec	code_point_windows_1252_index	Build/Libraries/LibTextCodec/LookupTables.h:5815	stub
TextCodec::code_point_windows_1253_index	luce-browser-foundation	text_codec	code_point_windows_1253_index	Build/Libraries/LibTextCodec/LookupTables.h:5828	stub
TextCodec::code_point_windows_1254_index	luce-browser-foundation	text_codec	code_point_windows_1254_index	Build/Libraries/LibTextCodec/LookupTables.h:5841	stub
TextCodec::code_point_windows_1255_index	luce-browser-foundation	text_codec	code_point_windows_1255_index	Build/Libraries/LibTextCodec/LookupTables.h:5854	stub
TextCodec::code_point_windows_1256_index	luce-browser-foundation	text_codec	code_point_windows_1256_index	Build/Libraries/LibTextCodec/LookupTables.h:5867	stub
TextCodec::code_point_windows_1257_index	luce-browser-foundation	text_codec	code_point_windows_1257_index	Build/Libraries/LibTextCodec/LookupTables.h:5880	stub
TextCodec::code_point_windows_1258_index	luce-browser-foundation	text_codec	code_point_windows_1258_index	Build/Libraries/LibTextCodec/LookupTables.h:5893	stub
TextCodec::code_point_windows_874_index	luce-browser-foundation	text_codec	code_point_windows_874_index	Build/Libraries/LibTextCodec/LookupTables.h:5776	stub
TextCodec::code_point_x_mac_cyrillic_index	luce-browser-foundation	text_codec	code_point_x_mac_cyrillic_index	Build/Libraries/LibTextCodec/LookupTables.h:5906	stub
TextCodec::convert_input_to_utf8_using_given_decoder_unless_there_is_a_byte_order_mark	luce-browser-foundation	text_codec	convert_input_to_utf8_using_given_decoder_unless_there_is_a_byte_order_mark	Libraries/LibTextCodec/Decoder.cpp:303	stub
TextCodec::decoder_for	luce-browser-foundation	text_codec	decoder_for	Libraries/LibTextCodec/Decoder.cpp:71	stub
TextCodec::decoder_for_exact_name	luce-browser-foundation	text_codec	decoder_for_exact_name	Libraries/LibTextCodec/Decoder.cpp:77	stub
TextCodec::encoder_for	luce-browser-foundation	text_codec	encoder_for	Libraries/LibTextCodec/Encoder.cpp:135	stub
TextCodec::encoder_for_exact_name	luce-browser-foundation	text_codec	encoder_for_exact_name	Libraries/LibTextCodec/Encoder.cpp:59	stub
TextCodec::get_output_encoding	luce-browser-foundation	text_codec	get_output_encoding	Libraries/LibTextCodec/Decoder.cpp:329	stub
TextCodec::get_standardized_encoding	luce-browser-foundation	text_codec	get_standardized_encoding	Libraries/LibTextCodec/Decoder.cpp:166	stub
TextCodec::incomplete_utf16_tail_length	luce-browser-foundation	text_codec	incomplete_utf16_tail_length	Libraries/LibTextCodec/Decoder.cpp:399	stub
TextCodec::index_big5_code_point	luce-browser-foundation	text_codec	index_big5_code_point	Build/Libraries/LibTextCodec/LookupTables.h:2906	stub
TextCodec::index_big5_pointer	luce-browser-foundation	text_codec	index_big5_pointer	Libraries/LibTextCodec/Encoder.cpp:465	stub
TextCodec::index_euc_kr_code_point	luce-browser-foundation	text_codec	index_euc_kr_code_point	Build/Libraries/LibTextCodec/LookupTables.h:5545	stub
TextCodec::index_gb18030_code_point	luce-browser-foundation	text_codec	index_gb18030_code_point	Build/Libraries/LibTextCodec/LookupTables.h:1722	stub
TextCodec::index_gb18030_ranges_code_point	luce-browser-foundation	text_codec	index_gb18030_ranges_code_point	Libraries/LibTextCodec/Decoder.cpp:843	stub
TextCodec::index_gb18030_ranges_pointer	luce-browser-foundation	text_codec	index_gb18030_ranges_pointer	Libraries/LibTextCodec/Encoder.cpp:531	stub
TextCodec::index_ibm866_code_point	luce-browser-foundation	text_codec	index_ibm866_code_point	Build/Libraries/LibTextCodec/LookupTables.h:5558	stub
TextCodec::index_iso_2022_jp_katakana_code_point	luce-browser-foundation	text_codec	index_iso_2022_jp_katakana_code_point	Build/Libraries/LibTextCodec/LookupTables.h:5567	stub
TextCodec::index_iso_8859_10_code_point	luce-browser-foundation	text_codec	index_iso_8859_10_code_point	Build/Libraries/LibTextCodec/LookupTables.h:5671	stub
TextCodec::index_iso_8859_13_code_point	luce-browser-foundation	text_codec	index_iso_8859_13_code_point	Build/Libraries/LibTextCodec/LookupTables.h:5684	stub
TextCodec::index_iso_8859_14_code_point	luce-browser-foundation	text_codec	index_iso_8859_14_code_point	Build/Libraries/LibTextCodec/LookupTables.h:5697	stub
TextCodec::index_iso_8859_15_code_point	luce-browser-foundation	text_codec	index_iso_8859_15_code_point	Build/Libraries/LibTextCodec/LookupTables.h:5710	stub
TextCodec::index_iso_8859_16_code_point	luce-browser-foundation	text_codec	index_iso_8859_16_code_point	Build/Libraries/LibTextCodec/LookupTables.h:5723	stub
TextCodec::index_iso_8859_2_code_point	luce-browser-foundation	text_codec	index_iso_8859_2_code_point	Build/Libraries/LibTextCodec/LookupTables.h:5580	stub
TextCodec::index_iso_8859_3_code_point	luce-browser-foundation	text_codec	index_iso_8859_3_code_point	Build/Libraries/LibTextCodec/LookupTables.h:5593	stub
TextCodec::index_iso_8859_4_code_point	luce-browser-foundation	text_codec	index_iso_8859_4_code_point	Build/Libraries/LibTextCodec/LookupTables.h:5606	stub
TextCodec::index_iso_8859_5_code_point	luce-browser-foundation	text_codec	index_iso_8859_5_code_point	Build/Libraries/LibTextCodec/LookupTables.h:5619	stub
TextCodec::index_iso_8859_6_code_point	luce-browser-foundation	text_codec	index_iso_8859_6_code_point	Build/Libraries/LibTextCodec/LookupTables.h:5632	stub
TextCodec::index_iso_8859_7_code_point	luce-browser-foundation	text_codec	index_iso_8859_7_code_point	Build/Libraries/LibTextCodec/LookupTables.h:5645	stub
TextCodec::index_iso_8859_8_code_point	luce-browser-foundation	text_codec	index_iso_8859_8_code_point	Build/Libraries/LibTextCodec/LookupTables.h:5658	stub
TextCodec::index_jis0208_code_point	luce-browser-foundation	text_codec	index_jis0208_code_point	Build/Libraries/LibTextCodec/LookupTables.h:3605	stub
TextCodec::index_jis0212_code_point	luce-browser-foundation	text_codec	index_jis0212_code_point	Build/Libraries/LibTextCodec/LookupTables.h:4055	stub
TextCodec::index_koi8_r_code_point	luce-browser-foundation	text_codec	index_koi8_r_code_point	Build/Libraries/LibTextCodec/LookupTables.h:5736	stub
TextCodec::index_koi8_u_code_point	luce-browser-foundation	text_codec	index_koi8_u_code_point	Build/Libraries/LibTextCodec/LookupTables.h:5749	stub
TextCodec::index_macintosh_code_point	luce-browser-foundation	text_codec	index_macintosh_code_point	Build/Libraries/LibTextCodec/LookupTables.h:5762	stub
TextCodec::index_shift_jis_pointer	luce-browser-foundation	text_codec	index_shift_jis_pointer	Libraries/LibTextCodec/Encoder.cpp:351	stub
TextCodec::index_windows_1250_code_point	luce-browser-foundation	text_codec	index_windows_1250_code_point	Build/Libraries/LibTextCodec/LookupTables.h:5788	stub
TextCodec::index_windows_1251_code_point	luce-browser-foundation	text_codec	index_windows_1251_code_point	Build/Libraries/LibTextCodec/LookupTables.h:5801	stub
TextCodec::index_windows_1252_code_point	luce-browser-foundation	text_codec	index_windows_1252_code_point	Build/Libraries/LibTextCodec/LookupTables.h:5814	stub
TextCodec::index_windows_1253_code_point	luce-browser-foundation	text_codec	index_windows_1253_code_point	Build/Libraries/LibTextCodec/LookupTables.h:5827	stub
TextCodec::index_windows_1254_code_point	luce-browser-foundation	text_codec	index_windows_1254_code_point	Build/Libraries/LibTextCodec/LookupTables.h:5840	stub
TextCodec::index_windows_1255_code_point	luce-browser-foundation	text_codec	index_windows_1255_code_point	Build/Libraries/LibTextCodec/LookupTables.h:5853	stub
TextCodec::index_windows_1256_code_point	luce-browser-foundation	text_codec	index_windows_1256_code_point	Build/Libraries/LibTextCodec/LookupTables.h:5866	stub
TextCodec::index_windows_1257_code_point	luce-browser-foundation	text_codec	index_windows_1257_code_point	Build/Libraries/LibTextCodec/LookupTables.h:5879	stub
TextCodec::index_windows_1258_code_point	luce-browser-foundation	text_codec	index_windows_1258_code_point	Build/Libraries/LibTextCodec/LookupTables.h:5892	stub
TextCodec::index_windows_874_code_point	luce-browser-foundation	text_codec	index_windows_874_code_point	Build/Libraries/LibTextCodec/LookupTables.h:5775	stub
TextCodec::index_x_mac_cyrillic_code_point	luce-browser-foundation	text_codec	index_x_mac_cyrillic_code_point	Build/Libraries/LibTextCodec/LookupTables.h:5905	stub
TextCodec::is_big5_lead_byte	luce-browser-foundation	text_codec	is_big5_lead_byte	Libraries/LibTextCodec/Decoder.cpp:485	stub
TextCodec::is_big5_trail_byte	luce-browser-foundation	text_codec	is_big5_trail_byte	Libraries/LibTextCodec/Decoder.cpp:490	stub
TextCodec::is_euc_jp_lead_byte	luce-browser-foundation	text_codec	is_euc_jp_lead_byte	Libraries/LibTextCodec/Decoder.cpp:521	stub
TextCodec::is_euc_jp_trail_byte	luce-browser-foundation	text_codec	is_euc_jp_trail_byte	Libraries/LibTextCodec/Decoder.cpp:526	stub
TextCodec::is_euc_kr_lead_byte	luce-browser-foundation	text_codec	is_euc_kr_lead_byte	Libraries/LibTextCodec/Decoder.cpp:617	stub
TextCodec::is_euc_kr_trail_byte	luce-browser-foundation	text_codec	is_euc_kr_trail_byte	Libraries/LibTextCodec/Decoder.cpp:622	stub
TextCodec::is_gb18030_lead_byte	luce-browser-foundation	text_codec	is_gb18030_lead_byte	Libraries/LibTextCodec/Decoder.cpp:426	stub
TextCodec::is_gb18030_two_byte_trail	luce-browser-foundation	text_codec	is_gb18030_two_byte_trail	Libraries/LibTextCodec/Decoder.cpp:431	stub
TextCodec::is_shift_jis_lead_byte	luce-browser-foundation	text_codec	is_shift_jis_lead_byte	Libraries/LibTextCodec/Decoder.cpp:581	stub
TextCodec::is_shift_jis_trail_byte	luce-browser-foundation	text_codec	is_shift_jis_trail_byte	Libraries/LibTextCodec/Decoder.cpp:586	stub
TextCodec::is_utf8_continuation_byte	luce-browser-foundation	text_codec	is_utf8_continuation_byte	Libraries/LibTextCodec/Decoder.cpp:362	stub
TextCodec::isomorphic_decode	luce-browser-foundation	text_codec	isomorphic_decode	Libraries/LibTextCodec/Decoder.cpp:1640	stub
TextCodec::isomorphic_encode	luce-browser-foundation	text_codec	isomorphic_encode	Libraries/LibTextCodec/Encoder.cpp:671	stub
TextCodec::replacement_code_point	luce-browser-foundation	text_codec	replacement_code_point	Libraries/LibTextCodec/Decoder.cpp:21	variable
TextCodec::s_big5_index	luce-browser-foundation	text_codec	s_big5_index	Build/Libraries/LibTextCodec/LookupTables.h:1726	variable
TextCodec::s_big5_index_first_pointer	luce-browser-foundation	text_codec	s_big5_index_first_pointer	Build/Libraries/LibTextCodec/LookupTables.h:1725	variable
TextCodec::s_euc_kr_index	luce-browser-foundation	text_codec	s_euc_kr_index	Build/Libraries/LibTextCodec/LookupTables.h:4058	variable
TextCodec::s_gb18030_index	luce-browser-foundation	text_codec	s_gb18030_index	Build/Libraries/LibTextCodec/LookupTables.h:223	variable
TextCodec::s_gb18030_ranges	luce-browser-foundation	text_codec	s_gb18030_ranges	Build/Libraries/LibTextCodec/LookupTables.h:13	variable
TextCodec::s_ibm866_index	luce-browser-foundation	text_codec	s_ibm866_index	Build/Libraries/LibTextCodec/LookupTables.h:5548	variable
TextCodec::s_iso_2022_jp_katakana_index	luce-browser-foundation	text_codec	s_iso_2022_jp_katakana_index	Build/Libraries/LibTextCodec/LookupTables.h:5561	variable
TextCodec::s_iso_8859_10_index	luce-browser-foundation	text_codec	s_iso_8859_10_index	Build/Libraries/LibTextCodec/LookupTables.h:5661	variable
TextCodec::s_iso_8859_13_index	luce-browser-foundation	text_codec	s_iso_8859_13_index	Build/Libraries/LibTextCodec/LookupTables.h:5674	variable
TextCodec::s_iso_8859_14_index	luce-browser-foundation	text_codec	s_iso_8859_14_index	Build/Libraries/LibTextCodec/LookupTables.h:5687	variable
TextCodec::s_iso_8859_15_index	luce-browser-foundation	text_codec	s_iso_8859_15_index	Build/Libraries/LibTextCodec/LookupTables.h:5700	variable
TextCodec::s_iso_8859_16_index	luce-browser-foundation	text_codec	s_iso_8859_16_index	Build/Libraries/LibTextCodec/LookupTables.h:5713	variable
TextCodec::s_iso_8859_2_index	luce-browser-foundation	text_codec	s_iso_8859_2_index	Build/Libraries/LibTextCodec/LookupTables.h:5570	variable
TextCodec::s_iso_8859_3_index	luce-browser-foundation	text_codec	s_iso_8859_3_index	Build/Libraries/LibTextCodec/LookupTables.h:5583	variable
TextCodec::s_iso_8859_4_index	luce-browser-foundation	text_codec	s_iso_8859_4_index	Build/Libraries/LibTextCodec/LookupTables.h:5596	variable
TextCodec::s_iso_8859_5_index	luce-browser-foundation	text_codec	s_iso_8859_5_index	Build/Libraries/LibTextCodec/LookupTables.h:5609	variable
TextCodec::s_iso_8859_6_index	luce-browser-foundation	text_codec	s_iso_8859_6_index	Build/Libraries/LibTextCodec/LookupTables.h:5622	variable
TextCodec::s_iso_8859_7_index	luce-browser-foundation	text_codec	s_iso_8859_7_index	Build/Libraries/LibTextCodec/LookupTables.h:5635	variable
TextCodec::s_iso_8859_8_index	luce-browser-foundation	text_codec	s_iso_8859_8_index	Build/Libraries/LibTextCodec/LookupTables.h:5648	variable
TextCodec::s_jis0208_index	luce-browser-foundation	text_codec	s_jis0208_index	Build/Libraries/LibTextCodec/LookupTables.h:2909	variable
TextCodec::s_jis0212_index	luce-browser-foundation	text_codec	s_jis0212_index	Build/Libraries/LibTextCodec/LookupTables.h:3609	variable
TextCodec::s_jis0212_index_first_pointer	luce-browser-foundation	text_codec	s_jis0212_index_first_pointer	Build/Libraries/LibTextCodec/LookupTables.h:3608	variable
TextCodec::s_koi8_r_index	luce-browser-foundation	text_codec	s_koi8_r_index	Build/Libraries/LibTextCodec/LookupTables.h:5726	variable
TextCodec::s_koi8_u_index	luce-browser-foundation	text_codec	s_koi8_u_index	Build/Libraries/LibTextCodec/LookupTables.h:5739	variable
TextCodec::s_macintosh_index	luce-browser-foundation	text_codec	s_macintosh_index	Build/Libraries/LibTextCodec/LookupTables.h:5752	variable
TextCodec::s_windows_1250_index	luce-browser-foundation	text_codec	s_windows_1250_index	Build/Libraries/LibTextCodec/LookupTables.h:5778	variable
TextCodec::s_windows_1251_index	luce-browser-foundation	text_codec	s_windows_1251_index	Build/Libraries/LibTextCodec/LookupTables.h:5791	variable
TextCodec::s_windows_1252_index	luce-browser-foundation	text_codec	s_windows_1252_index	Build/Libraries/LibTextCodec/LookupTables.h:5804	variable
TextCodec::s_windows_1253_index	luce-browser-foundation	text_codec	s_windows_1253_index	Build/Libraries/LibTextCodec/LookupTables.h:5817	variable
TextCodec::s_windows_1254_index	luce-browser-foundation	text_codec	s_windows_1254_index	Build/Libraries/LibTextCodec/LookupTables.h:5830	variable
TextCodec::s_windows_1255_index	luce-browser-foundation	text_codec	s_windows_1255_index	Build/Libraries/LibTextCodec/LookupTables.h:5843	variable
TextCodec::s_windows_1256_index	luce-browser-foundation	text_codec	s_windows_1256_index	Build/Libraries/LibTextCodec/LookupTables.h:5856	variable
TextCodec::s_windows_1257_index	luce-browser-foundation	text_codec	s_windows_1257_index	Build/Libraries/LibTextCodec/LookupTables.h:5869	variable
TextCodec::s_windows_1258_index	luce-browser-foundation	text_codec	s_windows_1258_index	Build/Libraries/LibTextCodec/LookupTables.h:5882	variable
TextCodec::s_windows_874_index	luce-browser-foundation	text_codec	s_windows_874_index	Build/Libraries/LibTextCodec/LookupTables.h:5765	variable
TextCodec::s_x_mac_cyrillic_index	luce-browser-foundation	text_codec	s_x_mac_cyrillic_index	Build/Libraries/LibTextCodec/LookupTables.h:5895	variable
TextCodec::utf8_sequence_length	luce-browser-foundation	text_codec	utf8_sequence_length	Libraries/LibTextCodec/Decoder.cpp:367	stub
TiB	luce-browser-foundation	ak	ti_b	AK/Types.h:149	variable
URL::BlobURLEntry	luce-browser-foundation	web_url	BlobUrlEntry	Libraries/LibURL/URL.h:45	struct
URL::BlobURLEntry::Blob	luce-browser-foundation	web_url	BlobUrlEntryBlob	Libraries/LibURL/URL.h:47	struct
URL::BlobURLEntry::Environment	luce-browser-foundation	web_url	BlobUrlEntryEnvironment	Libraries/LibURL/URL.h:58	struct
URL::BlobURLEntry::MediaSource	luce-browser-foundation	web_url	BlobUrlEntryMediaSource	Libraries/LibURL/URL.h:53	struct
URL::ExcludeFragment	luce-browser-foundation	web_url	ExcludeFragment	Libraries/LibURL/URL.h:39	enum
URL::Host	luce-browser-foundation	web_url	Host	Libraries/LibURL/Host.h:21	struct
URL::Host::Host	luce-browser-foundation	web_url	host_construct_host_variant_type	Libraries/LibURL/Host.cpp:15	construct
URL::Host::Host	luce-browser-foundation	web_url	host_construct_string	Libraries/LibURL/Host.cpp:20	construct
URL::Host::get<IPv4Address>	luce-browser-foundation	web_url	host_get_i_pv4_address	Libraries/LibURL/Host.h:34	ported
URL::Host::get<IPv6Address>	luce-browser-foundation	web_url	host_get_i_pv6_address	Libraries/LibURL/Host.h:34	ported
URL::Host::get<String>	luce-browser-foundation	web_url	host_get_string	Libraries/LibURL/Host.h:34	ported
URL::Host::has<IPv4Address>	luce-browser-foundation	web_url	host_has_i_pv4_address	Libraries/LibURL/Host.h:31	ported
URL::Host::has<IPv6Address>	luce-browser-foundation	web_url	host_has_i_pv6_address	Libraries/LibURL/Host.h:31	ported
URL::Host::has<String>	luce-browser-foundation	web_url	host_has_string	Libraries/LibURL/Host.h:31	ported
URL::Host::is_domain	luce-browser-foundation	web_url	host_is_domain	Libraries/LibURL/Host.cpp:147	stub
URL::Host::is_empty_host	luce-browser-foundation	web_url	host_is_empty_host	Libraries/LibURL/Host.cpp:154	stub
URL::Host::operator==	luce-browser-foundation	web_url	host_eq	Libraries/LibURL/Host.h:36	ported
URL::Host::public_suffix	luce-browser-foundation	web_url	host_public_suffix	Libraries/LibURL/Host.cpp:183	stub
URL::Host::registrable_domain	luce-browser-foundation	web_url	host_registrable_domain	Libraries/LibURL/Host.cpp:220	stub
URL::Host::serialize	luce-browser-foundation	web_url	host_serialize	Libraries/LibURL/Host.cpp:161	stub
URL::Host::value	luce-browser-foundation	web_url	host_value	Libraries/LibURL/Host.h:38	stub
URL::Origin	luce-browser-foundation	web_url	Origin	Libraries/LibURL/Origin.h:18	struct
URL::Origin::OpaqueData	luce-browser-foundation	web_url	OriginOpaqueData	Libraries/LibURL/Origin.h:20	struct
URL::Origin::OpaqueData::Type	luce-browser-foundation	web_url	OriginOpaqueDataType	Libraries/LibURL/Origin.h:21	enum
URL::Origin::Origin	luce-browser-foundation	web_url	origin_construct_optional_string	Libraries/LibURL/Origin.cpp:19	construct
URL::Origin::Origin	luce-browser-foundation	web_url	origin_construct_origin_opaque_data	Libraries/LibURL/Origin.h:31	construct
URL::Origin::Origin	luce-browser-foundation	web_url	origin_tuple	Libraries/LibURL/Origin.cpp:19	construct
URL::Origin::Tuple	luce-browser-foundation	web_url	OriginTuple	Libraries/LibURL/Origin.h:70	struct
URL::Origin::create_opaque	luce-browser-foundation	web_url	origin_create_opaque	Libraries/LibURL/Origin.cpp:14	stub
URL::Origin::domain	luce-browser-foundation	web_url	origin_domain	Libraries/LibURL/Origin.h:46	stub
URL::Origin::effective_domain	luce-browser-foundation	web_url	origin_effective_domain	Libraries/LibURL/Origin.cpp:74	stub
URL::Origin::host	luce-browser-foundation	web_url	origin_host	Libraries/LibURL/Origin.h:44	stub
URL::Origin::is_opaque	luce-browser-foundation	web_url	origin_is_opaque	Libraries/LibURL/Origin.h:41	stub
URL::Origin::is_opaque_file_origin	luce-browser-foundation	web_url	origin_is_opaque_file_origin	Libraries/LibURL/Origin.h:67	stub
URL::Origin::is_same_origin	luce-browser-foundation	web_url	origin_is_same_origin	Libraries/LibURL/Origin.cpp:29	stub
URL::Origin::is_same_origin_domain	luce-browser-foundation	web_url	origin_is_same_origin_domain	Libraries/LibURL/Origin.cpp:48	stub
URL::Origin::is_same_site	luce-browser-foundation	web_url	origin_is_same_site	Libraries/LibURL/Origin.cpp:90	stub
URL::Origin::opaque_data	luce-browser-foundation	web_url	origin_opaque_data	Libraries/LibURL/Origin.h:48	stub
URL::Origin::operator==	luce-browser-foundation	web_url	origin_eq	Libraries/LibURL/Origin.h:65	stub
URL::Origin::port	luce-browser-foundation	web_url	origin_port	Libraries/LibURL/Origin.h:45	stub
URL::Origin::scheme	luce-browser-foundation	web_url	origin_scheme	Libraries/LibURL/Origin.h:43	stub
URL::Origin::serialize	luce-browser-foundation	web_url	origin_serialize	Libraries/LibURL/Origin.cpp:107	stub
URL::ParsedIPv4Number	luce-browser-foundation	web_url	ParsedIPv4Number	Libraries/LibURL/Parser.cpp:84	struct
URL::Parser	luce-browser-foundation	web_url	Parser	Libraries/LibURL/Parser.h:40	struct
URL::Parser::State	luce-browser-foundation	web_url	ParserState	Libraries/LibURL/Parser.h:42	enum
URL::Parser::basic_parse	luce-browser-foundation	web_url	parser_basic_parse	Libraries/LibURL/Parser.cpp:709	stub
URL::Parser::parse_host	luce-browser-foundation	web_url	parser_parse_host	Libraries/LibURL/Parser.cpp:534	stub
URL::Parser::percent_encode_after_encoding	luce-browser-foundation	web_url	parser_percent_encode_after_encoding	Libraries/LibURL/Parser.cpp:643	stub
URL::Parser::shorten_urls_path	luce-browser-foundation	web_url	parser_shorten_urls_path	Libraries/LibURL/Parser.cpp:625	stub
URL::Parser::state_name	luce-browser-foundation	web_url	parser_state_name	Libraries/LibURL/Parser.h:48	stub
URL::Pattern::Component	luce-browser-foundation	web_url	Component	Libraries/LibURL/Pattern/Component.h:19	struct
URL::Pattern::Component::ExecutionResult	luce-browser-foundation	web_url	ComponentExecutionResult	Libraries/LibURL/Pattern/Component.h:28	struct
URL::Pattern::Component::Result	luce-browser-foundation	web_url	ComponentResult	Libraries/LibURL/Pattern/Component.h:23	struct
URL::Pattern::Component::compile	luce-browser-foundation	web_url	component_compile	Libraries/LibURL/Pattern/Component.cpp:218	stub
URL::Pattern::Component::create_match_result	luce-browser-foundation	web_url	component_create_match_result	Libraries/LibURL/Pattern/Component.cpp:304	stub
URL::Pattern::Component::execute	luce-browser-foundation	web_url	component_execute	Libraries/LibURL/Pattern/Component.cpp:272	stub
URL::Pattern::Component::matches	luce-browser-foundation	web_url	component_matches	Libraries/LibURL/Pattern/Component.cpp:297	stub
URL::Pattern::ConstructorStringParser	luce-browser-foundation	web_url	ConstructorStringParser	Libraries/LibURL/Pattern/ConstructorStringParser.h:16	struct
URL::Pattern::ConstructorStringParser [default member initializers]	luce-browser-foundation	web_url	constructor_string_parser_init_fields	Libraries/LibURL/Pattern/ConstructorStringParser.h:16	init fields
URL::Pattern::ConstructorStringParser::ConstructorStringParser	luce-browser-foundation	web_url	constructor_string_parser_construct	Libraries/LibURL/Pattern/ConstructorStringParser.cpp:44	construct
URL::Pattern::ConstructorStringParser::State	luce-browser-foundation	web_url	ConstructorStringParserState	Libraries/LibURL/Pattern/ConstructorStringParser.h:24	enum
URL::Pattern::ConstructorStringParser::change_state	luce-browser-foundation	web_url	constructor_string_parser_change_state	Libraries/LibURL/Pattern/ConstructorStringParser.cpp:459	stub
URL::Pattern::ConstructorStringParser::compute_protocol_matches_a_special_scheme_flag	luce-browser-foundation	web_url	constructor_string_parser_compute_protocol_matches_a_special_scheme_flag	Libraries/LibURL/Pattern/ConstructorStringParser.cpp:382	stub
URL::Pattern::ConstructorStringParser::get_a_safe_token	luce-browser-foundation	web_url	constructor_string_parser_get_a_safe_token	Libraries/LibURL/Pattern/ConstructorStringParser.cpp:648	stub
URL::Pattern::ConstructorStringParser::is_a_group_close	luce-browser-foundation	web_url	constructor_string_parser_is_a_group_close	Libraries/LibURL/Pattern/ConstructorStringParser.cpp:623	stub
URL::Pattern::ConstructorStringParser::is_a_group_open	luce-browser-foundation	web_url	constructor_string_parser_is_a_group_open	Libraries/LibURL/Pattern/ConstructorStringParser.cpp:612	stub
URL::Pattern::ConstructorStringParser::is_a_hash_prefix	luce-browser-foundation	web_url	constructor_string_parser_is_a_hash_prefix	Libraries/LibURL/Pattern/ConstructorStringParser.cpp:605	stub
URL::Pattern::ConstructorStringParser::is_a_non_special_pattern_char	luce-browser-foundation	web_url	constructor_string_parser_is_a_non_special_pattern_char	Libraries/LibURL/Pattern/ConstructorStringParser.cpp:669	stub
URL::Pattern::ConstructorStringParser::is_a_password_prefix	luce-browser-foundation	web_url	constructor_string_parser_is_a_password_prefix	Libraries/LibURL/Pattern/ConstructorStringParser.cpp:540	stub
URL::Pattern::ConstructorStringParser::is_a_pathname_start	luce-browser-foundation	web_url	constructor_string_parser_is_a_pathname_start	Libraries/LibURL/Pattern/ConstructorStringParser.cpp:554	stub
URL::Pattern::ConstructorStringParser::is_a_port_prefix	luce-browser-foundation	web_url	constructor_string_parser_is_a_port_prefix	Libraries/LibURL/Pattern/ConstructorStringParser.cpp:547	stub
URL::Pattern::ConstructorStringParser::is_a_protocol_suffix	luce-browser-foundation	web_url	constructor_string_parser_is_a_protocol_suffix	Libraries/LibURL/Pattern/ConstructorStringParser.cpp:598	stub
URL::Pattern::ConstructorStringParser::is_a_search_prefix	luce-browser-foundation	web_url	constructor_string_parser_is_a_search_prefix	Libraries/LibURL/Pattern/ConstructorStringParser.cpp:561	stub
URL::Pattern::ConstructorStringParser::is_an_identity_terminator	luce-browser-foundation	web_url	constructor_string_parser_is_an_identity_terminator	Libraries/LibURL/Pattern/ConstructorStringParser.cpp:533	stub
URL::Pattern::ConstructorStringParser::is_an_ipv6_close	luce-browser-foundation	web_url	constructor_string_parser_is_an_ipv6_close	Libraries/LibURL/Pattern/ConstructorStringParser.cpp:641	stub
URL::Pattern::ConstructorStringParser::is_an_ipv6_open	luce-browser-foundation	web_url	constructor_string_parser_is_an_ipv6_open	Libraries/LibURL/Pattern/ConstructorStringParser.cpp:634	stub
URL::Pattern::ConstructorStringParser::make_a_component_string	luce-browser-foundation	web_url	constructor_string_parser_make_a_component_string	Libraries/LibURL/Pattern/ConstructorStringParser.cpp:359	stub
URL::Pattern::ConstructorStringParser::next_is_authority_slashes	luce-browser-foundation	web_url	constructor_string_parser_next_is_authority_slashes	Libraries/LibURL/Pattern/ConstructorStringParser.cpp:516	stub
URL::Pattern::ConstructorStringParser::parse	luce-browser-foundation	web_url	constructor_string_parser_parse	Libraries/LibURL/Pattern/ConstructorStringParser.cpp:51	stub
URL::Pattern::ConstructorStringParser::result_for_active_state	luce-browser-foundation	web_url	constructor_string_parser_result_for_active_state	Libraries/LibURL/Pattern/ConstructorStringParser.cpp:397	stub
URL::Pattern::ConstructorStringParser::rewind	luce-browser-foundation	web_url	constructor_string_parser_rewind	Libraries/LibURL/Pattern/ConstructorStringParser.cpp:694	stub
URL::Pattern::ConstructorStringParser::rewind_and_set_state	luce-browser-foundation	web_url	constructor_string_parser_rewind_and_set_state	Libraries/LibURL/Pattern/ConstructorStringParser.cpp:704	stub
URL::Pattern::ConstructorStringParser::set_result_for_active_state	luce-browser-foundation	web_url	constructor_string_parser_set_result_for_active_state	Libraries/LibURL/Pattern/ConstructorStringParser.cpp:424	stub
URL::Pattern::ConstructorStringParser::state_to_string	luce-browser-foundation	web_url	constructor_string_parser_state_to_string	Libraries/LibURL/Pattern/ConstructorStringParser.cpp:15	stub
URL::Pattern::ErrorInfo	luce-browser-foundation	web_url	ErrorInfo	Libraries/LibURL/Pattern/PatternError.h:16	struct
URL::Pattern::IgnoreCase	luce-browser-foundation	web_url	IgnoreCase	Libraries/LibURL/Pattern/Pattern.h:38	enum
URL::Pattern::Init	luce-browser-foundation	web_url	Init	Libraries/LibURL/Pattern/Init.h:16	struct
URL::Pattern::Options	luce-browser-foundation	web_url	Options	Libraries/LibURL/Pattern/Options.h:14	struct
URL::Pattern::Options::default_	luce-browser-foundation	web_url	options_default	Libraries/LibURL/Pattern/Options.cpp:12	stub
URL::Pattern::Options::hostname	luce-browser-foundation	web_url	options_hostname	Libraries/LibURL/Pattern/Options.cpp:22	stub
URL::Pattern::Options::pathname	luce-browser-foundation	web_url	options_pathname	Libraries/LibURL/Pattern/Options.cpp:32	stub
URL::Pattern::Part	luce-browser-foundation	web_url	Part	Libraries/LibURL/Pattern/Part.h:15	struct
URL::Pattern::Part::Modifier	luce-browser-foundation	web_url	PartModifier	Libraries/LibURL/Pattern/Part.h:34	enum
URL::Pattern::Part::Part	luce-browser-foundation	web_url	part_construct	Libraries/LibURL/Pattern/Part.cpp:12	construct
URL::Pattern::Part::Part	luce-browser-foundation	web_url	part_construct_string	Libraries/LibURL/Pattern/Part.cpp:19	construct
URL::Pattern::Part::Type	luce-browser-foundation	web_url	PartType	Libraries/LibURL/Pattern/Part.h:17	enum
URL::Pattern::Part::convert_modifier_to_string	luce-browser-foundation	web_url	part_convert_modifier_to_string	Libraries/LibURL/Pattern/Part.cpp:46	stub
URL::Pattern::Part::type_to_string	luce-browser-foundation	web_url	part_type_to_string	Libraries/LibURL/Pattern/Part.cpp:29	stub
URL::Pattern::Pattern	luce-browser-foundation	web_url	Pattern	Libraries/LibURL/Pattern/Pattern.h:44	struct
URL::Pattern::Pattern::create	luce-browser-foundation	web_url	pattern_create	Libraries/LibURL/Pattern/Pattern.cpp:42	stub
URL::Pattern::Pattern::has_regexp_groups	luce-browser-foundation	web_url	pattern_has_regexp_groups	Libraries/LibURL/Pattern/Pattern.cpp:396	stub
URL::Pattern::Pattern::hash_component	luce-browser-foundation	web_url	pattern_hash_component	Libraries/LibURL/Pattern/Pattern.h:59	stub
URL::Pattern::Pattern::hostname_component	luce-browser-foundation	web_url	pattern_hostname_component	Libraries/LibURL/Pattern/Pattern.h:55	stub
URL::Pattern::Pattern::match	luce-browser-foundation	web_url	pattern_match	Libraries/LibURL/Pattern/Pattern.cpp:167	stub
URL::Pattern::Pattern::password_component	luce-browser-foundation	web_url	pattern_password_component	Libraries/LibURL/Pattern/Pattern.h:54	stub
URL::Pattern::Pattern::pathname_component	luce-browser-foundation	web_url	pattern_pathname_component	Libraries/LibURL/Pattern/Pattern.h:57	stub
URL::Pattern::Pattern::port_component	luce-browser-foundation	web_url	pattern_port_component	Libraries/LibURL/Pattern/Pattern.h:56	stub
URL::Pattern::Pattern::protocol_component	luce-browser-foundation	web_url	pattern_protocol_component	Libraries/LibURL/Pattern/Pattern.h:52	stub
URL::Pattern::Pattern::search_component	luce-browser-foundation	web_url	pattern_search_component	Libraries/LibURL/Pattern/Pattern.h:58	stub
URL::Pattern::Pattern::username_component	luce-browser-foundation	web_url	pattern_username_component	Libraries/LibURL/Pattern/Pattern.h:53	stub
URL::Pattern::PatternErrorOr	luce-browser-foundation	web_url	pattern_error	Libraries/LibURL/Pattern/PatternError.h:21	variable
URL::Pattern::PatternErrorOr::release_error	luce-browser-foundation	web_url	pattern_take_error_info	Libraries/LibURL/Pattern/PatternError.h:21	helper
URL::Pattern::PatternParser	luce-browser-foundation	web_url	PatternParser	Libraries/LibURL/Pattern/PatternParser.h:18	struct
URL::Pattern::PatternParser::EncodingCallback	luce-browser-foundation	web_url	EncodingCallback	Libraries/LibURL/Pattern/PatternParser.h:25	type
URL::Pattern::PatternParser::PatternParser	luce-browser-foundation	web_url	pattern_parser_construct	Libraries/LibURL/Pattern/PatternParser.cpp:13	construct
URL::Pattern::PatternParser::add_a_part	luce-browser-foundation	web_url	pattern_parser_add_a_part	Libraries/LibURL/Pattern/PatternParser.cpp:96	stub
URL::Pattern::PatternParser::consume_a_required_token	luce-browser-foundation	web_url	pattern_parser_consume_a_required_token	Libraries/LibURL/Pattern/PatternParser.cpp:20	stub
URL::Pattern::PatternParser::consume_text	luce-browser-foundation	web_url	pattern_parser_consume_text	Libraries/LibURL/Pattern/PatternParser.cpp:35	stub
URL::Pattern::PatternParser::is_a_duplicate_name	luce-browser-foundation	web_url	pattern_parser_is_a_duplicate_name	Libraries/LibURL/Pattern/PatternParser.cpp:82	stub
URL::Pattern::PatternParser::maybe_add_a_part_from_the_pending_fixed_value	luce-browser-foundation	web_url	pattern_parser_maybe_add_a_part_from_the_pending_fixed_value	Libraries/LibURL/Pattern/PatternParser.cpp:62	stub
URL::Pattern::PatternParser::parse	luce-browser-foundation	web_url	pattern_parser_parse	Libraries/LibURL/Pattern/PatternParser.cpp:286	stub
URL::Pattern::PatternParser::try_to_consume_a_modifier_token	luce-browser-foundation	web_url	pattern_parser_try_to_consume_a_modifier_token	Libraries/LibURL/Pattern/PatternParser.cpp:234	stub
URL::Pattern::PatternParser::try_to_consume_a_regexp_or_wildcard_token	luce-browser-foundation	web_url	pattern_parser_try_to_consume_a_regexp_or_wildcard_token	Libraries/LibURL/Pattern/PatternParser.cpp:251	stub
URL::Pattern::PatternParser::try_to_consume_a_token	luce-browser-foundation	web_url	pattern_parser_try_to_consume_a_token	Libraries/LibURL/Pattern/PatternParser.cpp:266	stub
URL::Pattern::PatternProcessType	luce-browser-foundation	web_url	PatternProcessType	Libraries/LibURL/Pattern/Init.h:28	enum
URL::Pattern::RegularExpressionAndNameList	luce-browser-foundation	web_url	RegularExpressionAndNameList	Libraries/LibURL/Pattern/Component.cpp:35	struct
URL::Pattern::Result	luce-browser-foundation	web_url	Result	Libraries/LibURL/Pattern/Pattern.h:24	struct
URL::Pattern::Token	luce-browser-foundation	web_url	Token	Libraries/LibURL/Pattern/Tokenizer.h:16	struct
URL::Pattern::Token [default member initializers]	luce-browser-foundation	web_url	token_init_fields	Libraries/LibURL/Pattern/Tokenizer.h:16	init fields
URL::Pattern::Token::Type	luce-browser-foundation	web_url	TokenType	Libraries/LibURL/Pattern/Tokenizer.h:18	enum
URL::Pattern::Token::to_string	luce-browser-foundation	web_url	token_to_string	Libraries/LibURL/Pattern/Tokenizer.cpp:40	stub
URL::Pattern::Token::type_to_string	luce-browser-foundation	web_url	token_type_to_string	Libraries/LibURL/Pattern/Tokenizer.cpp:13	stub
URL::Pattern::Tokenizer	luce-browser-foundation	web_url	Tokenizer	Libraries/LibURL/Pattern/Tokenizer.h:69	struct
URL::Pattern::Tokenizer::Policy	luce-browser-foundation	web_url	TokenizerPolicy	Libraries/LibURL/Pattern/Tokenizer.h:73	enum
URL::Pattern::Tokenizer::Tokenizer	luce-browser-foundation	web_url	tokenizer_construct	Libraries/LibURL/Pattern/Tokenizer.cpp:45	construct
URL::Pattern::Tokenizer::add_a_token	luce-browser-foundation	web_url	tokenizer_add_a_token	Libraries/LibURL/Pattern/Tokenizer.cpp:375	stub
URL::Pattern::Tokenizer::add_a_token_with_default_length	luce-browser-foundation	web_url	tokenizer_add_a_token_with_default_length	Libraries/LibURL/Pattern/Tokenizer.cpp:397	stub
URL::Pattern::Tokenizer::add_a_token_with_default_position_and_length	luce-browser-foundation	web_url	tokenizer_add_a_token_with_default_position_and_length	Libraries/LibURL/Pattern/Tokenizer.cpp:407	stub
URL::Pattern::Tokenizer::get_the_next_code_point	luce-browser-foundation	web_url	tokenizer_get_the_next_code_point	Libraries/LibURL/Pattern/Tokenizer.cpp:355	stub
URL::Pattern::Tokenizer::is_a_valid_name_code_point	luce-browser-foundation	web_url	tokenizer_is_a_valid_name_code_point	Libraries/LibURL/Pattern/Tokenizer.cpp:430	stub
URL::Pattern::Tokenizer::process_a_tokenizing_error	luce-browser-foundation	web_url	tokenizer_process_a_tokenizing_error	Libraries/LibURL/Pattern/Tokenizer.cpp:414	stub
URL::Pattern::Tokenizer::seek_and_get_the_next_code_point	luce-browser-foundation	web_url	tokenizer_seek_and_get_the_next_code_point	Libraries/LibURL/Pattern/Tokenizer.cpp:365	stub
URL::Pattern::Tokenizer::tokenize	luce-browser-foundation	web_url	tokenizer_tokenize	Libraries/LibURL/Pattern/Tokenizer.cpp:52	stub
URL::Pattern::canonicalize_a_hash	luce-browser-foundation	web_url	pattern_canonicalize_a_hash	Libraries/LibURL/Pattern/Canonicalization.cpp:242	stub
URL::Pattern::canonicalize_a_hostname	luce-browser-foundation	web_url	pattern_canonicalize_a_hostname	Libraries/LibURL/Pattern/Canonicalization.cpp:75	stub
URL::Pattern::canonicalize_a_password	luce-browser-foundation	web_url	pattern_canonicalize_a_password	Libraries/LibURL/Pattern/Canonicalization.cpp:58	stub
URL::Pattern::canonicalize_a_pathname	luce-browser-foundation	web_url	pattern_canonicalize_a_pathname	Libraries/LibURL/Pattern/Canonicalization.cpp:158	stub
URL::Pattern::canonicalize_a_port	luce-browser-foundation	web_url	pattern_canonicalize_a_port	Libraries/LibURL/Pattern/Canonicalization.cpp:128	stub
URL::Pattern::canonicalize_a_protocol	luce-browser-foundation	web_url	pattern_canonicalize_a_protocol	Libraries/LibURL/Pattern/Canonicalization.cpp:21	stub
URL::Pattern::canonicalize_a_search	luce-browser-foundation	web_url	pattern_canonicalize_a_search	Libraries/LibURL/Pattern/Canonicalization.cpp:221	stub
URL::Pattern::canonicalize_a_username	luce-browser-foundation	web_url	pattern_canonicalize_a_username	Libraries/LibURL/Pattern/Canonicalization.cpp:41	stub
URL::Pattern::canonicalize_an_ipv6_hostname	luce-browser-foundation	web_url	pattern_canonicalize_an_ipv6_hostname	Libraries/LibURL/Pattern/Canonicalization.cpp:99	stub
URL::Pattern::canonicalize_an_opaque_pathname	luce-browser-foundation	web_url	pattern_canonicalize_an_opaque_pathname	Libraries/LibURL/Pattern/Canonicalization.cpp:196	stub
URL::Pattern::create_a_dummy_url	luce-browser-foundation	web_url	pattern_create_a_dummy_url	Libraries/LibURL/Pattern/Canonicalization.cpp:13	stub
URL::Pattern::escape_a_pattern_string	luce-browser-foundation	web_url	pattern_escape_a_pattern_string	Libraries/LibURL/Pattern/String.cpp:14	stub
URL::Pattern::escape_a_regexp_string	luce-browser-foundation	web_url	pattern_escape_a_regexp_string	Libraries/LibURL/Pattern/String.cpp:51	stub
URL::Pattern::full_wildcard_regexp_value	luce-browser-foundation	web_url	pattern_full_wildcard_regexp_value	Libraries/LibURL/Pattern/String.h:16	variable
URL::Pattern::generate_a_pattern_string	luce-browser-foundation	web_url	pattern_generate_a_pattern_string	Libraries/LibURL/Pattern/String.cpp:112	stub
URL::Pattern::generate_a_regular_expression_and_name_list	luce-browser-foundation	web_url	pattern_generate_a_regular_expression_and_name_list	Libraries/LibURL/Pattern/Component.cpp:40	stub
URL::Pattern::generate_a_segment_wildcard_regexp	luce-browser-foundation	web_url	pattern_generate_a_segment_wildcard_regexp	Libraries/LibURL/Pattern/String.cpp:94	stub
URL::Pattern::hostname_pattern_is_an_ipv6_address	luce-browser-foundation	web_url	pattern_hostname_pattern_is_an_ipv6_address	Libraries/LibURL/Pattern/Pattern.cpp:16	stub
URL::Pattern::is_an_absolute_pathname	luce-browser-foundation	web_url	pattern_is_an_absolute_pathname	Libraries/LibURL/Pattern/Init.cpp:27	stub
URL::Pattern::process_a_base_url_string	luce-browser-foundation	web_url	pattern_process_a_base_url_string	Libraries/LibURL/Pattern/Init.cpp:15	stub
URL::Pattern::process_a_url_pattern_init	luce-browser-foundation	web_url	pattern_process_a_url_pattern_init	Libraries/LibURL/Pattern/Init.cpp:169	stub
URL::Pattern::process_hash_for_init	luce-browser-foundation	web_url	pattern_process_hash_for_init	Libraries/LibURL/Pattern/Init.cpp:153	stub
URL::Pattern::process_hostname_for_init	luce-browser-foundation	web_url	pattern_process_hostname_for_init	Libraries/LibURL/Pattern/Init.cpp:96	stub
URL::Pattern::process_password_for_init	luce-browser-foundation	web_url	pattern_process_password_for_init	Libraries/LibURL/Pattern/Init.cpp:85	stub
URL::Pattern::process_pathname_for_init	luce-browser-foundation	web_url	pattern_process_pathname_for_init	Libraries/LibURL/Pattern/Init.cpp:118	stub
URL::Pattern::process_port_for_init	luce-browser-foundation	web_url	pattern_process_port_for_init	Libraries/LibURL/Pattern/Init.cpp:107	stub
URL::Pattern::process_protocol_for_init	luce-browser-foundation	web_url	pattern_process_protocol_for_init	Libraries/LibURL/Pattern/Init.cpp:58	stub
URL::Pattern::process_search_for_init	luce-browser-foundation	web_url	pattern_process_search_for_init	Libraries/LibURL/Pattern/Init.cpp:137	stub
URL::Pattern::process_username_for_init	luce-browser-foundation	web_url	pattern_process_username_for_init	Libraries/LibURL/Pattern/Init.cpp:74	stub
URL::Pattern::protocol_component_matches_a_special_scheme	luce-browser-foundation	web_url	pattern_protocol_component_matches_a_special_scheme	Libraries/LibURL/Pattern/Component.cpp:17	stub
URL::PercentEncodeSet	luce-browser-foundation	web_url	PercentEncodeSet	Libraries/LibURL/URL.h:27	enum
URL::PublicSuffixData	luce-browser-foundation	web_url	PublicSuffixData	Build/Libraries/LibURL/PublicSuffixData.h:9	struct
URL::PublicSuffixData::PublicSuffixData	luce-browser-foundation	web_url	public_suffix_data_construct	Build/Libraries/LibURL/PublicSuffixData.h:11	construct
URL::PublicSuffixData::get_public_suffix	luce-browser-foundation	web_url	public_suffix_data_get_public_suffix	Build/Libraries/LibURL/PublicSuffixData.h:26	stub
URL::PublicSuffixData::is_public_suffix	luce-browser-foundation	web_url	public_suffix_data_is_public_suffix	Build/Libraries/LibURL/PublicSuffixData.h:25	stub
URL::PublicSuffixData::s_public_suffixes	luce-browser-foundation	web_url	s_public_suffixes	Build/Libraries/LibURL/PublicSuffixData.cpp:8	variable
URL::PublicSuffixData::the	luce-browser-foundation	web_url	public_suffix_data_the	Build/Libraries/LibURL/PublicSuffixData.h:17	stub
URL::SchemeAndHost	luce-browser-foundation	web_url	SchemeAndHost	Libraries/LibURL/Site.h:17	struct
URL::Site	luce-browser-foundation	web_url	Site	Libraries/LibURL/Site.h:24	struct
URL::Site::Site	luce-browser-foundation	web_url	site_construct	Libraries/LibURL/Site.cpp:29	construct
URL::Site::is_same_site	luce-browser-foundation	web_url	site_is_same_site	Libraries/LibURL/Site.cpp:35	stub
URL::Site::obtain	luce-browser-foundation	web_url	site_obtain	Libraries/LibURL/Site.cpp:12	stub
URL::Site::serialize	luce-browser-foundation	web_url	site_serialize	Libraries/LibURL/Site.cpp:61	stub
URL::SpaceAsPlus	luce-browser-foundation	web_url	SpaceAsPlus	Libraries/LibURL/URL.h:73	enum
URL::URL	luce-browser-foundation	web_url	Url	Libraries/LibURL/URL.h:82	struct
URL::URL::Data	luce-browser-foundation	web_url	UrlData	Libraries/LibURL/URL.h:156	struct
URL::URL::Data::clone	luce-browser-foundation	web_url	url_data_clone	Libraries/LibURL/URL.h:157	stub
URL::URL::URL	luce-browser-foundation	web_url	url_empty	Libraries/LibURL/URL.h:87	construct
URL::URL::about	luce-browser-foundation	web_url	url_about	Libraries/LibURL/URL.cpp:469	stub
URL::URL::append_path	luce-browser-foundation	web_url	url_append_path	Libraries/LibURL/URL.cpp:95	stub
URL::URL::append_slash	luce-browser-foundation	web_url	url_append_slash	Libraries/LibURL/URL.h:124	stub
URL::URL::basename	luce-browser-foundation	web_url	url_basename	Libraries/LibURL/URL.cpp:35	stub
URL::URL::blob_url_entry	luce-browser-foundation	web_url	url_blob_url_entry	Libraries/LibURL/URL.h:150	stub
URL::URL::cannot_have_a_username_or_password_or_port	luce-browser-foundation	web_url	url_cannot_have_a_username_or_password_or_port	Libraries/LibURL/URL.cpp:101	stub
URL::URL::complete_url	luce-browser-foundation	web_url	url_complete_url	Libraries/LibURL/URL.cpp:24	stub
URL::URL::equals	luce-browser-foundation	web_url	url_equals	Libraries/LibURL/URL.cpp:397	stub
URL::URL::file_path	luce-browser-foundation	web_url	url_file_path	Libraries/LibURL/URL.cpp:211	stub
URL::URL::fragment	luce-browser-foundation	web_url	url_fragment	Libraries/LibURL/URL.h:96	stub
URL::URL::has_an_opaque_path	luce-browser-foundation	web_url	url_has_an_opaque_path	Libraries/LibURL/URL.h:105	stub
URL::URL::host	luce-browser-foundation	web_url	url_host	Libraries/LibURL/URL.h:92	stub
URL::URL::includes_credentials	luce-browser-foundation	web_url	url_includes_credentials	Libraries/LibURL/URL.h:109	stub
URL::URL::is_special	luce-browser-foundation	web_url	url_is_special	Libraries/LibURL/URL.h:110	stub
URL::URL::operator==	luce-browser-foundation	web_url	url_eq	Libraries/LibURL/URL.h:143	stub
URL::URL::origin	luce-browser-foundation	web_url	url_origin	Libraries/LibURL/URL.cpp:333	stub
URL::URL::password	luce-browser-foundation	web_url	url_password	Libraries/LibURL/URL.h:91	stub
URL::URL::path_segment_at_index	luce-browser-foundation	web_url	url_path_segment_at_index	Libraries/LibURL/URL.cpp:29	stub
URL::URL::path_segment_count	luce-browser-foundation	web_url	url_path_segment_count	Libraries/LibURL/URL.h:99	stub
URL::URL::paths	luce-browser-foundation	web_url	url_paths	Libraries/LibURL/URL.h:119	stub
URL::URL::port	luce-browser-foundation	web_url	url_port	Libraries/LibURL/URL.h:97	stub
URL::URL::port_or_default	luce-browser-foundation	web_url	url_port_or_default	Libraries/LibURL/URL.h:101	stub
URL::URL::query	luce-browser-foundation	web_url	url_query	Libraries/LibURL/URL.h:95	stub
URL::URL::scheme	luce-browser-foundation	web_url	url_scheme	Libraries/LibURL/URL.h:89	stub
URL::URL::serialize	luce-browser-foundation	web_url	url_serialize	Libraries/LibURL/URL.cpp:222	stub
URL::URL::serialize_for_display	luce-browser-foundation	web_url	url_serialize_for_display	Libraries/LibURL/URL.cpp:284	stub
URL::URL::serialize_path	luce-browser-foundation	web_url	url_serialize_path	Libraries/LibURL/URL.cpp:190	stub
URL::URL::serialized_host	luce-browser-foundation	web_url	url_serialized_host	Libraries/LibURL/URL.cpp:68	stub
URL::URL::set_blob_url_entry	luce-browser-foundation	web_url	url_set_blob_url_entry	Libraries/LibURL/URL.h:151	stub
URL::URL::set_fragment	luce-browser-foundation	web_url	url_set_fragment	Libraries/LibURL/URL.h:121	stub
URL::URL::set_has_an_opaque_path	luce-browser-foundation	web_url	url_set_has_an_opaque_path	Libraries/LibURL/URL.h:122	stub
URL::URL::set_host	luce-browser-foundation	web_url	url_set_host	Libraries/LibURL/URL.cpp:62	stub
URL::URL::set_password	luce-browser-foundation	web_url	url_set_password	Libraries/LibURL/URL.cpp:56	stub
URL::URL::set_paths	luce-browser-foundation	web_url	url_set_paths	Libraries/LibURL/URL.cpp:82	stub
URL::URL::set_port	luce-browser-foundation	web_url	url_set_port	Libraries/LibURL/URL.cpp:73	stub
URL::URL::set_query	luce-browser-foundation	web_url	url_set_query	Libraries/LibURL/URL.h:120	stub
URL::URL::set_raw_paths	luce-browser-foundation	web_url	url_set_raw_paths	Libraries/LibURL/URL.cpp:90	stub
URL::URL::set_scheme	luce-browser-foundation	web_url	url_set_scheme	Libraries/LibURL/URL.cpp:43	stub
URL::URL::set_username	luce-browser-foundation	web_url	url_set_username	Libraries/LibURL/URL.cpp:49	stub
URL::URL::to_byte_string	luce-browser-foundation	web_url	url_to_byte_string	Libraries/LibURL/URL.h:134	stub
URL::URL::to_string	luce-browser-foundation	web_url	url_to_string	Libraries/LibURL/URL.h:135	stub
URL::URL::username	luce-browser-foundation	web_url	url_username	Libraries/LibURL/URL.h:90	stub
URL::about_blank	luce-browser-foundation	web_url	about_blank	Libraries/LibURL/URL.h:217	stub
URL::about_bookmarks	luce-browser-foundation	web_url	about_bookmarks	Libraries/LibURL/URL.h:222	stub
URL::about_error	luce-browser-foundation	web_url	about_error	Libraries/LibURL/URL.h:220	stub
URL::about_newtab	luce-browser-foundation	web_url	about_newtab	Libraries/LibURL/URL.h:221	stub
URL::about_processes	luce-browser-foundation	web_url	about_processes	Libraries/LibURL/URL.h:223	stub
URL::about_settings	luce-browser-foundation	web_url	about_settings	Libraries/LibURL/URL.h:224	stub
URL::about_srcdoc	luce-browser-foundation	web_url	about_srcdoc	Libraries/LibURL/URL.h:218	stub
URL::about_version	luce-browser-foundation	web_url	about_version	Libraries/LibURL/URL.h:225	stub
URL::append_percent_encoded	luce-browser-foundation	web_url	append_percent_encoded	Libraries/LibURL/URL.cpp:404	stub
URL::append_percent_encoded_if_necessary	luce-browser-foundation	web_url	append_percent_encoded_if_necessary	Libraries/LibURL/URL.cpp:449	stub
URL::code_point_is_in_percent_encode_set	luce-browser-foundation	web_url	code_point_is_in_percent_encode_set	Libraries/LibURL/URL.cpp:419	stub
URL::contains_ascii_tab_or_newline	luce-browser-foundation	web_url	contains_ascii_tab_or_newline	Libraries/LibURL/Parser.cpp:689	stub
URL::create_with_data	luce-browser-foundation	web_url	create_with_data	Libraries/LibURL/URL.cpp:153	stub
URL::create_with_file_scheme	luce-browser-foundation	web_url	create_with_file_scheme	Libraries/LibURL/URL.cpp:123	stub
URL::create_with_url_or_path	luce-browser-foundation	web_url	create_with_url_or_path	Libraries/LibURL/URL.cpp:143	stub
URL::default_port_for_scheme	luce-browser-foundation	web_url	default_port_for_scheme	Libraries/LibURL/URL.cpp:108	stub
URL::domain_to_ascii	luce-browser-foundation	web_url	domain_to_ascii	Libraries/LibURL/Parser.cpp:481	stub
URL::end_of_file	luce-browser-foundation	web_url	end_of_file	Libraries/LibURL/Parser.cpp:28	variable
URL::ends_in_a_number_checker	luce-browser-foundation	web_url	ends_in_a_number_checker	Libraries/LibURL/Parser.cpp:449	stub
URL::file_scheme_urls_have_tuple_origins	luce-browser-foundation	web_url	file_scheme_urls_have_tuple_origins	Libraries/LibURL/URL.cpp:327	stub
URL::find_the_ipv6_address_compressed_piece_index	luce-browser-foundation	web_url	find_the_ipv6_address_compressed_piece_index	Libraries/LibURL/Host.cpp:52	stub
URL::get_registrable_domain	luce-browser-foundation	web_url	get_registrable_domain	Libraries/LibURL/URL.cpp:519	stub
URL::is_double_dot_path_segment	luce-browser-foundation	web_url	is_double_dot_path_segment	Libraries/LibURL/Parser.cpp:619	stub
URL::is_forbidden_domain_code_point	luce-browser-foundation	web_url	is_forbidden_domain_code_point	Libraries/LibURL/Parser.cpp:40	stub
URL::is_forbidden_host_code_point	luce-browser-foundation	web_url	is_forbidden_host_code_point	Libraries/LibURL/Parser.cpp:31	stub
URL::is_normalized_windows_drive_letter	luce-browser-foundation	web_url	is_normalized_windows_drive_letter	Libraries/LibURL/Parser.cpp:609	stub
URL::is_public_suffix	luce-browser-foundation	web_url	is_public_suffix	Libraries/LibURL/URL.cpp:513	stub
URL::is_single_dot_path_segment	luce-browser-foundation	web_url	is_single_dot_path_segment	Libraries/LibURL/Parser.cpp:614	stub
URL::is_special_scheme	luce-browser-foundation	web_url	is_special_scheme	Libraries/LibURL/URL.cpp:184	stub
URL::is_url_code_point	luce-browser-foundation	web_url	is_url_code_point	Libraries/LibURL/Parser.cpp:47	stub
URL::is_webui_url	luce-browser-foundation	web_url	is_webui_url	Libraries/LibURL/URL.h:227	stub
URL::is_windows_drive_letter	luce-browser-foundation	web_url	is_windows_drive_letter	Libraries/LibURL/Parser.cpp:604	stub
URL::parse_ipv4_address	luce-browser-foundation	web_url	parse_ipv4_address	Libraries/LibURL/Parser.cpp:140	stub
URL::parse_ipv4_number	luce-browser-foundation	web_url	parse_ipv4_number	Libraries/LibURL/Parser.cpp:90	stub
URL::parse_ipv6_address	luce-browser-foundation	web_url	parse_ipv6_address	Libraries/LibURL/Parser.cpp:220	stub
URL::parse_opaque_host	luce-browser-foundation	web_url	parse_opaque_host	Libraries/LibURL/Parser.cpp:65	stub
URL::percent_decode	luce-browser-foundation	web_url	percent_decode	Libraries/LibURL/URL.cpp:479	stub
URL::percent_encode	luce-browser-foundation	web_url	percent_encode	Libraries/LibURL/URL.cpp:457	stub
URL::remove_ascii_tab_or_newline	luce-browser-foundation	web_url	remove_ascii_tab_or_newline	Libraries/LibURL/Parser.cpp:696	stub
URL::report_validation_error	luce-browser-foundation	web_url	report_validation_error	Libraries/LibURL/Parser.cpp:59	stub
URL::s_file_scheme_urls_have_tuple_origins	luce-browser-foundation	web_url	s_file_scheme_urls_have_tuple_origins	Libraries/LibURL/URL.cpp:22	variable
URL::serialize_ipv4_address	luce-browser-foundation	web_url	serialize_ipv4_address	Libraries/LibURL/Host.cpp:26	stub
URL::serialize_ipv6_address	luce-browser-foundation	web_url	serialize_ipv6_address	Libraries/LibURL/Host.cpp:102	stub
URL::set_file_scheme_urls_have_tuple_origins	luce-browser-foundation	web_url	set_file_scheme_urls_have_tuple_origins	Libraries/LibURL/URL.cpp:321	stub
URL::special_schemes	luce-browser-foundation	web_url	special_schemes	Libraries/LibURL/URL.cpp:170	stub
URL::starts_with_windows_drive_letter	luce-browser-foundation	web_url	starts_with_windows_drive_letter	Libraries/LibURL/Parser.cpp:593	stub
Unicode::ADDITIONAL_NAME	luce-browser-foundation	web_unicode	additional_name	Libraries/LibUnicode/CharacterTypes.cpp:32	variable
Unicode::AsciiGraphemeSegmenter	luce-browser-foundation	web_unicode	AsciiGraphemeSegmenter	Libraries/LibUnicode/Segmenter.cpp:50	struct
Unicode::AsciiGraphemeSegmenter::AsciiGraphemeSegmenter	luce-browser-foundation	web_unicode	ascii_grapheme_segmenter_construct	Libraries/LibUnicode/Segmenter.cpp:52	construct
Unicode::AsciiGraphemeSegmenter::clone	luce-browser-foundation	web_unicode	ascii_grapheme_segmenter_clone_impl	Libraries/LibUnicode/Segmenter.cpp:60	impl
Unicode::AsciiGraphemeSegmenter::current_boundary	luce-browser-foundation	web_unicode	ascii_grapheme_segmenter_current_boundary_impl	Libraries/LibUnicode/Segmenter.cpp:75	impl
Unicode::AsciiGraphemeSegmenter::for_each_boundary	luce-browser-foundation	web_unicode	ascii_grapheme_segmenter_for_each_boundary_string_impl	Libraries/LibUnicode/Segmenter.cpp:98	impl
Unicode::AsciiGraphemeSegmenter::for_each_boundary	luce-browser-foundation	web_unicode	ascii_grapheme_segmenter_for_each_boundary_utf16_view_impl	Libraries/LibUnicode/Segmenter.cpp:104	impl
Unicode::AsciiGraphemeSegmenter::for_each_boundary	luce-browser-foundation	web_unicode	ascii_grapheme_segmenter_for_each_boundary_utf32_view_impl	Libraries/LibUnicode/Segmenter.cpp:110	impl
Unicode::AsciiGraphemeSegmenter::for_each_boundary_impl	luce-browser-foundation	web_unicode	ascii_grapheme_segmenter_for_each_boundary_impl	Libraries/LibUnicode/Segmenter.cpp:122	stub
Unicode::AsciiGraphemeSegmenter::is_current_boundary_word_like	luce-browser-foundation	web_unicode	ascii_grapheme_segmenter_is_current_boundary_word_like_impl	Libraries/LibUnicode/Segmenter.cpp:116	impl
Unicode::AsciiGraphemeSegmenter::next_boundary	luce-browser-foundation	web_unicode	ascii_grapheme_segmenter_next_boundary_impl	Libraries/LibUnicode/Segmenter.cpp:89	impl
Unicode::AsciiGraphemeSegmenter::previous_boundary	luce-browser-foundation	web_unicode	ascii_grapheme_segmenter_previous_boundary_impl	Libraries/LibUnicode/Segmenter.cpp:80	impl
Unicode::AsciiGraphemeSegmenter::set_segmented_text	luce-browser-foundation	web_unicode	ascii_grapheme_segmenter_set_segmented_text_string_impl	Libraries/LibUnicode/Segmenter.cpp:65	impl
Unicode::AsciiGraphemeSegmenter::set_segmented_text	luce-browser-foundation	web_unicode	ascii_grapheme_segmenter_set_segmented_text_utf16_view_impl	Libraries/LibUnicode/Segmenter.cpp:70	impl
Unicode::BidiClass	luce-browser-foundation	web_unicode	BidiClass	Libraries/LibUnicode/CharacterTypes.h:52	enum
Unicode::CodePointRange	luce-browser-foundation	web_unicode	CodePointRange	Libraries/LibUnicode/CharacterTypes.h:92	struct
Unicode::GENERAL_CATEGORY_CASED_LETTER	luce-browser-foundation	web_unicode	general_category_cased_letter	Libraries/LibUnicode/CharacterTypes.cpp:46	variable
Unicode::GENERAL_CATEGORY_LETTER	luce-browser-foundation	web_unicode	general_category_letter	Libraries/LibUnicode/CharacterTypes.cpp:47	variable
Unicode::GENERAL_CATEGORY_LIMIT	luce-browser-foundation	web_unicode	general_category_limit	Libraries/LibUnicode/CharacterTypes.cpp:54	variable
Unicode::GENERAL_CATEGORY_MARK	luce-browser-foundation	web_unicode	general_category_mark	Libraries/LibUnicode/CharacterTypes.cpp:48	variable
Unicode::GENERAL_CATEGORY_NUMBER	luce-browser-foundation	web_unicode	general_category_number	Libraries/LibUnicode/CharacterTypes.cpp:49	variable
Unicode::GENERAL_CATEGORY_OTHER	luce-browser-foundation	web_unicode	general_category_other	Libraries/LibUnicode/CharacterTypes.cpp:53	variable
Unicode::GENERAL_CATEGORY_PUNCTUATION	luce-browser-foundation	web_unicode	general_category_punctuation	Libraries/LibUnicode/CharacterTypes.cpp:50	variable
Unicode::GENERAL_CATEGORY_SEPARATOR	luce-browser-foundation	web_unicode	general_category_separator	Libraries/LibUnicode/CharacterTypes.cpp:52	variable
Unicode::GENERAL_CATEGORY_SYMBOL	luce-browser-foundation	web_unicode	general_category_symbol	Libraries/LibUnicode/CharacterTypes.cpp:51	variable
Unicode::GeneralCategory_decl	luce-browser-foundation	web_unicode	GeneralCategoryDecl	Libraries/LibUnicode/Forward.h:38	struct
Unicode::IDNA::CheckBidi	luce-browser-foundation	web_unicode	CheckBidi	Libraries/LibUnicode/IDNA.h:20	enum
Unicode::IDNA::CheckHyphens	luce-browser-foundation	web_unicode	CheckHyphens	Libraries/LibUnicode/IDNA.h:15	enum
Unicode::IDNA::CheckJoiners	luce-browser-foundation	web_unicode	CheckJoiners	Libraries/LibUnicode/IDNA.h:25	enum
Unicode::IDNA::IgnoreInvalidPunycode	luce-browser-foundation	web_unicode	IgnoreInvalidPunycode	Libraries/LibUnicode/IDNA.h:45	enum
Unicode::IDNA::ToAsciiOptions	luce-browser-foundation	web_unicode	ToAsciiOptions	Libraries/LibUnicode/IDNA.h:50	struct
Unicode::IDNA::ToAsciiOptions [default member initializers]	luce-browser-foundation	web_unicode	to_ascii_options_init_fields	Libraries/LibUnicode/IDNA.h:50	init fields
Unicode::IDNA::TransitionalProcessing	luce-browser-foundation	web_unicode	TransitionalProcessing	Libraries/LibUnicode/IDNA.h:35	enum
Unicode::IDNA::UseStd3AsciiRules	luce-browser-foundation	web_unicode	UseStd3AsciiRules	Libraries/LibUnicode/IDNA.h:30	enum
Unicode::IDNA::VerifyDnsLength	luce-browser-foundation	web_unicode	VerifyDnsLength	Libraries/LibUnicode/IDNA.h:40	enum
Unicode::IDNA::to_ascii	luce-browser-foundation	web_unicode	idna_to_ascii	Libraries/LibUnicode/IDNA.cpp:16	stub
Unicode::Keyword	luce-browser-foundation	web_unicode	Keyword	Libraries/LibUnicode/Locale.h:31	struct
Unicode::LanguageID	luce-browser-foundation	web_unicode	LanguageId	Libraries/LibUnicode/Locale.h:20	struct
Unicode::LanguageID::to_string	luce-browser-foundation	web_unicode	language_id_to_string	Libraries/LibUnicode/Locale.cpp:660	stub
Unicode::LineBreakClass	luce-browser-foundation	web_unicode	LineBreakClass	Libraries/LibUnicode/CharacterTypes.h:80	enum
Unicode::LocaleExtension	luce-browser-foundation	web_unicode	LocaleExtension	Libraries/LibUnicode/Locale.h:36	struct
Unicode::LocaleID	luce-browser-foundation	web_unicode	LocaleId	Libraries/LibUnicode/Locale.h:58	struct
Unicode::LocaleID::for_each_extension_of_type	luce-browser-foundation	web_unicode	locale_id_for_each_extension_of_type	Libraries/LibUnicode/Locale.h:78	stub
Unicode::LocaleID::remove_extension_type	luce-browser-foundation	web_unicode	locale_id_remove_extension_type	Libraries/LibUnicode/Locale.h:62	stub
Unicode::LocaleID::to_string	luce-browser-foundation	web_unicode	locale_id_to_string	Libraries/LibUnicode/Locale.cpp:681	stub
Unicode::NormalizationForm	luce-browser-foundation	web_unicode	NormalizationForm	Libraries/LibUnicode/Normalize.h:15	enum
Unicode::OtherExtension	luce-browser-foundation	web_unicode	OtherExtension	Libraries/LibUnicode/Locale.h:51	struct
Unicode::PROPERTY_ANY	luce-browser-foundation	web_unicode	property_any	Libraries/LibUnicode/CharacterTypes.cpp:183	variable
Unicode::PROPERTY_ASCII	luce-browser-foundation	web_unicode	property_ascii	Libraries/LibUnicode/CharacterTypes.cpp:184	variable
Unicode::PROPERTY_ASSIGNED	luce-browser-foundation	web_unicode	property_assigned	Libraries/LibUnicode/CharacterTypes.cpp:185	variable
Unicode::PROPERTY_LIMIT	luce-browser-foundation	web_unicode	property_limit	Libraries/LibUnicode/CharacterTypes.cpp:186	variable
Unicode::PropertyName	luce-browser-foundation	web_unicode	PropertyName	Libraries/LibUnicode/CharacterTypes.cpp:24	generic struct
Unicode::Property_decl	luce-browser-foundation	web_unicode	PropertyDecl	Libraries/LibUnicode/Forward.h:39	struct
Unicode::Script_decl	luce-browser-foundation	web_unicode	ScriptDecl	Libraries/LibUnicode/Forward.h:40	struct
Unicode::Segmenter	luce-browser-foundation	web_unicode	Segmenter	Libraries/LibUnicode/Segmenter.h:25	struct
Unicode::Segmenter::Inclusive	luce-browser-foundation	web_unicode	SegmenterInclusive	Libraries/LibUnicode/Segmenter.h:43	enum
Unicode::Segmenter::Segmenter	luce-browser-foundation	web_unicode	segmenter_construct	Libraries/LibUnicode/Segmenter.h:58	construct
Unicode::Segmenter::clone	luce-browser-foundation	web_unicode	segmenter_clone_impl	Libraries/LibUnicode/Segmenter.h:36	impl
Unicode::Segmenter::clone [dispatch]	luce-browser-foundation	web_unicode	segmenter_clone	Libraries/LibUnicode/Segmenter.h:25	dispatcher
Unicode::Segmenter::create	luce-browser-foundation	web_unicode	segmenter_create_segmenter_granularity	Libraries/LibUnicode/Segmenter.cpp:311	stub
Unicode::Segmenter::create	luce-browser-foundation	web_unicode	segmenter_create_string_view	Libraries/LibUnicode/Segmenter.cpp:316	stub
Unicode::Segmenter::create_for_ascii_grapheme	luce-browser-foundation	web_unicode	segmenter_create_for_ascii_grapheme	Libraries/LibUnicode/Segmenter.cpp:342	stub
Unicode::Segmenter::current_boundary	luce-browser-foundation	web_unicode	segmenter_current_boundary_impl	Libraries/LibUnicode/Segmenter.h:41	impl
Unicode::Segmenter::current_boundary [dispatch]	luce-browser-foundation	web_unicode	segmenter_current_boundary	Libraries/LibUnicode/Segmenter.h:25	dispatcher
Unicode::Segmenter::for_each_boundary	luce-browser-foundation	web_unicode	segmenter_for_each_boundary_string_impl	Libraries/LibUnicode/Segmenter.h:51	impl
Unicode::Segmenter::for_each_boundary	luce-browser-foundation	web_unicode	segmenter_for_each_boundary_utf16_view_impl	Libraries/LibUnicode/Segmenter.h:52	impl
Unicode::Segmenter::for_each_boundary	luce-browser-foundation	web_unicode	segmenter_for_each_boundary_utf32_view_impl	Libraries/LibUnicode/Segmenter.h:53	impl
Unicode::Segmenter::for_each_boundary [dispatch]	luce-browser-foundation	web_unicode	segmenter_for_each_boundary_string	Libraries/LibUnicode/Segmenter.h:25	dispatcher
Unicode::Segmenter::for_each_boundary [dispatch]	luce-browser-foundation	web_unicode	segmenter_for_each_boundary_utf16_view	Libraries/LibUnicode/Segmenter.h:25	dispatcher
Unicode::Segmenter::for_each_boundary [dispatch]	luce-browser-foundation	web_unicode	segmenter_for_each_boundary_utf32_view	Libraries/LibUnicode/Segmenter.h:25	dispatcher
Unicode::Segmenter::is_current_boundary_word_like	luce-browser-foundation	web_unicode	segmenter_is_current_boundary_word_like_impl	Libraries/LibUnicode/Segmenter.h:55	impl
Unicode::Segmenter::is_current_boundary_word_like [dispatch]	luce-browser-foundation	web_unicode	segmenter_is_current_boundary_word_like	Libraries/LibUnicode/Segmenter.h:25	dispatcher
Unicode::Segmenter::next_boundary	luce-browser-foundation	web_unicode	segmenter_next_boundary_impl	Libraries/LibUnicode/Segmenter.h:48	impl
Unicode::Segmenter::next_boundary [dispatch]	luce-browser-foundation	web_unicode	segmenter_next_boundary	Libraries/LibUnicode/Segmenter.h:25	dispatcher
Unicode::Segmenter::previous_boundary	luce-browser-foundation	web_unicode	segmenter_previous_boundary_impl	Libraries/LibUnicode/Segmenter.h:47	impl
Unicode::Segmenter::previous_boundary [dispatch]	luce-browser-foundation	web_unicode	segmenter_previous_boundary	Libraries/LibUnicode/Segmenter.h:25	dispatcher
Unicode::Segmenter::segmenter_granularity	luce-browser-foundation	web_unicode	segmenter_segmenter_granularity	Libraries/LibUnicode/Segmenter.h:34	stub
Unicode::Segmenter::set_segmented_text	luce-browser-foundation	web_unicode	segmenter_set_segmented_text_string_impl	Libraries/LibUnicode/Segmenter.h:38	impl
Unicode::Segmenter::set_segmented_text	luce-browser-foundation	web_unicode	segmenter_set_segmented_text_utf16_view_impl	Libraries/LibUnicode/Segmenter.h:39	impl
Unicode::Segmenter::set_segmented_text [dispatch]	luce-browser-foundation	web_unicode	segmenter_set_segmented_text_string	Libraries/LibUnicode/Segmenter.h:25	dispatcher
Unicode::Segmenter::set_segmented_text [dispatch]	luce-browser-foundation	web_unicode	segmenter_set_segmented_text_utf16_view	Libraries/LibUnicode/Segmenter.h:25	dispatcher
Unicode::Segmenter::should_continue_beyond_word	luce-browser-foundation	web_unicode	segmenter_should_continue_beyond_word	Libraries/LibUnicode/Segmenter.cpp:347	stub
Unicode::SegmenterGranularity	luce-browser-foundation	web_unicode	SegmenterGranularity	Libraries/LibUnicode/Segmenter.h:16	enum
Unicode::SegmenterImpl	luce-browser-foundation	web_unicode	SegmenterImpl	Libraries/LibUnicode/Segmenter.cpp:134	struct
Unicode::SegmenterImpl::SegmenterImpl	luce-browser-foundation	web_unicode	segmenter_impl_construct	Libraries/LibUnicode/Segmenter.cpp:136	construct
Unicode::SegmenterImpl::align_boundary	luce-browser-foundation	web_unicode	segmenter_impl_align_boundary	Libraries/LibUnicode/Segmenter.cpp:271	stub
Unicode::SegmenterImpl::clone	luce-browser-foundation	web_unicode	segmenter_impl_clone_impl	Libraries/LibUnicode/Segmenter.cpp:144	impl
Unicode::SegmenterImpl::current_boundary	luce-browser-foundation	web_unicode	segmenter_impl_current_boundary_impl	Libraries/LibUnicode/Segmenter.cpp:177	impl
Unicode::SegmenterImpl::for_each_boundary	luce-browser-foundation	web_unicode	segmenter_impl_for_each_boundary_function1	Libraries/LibUnicode/Segmenter.cpp:292	stub
Unicode::SegmenterImpl::for_each_boundary	luce-browser-foundation	web_unicode	segmenter_impl_for_each_boundary_string_impl	Libraries/LibUnicode/Segmenter.cpp:212	impl
Unicode::SegmenterImpl::for_each_boundary	luce-browser-foundation	web_unicode	segmenter_impl_for_each_boundary_utf16_view_impl	Libraries/LibUnicode/Segmenter.cpp:221	impl
Unicode::SegmenterImpl::for_each_boundary	luce-browser-foundation	web_unicode	segmenter_impl_for_each_boundary_utf32_view_impl	Libraries/LibUnicode/Segmenter.cpp:230	impl
Unicode::SegmenterImpl::is_current_boundary_word_like	luce-browser-foundation	web_unicode	segmenter_impl_is_current_boundary_word_like_impl	Libraries/LibUnicode/Segmenter.cpp:254	impl
Unicode::SegmenterImpl::next_boundary	luce-browser-foundation	web_unicode	segmenter_impl_next_boundary_impl	Libraries/LibUnicode/Segmenter.cpp:197	impl
Unicode::SegmenterImpl::previous_boundary	luce-browser-foundation	web_unicode	segmenter_impl_previous_boundary_impl	Libraries/LibUnicode/Segmenter.cpp:182	impl
Unicode::SegmenterImpl::set_segmented_text	luce-browser-foundation	web_unicode	segmenter_impl_set_segmented_text_string_impl	Libraries/LibUnicode/Segmenter.cpp:149	impl
Unicode::SegmenterImpl::set_segmented_text	luce-browser-foundation	web_unicode	segmenter_impl_set_segmented_text_utf16_view_impl	Libraries/LibUnicode/Segmenter.cpp:166	impl
Unicode::Style	luce-browser-foundation	web_unicode	Style	Libraries/LibUnicode/Locale.h:93	enum
Unicode::TransformedExtension	luce-browser-foundation	web_unicode	TransformedExtension	Libraries/LibUnicode/Locale.h:46	struct
Unicode::TransformedField	luce-browser-foundation	web_unicode	TransformedField	Libraries/LibUnicode/Locale.h:41	struct
Unicode::add_likely_subtags	luce-browser-foundation	web_unicode	add_likely_subtags	Libraries/LibUnicode/Locale.cpp:597	stub
Unicode::apply_extensions_to_locale	luce-browser-foundation	web_unicode	apply_extensions_to_locale	Libraries/LibUnicode/Locale.cpp:582	stub
Unicode::bidirectional_class	luce-browser-foundation	web_unicode	bidirectional_class	Libraries/LibUnicode/CharacterTypes.cpp:498	stub
Unicode::canonicalize	luce-browser-foundation	web_unicode	canonicalize	Libraries/LibUnicode/CharacterTypes.cpp:533	stub
Unicode::canonicalize_unicode_extension_values	luce-browser-foundation	web_unicode	canonicalize_unicode_extension_values	Libraries/LibUnicode/Locale.cpp:484	stub
Unicode::canonicalize_unicode_locale_id	luce-browser-foundation	web_unicode	canonicalize_unicode_locale_id	Libraries/LibUnicode/Locale.cpp:479	stub
Unicode::char_direction_to_bidi_class	luce-browser-foundation	web_unicode	char_direction_to_bidi_class	Libraries/LibUnicode/CharacterTypes.cpp:443	stub
Unicode::code_point_has_control_general_category	luce-browser-foundation	web_unicode	code_point_has_control_general_category	Libraries/LibUnicode/CharacterTypes.cpp:143	stub
Unicode::code_point_has_emoji_modifier_base_property	luce-browser-foundation	web_unicode	code_point_has_emoji_modifier_base_property	Libraries/LibUnicode/CharacterTypes.cpp:251	stub
Unicode::code_point_has_emoji_presentation_property	luce-browser-foundation	web_unicode	code_point_has_emoji_presentation_property	Libraries/LibUnicode/CharacterTypes.cpp:256	stub
Unicode::code_point_has_emoji_property	luce-browser-foundation	web_unicode	code_point_has_emoji_property	Libraries/LibUnicode/CharacterTypes.cpp:246	stub
Unicode::code_point_has_general_category	luce-browser-foundation	web_unicode	code_point_has_general_category	Libraries/LibUnicode/CharacterTypes.cpp:115	stub
Unicode::code_point_has_identifier_continue_property	luce-browser-foundation	web_unicode	code_point_has_identifier_continue_property	Libraries/LibUnicode/CharacterTypes.cpp:266	stub
Unicode::code_point_has_identifier_start_property	luce-browser-foundation	web_unicode	code_point_has_identifier_start_property	Libraries/LibUnicode/CharacterTypes.cpp:261	stub
Unicode::code_point_has_letter_general_category	luce-browser-foundation	web_unicode	code_point_has_letter_general_category	Libraries/LibUnicode/CharacterTypes.cpp:148	stub
Unicode::code_point_has_mark_general_category	luce-browser-foundation	web_unicode	code_point_has_mark_general_category	Libraries/LibUnicode/CharacterTypes.cpp:153	stub
Unicode::code_point_has_number_general_category	luce-browser-foundation	web_unicode	code_point_has_number_general_category	Libraries/LibUnicode/CharacterTypes.cpp:158	stub
Unicode::code_point_has_property	luce-browser-foundation	web_unicode	code_point_has_property	Libraries/LibUnicode/CharacterTypes.cpp:216	stub
Unicode::code_point_has_punctuation_general_category	luce-browser-foundation	web_unicode	code_point_has_punctuation_general_category	Libraries/LibUnicode/CharacterTypes.cpp:163	stub
Unicode::code_point_has_regional_indicator_property	luce-browser-foundation	web_unicode	code_point_has_regional_indicator_property	Libraries/LibUnicode/CharacterTypes.cpp:271	stub
Unicode::code_point_has_script	luce-browser-foundation	web_unicode	code_point_has_script	Libraries/LibUnicode/CharacterTypes.cpp:423	stub
Unicode::code_point_has_script_extension	luce-browser-foundation	web_unicode	code_point_has_script_extension	Libraries/LibUnicode/CharacterTypes.cpp:435	stub
Unicode::code_point_has_separator_general_category	luce-browser-foundation	web_unicode	code_point_has_separator_general_category	Libraries/LibUnicode/CharacterTypes.cpp:168	stub
Unicode::code_point_has_space_separator_general_category	luce-browser-foundation	web_unicode	code_point_has_space_separator_general_category	Libraries/LibUnicode/CharacterTypes.cpp:173	stub
Unicode::code_point_has_symbol_general_category	luce-browser-foundation	web_unicode	code_point_has_symbol_general_category	Libraries/LibUnicode/CharacterTypes.cpp:178	stub
Unicode::code_point_has_variation_selector_property	luce-browser-foundation	web_unicode	code_point_has_variation_selector_property	Libraries/LibUnicode/CharacterTypes.cpp:276	stub
Unicode::code_point_has_white_space_property	luce-browser-foundation	web_unicode	code_point_has_white_space_property	Libraries/LibUnicode/CharacterTypes.cpp:281	stub
Unicode::code_point_is_printable	luce-browser-foundation	web_unicode	code_point_is_printable	Libraries/LibUnicode/CharacterTypes.cpp:138	stub
Unicode::code_point_matches_range_ignoring_case	luce-browser-foundation	web_unicode	code_point_matches_range_ignoring_case	Libraries/LibUnicode/CharacterTypes.cpp:612	stub
Unicode::consume_next_segment	luce-browser-foundation	web_unicode	consume_next_segment	Libraries/LibUnicode/Locale.cpp:62	stub
Unicode::default_locale	luce-browser-foundation	web_unicode	default_locale	Libraries/LibUnicode/Locale.cpp:500	stub
Unicode::define_locales_without_scripts	luce-browser-foundation	web_unicode	define_locales_without_scripts	Libraries/LibUnicode/Locale.cpp:505	stub
Unicode::expand_range_case_insensitive	luce-browser-foundation	web_unicode	expand_range_case_insensitive	Libraries/LibUnicode/CharacterTypes.cpp:579	stub
Unicode::for_each_case_folded_code_point	luce-browser-foundation	web_unicode	for_each_case_folded_code_point	Libraries/LibUnicode/CharacterTypes.cpp:594	stub
Unicode::general_category_from_string	luce-browser-foundation	web_unicode	general_category_from_string	Libraries/LibUnicode/CharacterTypes.cpp:59	stub
Unicode::get_icu_mask	luce-browser-foundation	web_unicode	get_icu_mask	Libraries/LibUnicode/CharacterTypes.cpp:93	stub
Unicode::get_property_strings	luce-browser-foundation	web_unicode	get_property_strings	Libraries/LibUnicode/CharacterTypes.cpp:366	stub
Unicode::is_attribute	luce-browser-foundation	web_unicode	is_attribute	Libraries/LibUnicode/Locale.cpp:37	stub
Unicode::is_ecma262_property	luce-browser-foundation	web_unicode	is_ecma262_property	Libraries/LibUnicode/CharacterTypes.cpp:287	stub
Unicode::is_ecma262_string_property	luce-browser-foundation	web_unicode	is_ecma262_string_property	Libraries/LibUnicode/CharacterTypes.cpp:350	stub
Unicode::is_key	luce-browser-foundation	web_unicode	is_key	Libraries/LibUnicode/Locale.cpp:20	stub
Unicode::is_locale_available	luce-browser-foundation	web_unicode	is_locale_available	Libraries/LibUnicode/Locale.cpp:531	stub
Unicode::is_locale_character_ordering_right_to_left	luce-browser-foundation	web_unicode	is_locale_character_ordering_right_to_left	Libraries/LibUnicode/Locale.cpp:651	stub
Unicode::is_single_transformed_value	luce-browser-foundation	web_unicode	is_single_transformed_value	Libraries/LibUnicode/Locale.cpp:53	stub
Unicode::is_single_type	luce-browser-foundation	web_unicode	is_single_type	Libraries/LibUnicode/Locale.cpp:28	stub
Unicode::is_transformed_key	luce-browser-foundation	web_unicode	is_transformed_key	Libraries/LibUnicode/Locale.cpp:45	stub
Unicode::is_type_identifier	luce-browser-foundation	web_unicode	is_type_identifier	Libraries/LibUnicode/Locale.cpp:81	stub
Unicode::is_unicode_language_subtag	luce-browser-foundation	web_unicode	is_unicode_language_subtag	Libraries/LibUnicode/Locale.h:101	stub
Unicode::is_unicode_region_subtag	luce-browser-foundation	web_unicode	is_unicode_region_subtag	Libraries/LibUnicode/Locale.h:117	stub
Unicode::is_unicode_script_subtag	luce-browser-foundation	web_unicode	is_unicode_script_subtag	Libraries/LibUnicode/Locale.h:109	stub
Unicode::is_unicode_variant_subtag	luce-browser-foundation	web_unicode	is_unicode_variant_subtag	Libraries/LibUnicode/Locale.h:127	stub
Unicode::line_break_class	luce-browser-foundation	web_unicode	line_break_class	Libraries/LibUnicode/CharacterTypes.cpp:506	stub
Unicode::normalization_form_from_string	luce-browser-foundation	web_unicode	normalization_form_from_string	Libraries/LibUnicode/Normalize.cpp:16	stub
Unicode::normalization_form_to_string	luce-browser-foundation	web_unicode	normalization_form_to_string	Libraries/LibUnicode/Normalize.cpp:29	stub
Unicode::normalize	luce-browser-foundation	web_unicode	normalize	Libraries/LibUnicode/Normalize.cpp:44	stub
Unicode::parse_extension	luce-browser-foundation	web_unicode	parse_extension	Libraries/LibUnicode/Locale.cpp:367	stub
Unicode::parse_other_extension	luce-browser-foundation	web_unicode	parse_other_extension	Libraries/LibUnicode/Locale.cpp:333	stub
Unicode::parse_private_use_extensions	luce-browser-foundation	web_unicode	parse_private_use_extensions	Libraries/LibUnicode/Locale.cpp:399	stub
Unicode::parse_transformed_extension	luce-browser-foundation	web_unicode	parse_transformed_extension	Libraries/LibUnicode/Locale.cpp:253	stub
Unicode::parse_unicode_language_id	luce-browser-foundation	web_unicode	parse_unicode_language_id_generic_lexer	Libraries/LibUnicode/Locale.cpp:97	stub
Unicode::parse_unicode_language_id	luce-browser-foundation	web_unicode	parse_unicode_language_id_string_view	Libraries/LibUnicode/Locale.cpp:438	stub
Unicode::parse_unicode_locale_extension	luce-browser-foundation	web_unicode	parse_unicode_locale_extension	Libraries/LibUnicode/Locale.cpp:178	stub
Unicode::parse_unicode_locale_id	luce-browser-foundation	web_unicode	parse_unicode_locale_id	Libraries/LibUnicode/Locale.cpp:449	stub
Unicode::property_from_string	luce-browser-foundation	web_unicode	property_from_string	Libraries/LibUnicode/CharacterTypes.cpp:188	stub
Unicode::ranges_equal_ignoring_case	luce-browser-foundation	web_unicode	ranges_equal_ignoring_case	Libraries/LibUnicode/CharacterTypes.h:106	stub
Unicode::remove_likely_subtags	luce-browser-foundation	web_unicode	remove_likely_subtags	Libraries/LibUnicode/Locale.cpp:624	stub
Unicode::s_category_sets_with_case_closure	luce-browser-foundation	web_unicode	s_category_sets_with_case_closure	Libraries/LibUnicode/CharacterTypes.cpp:56	variable
Unicode::s_property_sets_with_case_closure	luce-browser-foundation	web_unicode	s_property_sets_with_case_closure	Libraries/LibUnicode/CharacterTypes.cpp:57	variable
Unicode::script_from_string	luce-browser-foundation	web_unicode	script_from_string	Libraries/LibUnicode/CharacterTypes.cpp:399	stub
Unicode::segmenter_granularity_from_string	luce-browser-foundation	web_unicode	segmenter_granularity_from_string	Libraries/LibUnicode/Segmenter.cpp:20	stub
Unicode::segmenter_granularity_to_string	luce-browser-foundation	web_unicode	segmenter_granularity_to_string	Libraries/LibUnicode/Segmenter.cpp:33	stub
Unicode::style_from_string	luce-browser-foundation	web_unicode	style_from_string	Libraries/LibUnicode/Locale.cpp:557	stub
Unicode::style_to_string	luce-browser-foundation	web_unicode	style_to_string	Libraries/LibUnicode/Locale.cpp:568	stub
VERIFY_UTF16_LENGTH: due to internal optimizations,	luce-browser-foundation	ak	verify_utf16_length	AK/Utf16StringData.cpp:15	ported
Variant<BlobUrlEntryBlob, BlobUrlEntryMediaSource>	luce-browser-foundation	web_url	BlobUrlEntryObject	generated	variant
Variant<ByteBuffer, CoreResource>	luce-browser-foundation	ak	ByteBufferOrCoreResource	generated	variant
Variant<Empty, bool, i64, u64, f64, String, JsonArray, JsonObject>	luce-browser-foundation	ak	JsonValueStorage	generated	variant
Variant<Empty, u16, u32, bool, String>	luce-browser-foundation	ak	JsonBaseValue	generated	variant
Variant<IPv4Address, IPv6Address, String>	luce-browser-foundation	ak	HostVariantType	generated	variant
Variant<JsonBaseValue, VectorJsonBaseValue>	luce-browser-foundation	ak	JsonValue	generated	variant
Variant<LocaleExtension, TransformedExtension, OtherExtension>	luce-browser-foundation	web_unicode	Extension	generated	variant
Variant<Origin, SchemeAndHost>	luce-browser-foundation	web_url	OriginOrSchemeAndHost	generated	variant
Variant<OriginTuple, OriginOpaqueData>	luce-browser-foundation	web_url	OriginTupleOrOriginOpaqueData	generated	variant
Variant<String, Empty>	luce-browser-foundation	ak	StringOrEmpty	generated	variant
Variant<String, Init, Url>	luce-browser-foundation	web_url	StringOrInitOrUrl	generated	variant
Variant<String, Init>	luce-browser-foundation	web_url	Input	generated	variant
Variant<String, StringView>	luce-browser-foundation	ak	StringOrStringView	generated	variant
Variant<String, VectorString>	luce-browser-foundation	ak	KeyPath	generated	variant
Variant<bool, f64, String, Empty>	luce-browser-foundation	ak	BoolOrF64OrStringOrEmpty	generated	variant
Variant<u32, Utf16String>	luce-browser-foundation	ak	U32OrUtf16String	generated	variant
Variant<u32, VectorU32>	luce-browser-foundation	ak	U32OrVectorU32	generated	variant
Variant<u64, i64, f64>	luce-browser-foundation	ak	U64OrI64OrF64	generated	variant
Web::Infra::ASCII_WHITESPACE	luce-browser-foundation	web_infra	ascii_whitespace	Libraries/LibWeb/Infra/CharacterTypes.h:14	variable
Web::Infra::ASCII_WHITESPACE_CODE_POINTS	luce-browser-foundation	web_infra	ascii_whitespace_code_points	Libraries/LibWeb/Infra/CharacterTypes.h:15	variable
Web::Infra::byte_lowercase	luce-browser-foundation	web_infra	byte_lowercase	Libraries/LibWeb/Infra/ByteSequences.cpp:13	stub
Web::Infra::byte_uppercase	luce-browser-foundation	web_infra	byte_uppercase	Libraries/LibWeb/Infra/ByteSequences.cpp:21	stub
Web::Infra::code_unit_less_than	luce-browser-foundation	web_infra	code_unit_less_than	Libraries/LibWeb/Infra/Strings.cpp:160	stub
Web::Infra::convert_to_scalar_value_string	luce-browser-foundation	web_infra	convert_to_scalar_value_string	Libraries/LibWeb/Infra/Strings.cpp:146	stub
Web::Infra::is_ascii_whitespace	luce-browser-foundation	web_infra	is_ascii_whitespace	Libraries/LibWeb/Infra/CharacterTypes.h:18	stub
Web::Infra::is_byte_less_than	luce-browser-foundation	web_infra	is_byte_less_than	Libraries/LibWeb/Infra/ByteSequences.cpp:36	stub
Web::Infra::is_code_unit_prefix	luce-browser-foundation	web_infra	is_code_unit_prefix	Libraries/LibWeb/Infra/Strings.cpp:112	stub
Web::Infra::is_prefix_of	luce-browser-foundation	web_infra	is_prefix_of	Libraries/LibWeb/Infra/ByteSequences.cpp:29	stub
Web::Infra::normalize_newlines	luce-browser-foundation	web_infra	normalize_newlines_string	Libraries/LibWeb/Infra/Strings.cpp:24	stub
Web::Infra::normalize_newlines	luce-browser-foundation	web_infra	normalize_newlines_utf16_string	Libraries/LibWeb/Infra/Strings.cpp:47	stub
Web::Infra::strip_and_collapse_whitespace	luce-browser-foundation	web_infra	strip_and_collapse_whitespace_string_view	Libraries/LibWeb/Infra/Strings.cpp:71	stub
Web::Infra::strip_and_collapse_whitespace	luce-browser-foundation	web_infra	strip_and_collapse_whitespace_utf16_string	Libraries/LibWeb/Infra/Strings.cpp:89	stub
_Block_copy	luce-browser-foundation	ak	block_copy	AK/Function.h:42	stub
_Block_release	luce-browser-foundation	ak	block_release	AK/Function.h:43	stub
__sFILE	luce-browser-foundation	ak	SFile	generated	opaque
ak_assertion_failed	luce-browser-foundation	ak	ak_assertion_failed	AK/Assertions.cpp:177	stub
ak_assertion_handler	luce-browser-foundation	ak	ak_assertion_handler	AK/Assertions.cpp:140	stub
ak_colorize_output	luce-browser-foundation	ak	ak_colorize_output	AK/Assertions.cpp:109	stub
ak_kcalloc	luce-browser-foundation	ak	ak_kcalloc	AK/kmalloc.cpp:169	stub
ak_kfree	luce-browser-foundation	ak	ak_kfree	AK/kmalloc.cpp:189	stub
ak_kmalloc	luce-browser-foundation	ak	ak_kmalloc	AK/kmalloc.cpp:174	stub
ak_kmalloc_good_size	luce-browser-foundation	ak	ak_kmalloc_good_size	AK/kmalloc.cpp:184	stub
ak_krealloc	luce-browser-foundation	ak	ak_krealloc	AK/kmalloc.cpp:179	stub
ak_trap	luce-browser-foundation	ak	ak_trap	AK/Assertions.cpp:130	stub
ak_verification_failed	luce-browser-foundation	ak	ak_verification_failed	AK/Assertions.cpp:164	stub
allocation_needs_explicit_alignment	luce-browser-foundation	ak	allocation_needs_explicit_alignment	AK/kmalloc.cpp:84	stub
c:@E@UCharDirection	luce-browser-foundation	web_unicode	CEUCharDirection	generated	opaque
c:@E@UPropertyNameChoice	luce-browser-foundation	web_unicode	CEUPropertyNameChoice	generated	opaque
c:@EA@clockid_t	luce-browser-foundation	ak	CEaClockidT	generated	opaque
c:@N@simdutf@E@base64_options	luce-browser-foundation	ak	CNSimdutfEBase64Options	generated	opaque
c:@N@simdutf@E@last_chunk_handling_options	luce-browser-foundation	ak	CNSimdutfELastChunkHandlingOptions	generated	opaque
csprng	luce-browser-foundation	ak	csprng	AK/Random.cpp:23	stub
dump_backtrace	luce-browser-foundation	ak	dump_backtrace	AK/Assertions.cpp:46	stub
get_custom_assertion_handler	luce-browser-foundation	ak	get_custom_assertion_handler	AK/Assertions.cpp:144	stub
has_property	luce-browser-foundation	web_unicode	has_property	Libraries/LibUnicode/CharacterTypes.cpp:661	stub
icu_78::BreakIterator	luce-browser-foundation	web_unicode	Icu78BreakIterator	Build/vcpkg_installed/arm64-osx-dynamic/include/unicode/brkiter.h:0	opaque
icu_78::Locale	luce-browser-foundation	web_unicode	Icu78Locale	Build/vcpkg_installed/arm64-osx-dynamic/include/unicode/locid.h:0	opaque
icu_78::UnicodeSet	luce-browser-foundation	web_unicode	Icu78UnicodeSet	Build/vcpkg_installed/arm64-osx-dynamic/include/unicode/uniset.h:0	opaque
kcalloc	luce-browser-foundation	ak	kcalloc	AK/kmalloc.h:28	stub
kfree	luce-browser-foundation	ak	kfree	AK/kmalloc.h:33	stub
kmalloc	luce-browser-foundation	ak	kmalloc	AK/kmalloc.h:38	stub
kmalloc_array	luce-browser-foundation	ak	kmalloc_array	AK/kmalloc.h:56	stub
kmalloc_array	luce-browser-foundation	ak	kmalloc_array_checked	AK/kmalloc.h:63	stub
kmalloc_good_size	luce-browser-foundation	ak	kmalloc_good_size	AK/kmalloc.h:48	stub
krealloc	luce-browser-foundation	ak	krealloc	AK/kmalloc.h:43	stub
ladybird_rust_alloc	luce-browser-foundation	ak	ladybird_rust_alloc	AK/kmalloc.cpp:201	stub
ladybird_rust_alloc_zeroed	luce-browser-foundation	ak	ladybird_rust_alloc_zeroed	AK/kmalloc.cpp:208	stub
ladybird_rust_dealloc	luce-browser-foundation	ak	ladybird_rust_dealloc	AK/kmalloc.cpp:215	stub
ladybird_rust_realloc	luce-browser-foundation	ak	ladybird_rust_realloc	AK/kmalloc.cpp:220	stub
operator""_fly_string	luce-browser-foundation	ak	literalfly_string	AK/FlyString.h:145	ported
operator""_string	luce-browser-foundation	ak	literalstring	AK/String.h:279	ported
operator""_utf16	luce-browser-foundation	ak	literalutf16_u16	AK/Utf16String.h:367	ported
operator""_utf16	luce-browser-foundation	ak	literalutf16_u8	AK/Utf16String.h:353	ported
operator""_utf16_fly_string	luce-browser-foundation	ak	literalutf16_fly_string_u16	AK/Utf16FlyString.h:237	ported
operator""_utf16_fly_string	luce-browser-foundation	ak	literalutf16_fly_string_u8	AK/Utf16FlyString.h:223	ported
operator""sv	luce-browser-foundation	ak	literalsv_u16	AK/Utf16View.h:712	ported
operator""sv	luce-browser-foundation	ak	literalsv_u8	AK/StringView.h:398	ported
optional_string_view_from_ffi	luce-browser-foundation	web_unicode	optional_string_view_from_ffi	Libraries/LibUnicode/CharacterTypes.cpp:654	stub
pair_int_hash	luce-browser-foundation	ak	pair_int_hash	AK/HashFunctions.h:33	stub
ptr_hash	luce-browser-foundation	ak	ptr_hash_usize	AK/HashFunctions.h:38	stub
ptr_hash	luce-browser-foundation	ak	ptr_hash_void	AK/HashFunctions.h:46	stub
regex::ECMAScriptCompileFlags	luce-browser-foundation	web_url	RegexEcmaScriptCompileFlags	Libraries/LibRegex/ECMAScriptRegex.h:25	struct
regex::ECMAScriptRegex	luce-browser-foundation	web_url	RegexEcmaScriptRegex	Libraries/LibRegex/ECMAScriptRegex.h:41	struct
regex::ECMAScriptRegex::capture_slot	luce-browser-foundation	web_url	regex_ecma_script_regex_capture_slot	Libraries/LibRegex/ECMAScriptRegex.h:58	ported
regex::ECMAScriptRegex::compile	luce-browser-foundation	web_url	regex_ecma_script_regex_compile	Libraries/LibRegex/ECMAScriptRegex.h:45	ported
regex::ECMAScriptRegex::exec	luce-browser-foundation	web_url	regex_ecma_script_regex_exec	Libraries/LibRegex/ECMAScriptRegex.h:53	ported
regex::ECMAScriptRegex::test	luce-browser-foundation	web_url	regex_ecma_script_regex_test	Libraries/LibRegex/ECMAScriptRegex.h:61	ported
regex::MatchResult	luce-browser-foundation	web_url	RegexMatchResult	Libraries/LibRegex/ECMAScriptRegex.h:19	enum
resolve_property	luce-browser-foundation	web_unicode	resolve_property	Libraries/LibUnicode/CharacterTypes.cpp:690	stub
string_view_from_ffi	luce-browser-foundation	web_unicode	string_view_from_ffi	Libraries/LibUnicode/CharacterTypes.cpp:648	stub
timespec	luce-browser-foundation	ak	Timespec	generated	opaque
timeval	luce-browser-foundation	ak	Timeval	generated	opaque
u32_hash	luce-browser-foundation	ak	u32_hash	AK/HashFunctions.h:12	stub
u64_hash	luce-browser-foundation	ak	u64_hash	AK/HashFunctions.h:23	stub
unicode_code_point_has_identifier_continue_property	luce-browser-foundation	web_unicode	unicode_code_point_has_identifier_continue_property	Libraries/LibUnicode/CharacterTypes.cpp:844	stub
unicode_code_point_has_identifier_start_property	luce-browser-foundation	web_unicode	unicode_code_point_has_identifier_start_property	Libraries/LibUnicode/CharacterTypes.cpp:839	stub
unicode_code_point_has_space_separator_general_category	luce-browser-foundation	web_unicode	unicode_code_point_has_space_separator_general_category	Libraries/LibUnicode/CharacterTypes.cpp:834	stub
unicode_code_point_matches_range_ignoring_case	luce-browser-foundation	web_unicode	unicode_code_point_matches_range_ignoring_case	Libraries/LibUnicode/CharacterTypes.cpp:925	stub
unicode_get_case_closure	luce-browser-foundation	web_unicode	unicode_get_case_closure	Libraries/LibUnicode/CharacterTypes.cpp:930	stub
unicode_get_string_property_data	luce-browser-foundation	web_unicode	unicode_get_string_property_data	Libraries/LibUnicode/CharacterTypes.cpp:880	stub
unicode_is_string_property	luce-browser-foundation	web_unicode	unicode_is_string_property	Libraries/LibUnicode/CharacterTypes.cpp:849	stub
unicode_is_valid_ecma262_property	luce-browser-foundation	web_unicode	unicode_is_valid_ecma262_property	Libraries/LibUnicode/CharacterTypes.cpp:859	stub
unicode_property_all_case_equivalents_match	luce-browser-foundation	web_unicode	unicode_property_all_case_equivalents_match	Libraries/LibUnicode/CharacterTypes.cpp:788	stub
unicode_property_matches	luce-browser-foundation	web_unicode	unicode_property_matches	Libraries/LibUnicode/CharacterTypes.cpp:757	stub
unicode_property_matches_case_insensitive	luce-browser-foundation	web_unicode	unicode_property_matches_case_insensitive	Libraries/LibUnicode/CharacterTypes.cpp:768	stub
unicode_resolve_property	luce-browser-foundation	web_unicode	unicode_resolve_property	Libraries/LibUnicode/CharacterTypes.cpp:808	stub
unicode_resolved_property_matches	luce-browser-foundation	web_unicode	unicode_resolved_property_matches	Libraries/LibUnicode/CharacterTypes.cpp:819	stub
unicode_simple_case_fold	luce-browser-foundation	web_unicode	unicode_simple_case_fold	Libraries/LibUnicode/CharacterTypes.cpp:920	stub
